State,Crop,Season,Soil_Type,Soil_Quality_Score,Area_Hectares,Production_Tonnes,Yield_Tonnes_Per_Ha,Rainfall_mm,Normal_Rainfall_mm,Rainfall_Deviation_Pct,Temperature_C,Fertiliser_Kg_Ha,Irrigation,Insurance_Claim
Andhra Pradesh,Cotton,Zaid,Black,4,40.21,124.02,3.084,945.1,813.3,16.2,39.2,311.2,0,0
Haryana,Maize,Rabi,Laterite,2,26.71,138.74,5.194,774.0,882.3,-12.27,21.7,62.6,0,0
Karnataka,Pulses,Zaid,Laterite,2,34.38,141.49,4.115,808.3,719.2,12.38,21.2,385.1,0,0
Madhya Pradesh,Sugarcane,Kharif,Red,3,31.33,146.74,4.684,1043.0,1000.3,4.27,21.8,127.7,0,0
Andhra Pradesh,Sugarcane,Rabi,Laterite,2,8.07,22.15,2.746,672.1,822.5,-18.28,29.5,92.5,1,0
West Bengal,Groundnut,Zaid,Red,3,42.32,242.14,5.722,841.9,996.9,-15.55,31.4,379.4,1,0
Punjab,Cotton,Zaid,Alluvial,5,10.19,46.33,4.546,1072.5,889.5,20.57,23.4,340.7,1,0
Andhra Pradesh,Cotton,Rabi,Red,3,46.65,145.03,3.109,1057.4,661.0,59.98,27.9,317.7,1,0
Karnataka,Bajra,Zaid,Red,3,12.9,40.42,3.132,494.9,556.8,-11.1,28.4,86.7,1,0
Madhya Pradesh,Soybean,Zaid,Laterite,2,36.83,205.99,5.593,646.8,1009.7,-35.95,17.4,332.6,0,1
Haryana,Cotton,Kharif,Alluvial,5,14.59,56.64,3.882,764.1,713.1,7.14,25.3,263.2,1,0
Karnataka,Wheat,Kharif,Sandy,1,16.23,73.55,4.532,1003.5,835.4,20.12,22.2,306.2,1,0
Karnataka,Soybean,Kharif,Sandy,1,15.85,48.88,3.085,737.2,759.6,-2.95,16.7,392.3,0,0
Punjab,Wheat,Kharif,Sandy,1,37.52,79.49,2.118,820.7,1051.4,-21.94,27.3,118.1,1,1
Rajasthan,Sugarcane,Kharif,Alluvial,5,28.06,129.59,4.618,1112.6,838.8,32.64,32.1,226.5,1,0
Madhya Pradesh,Soybean,Kharif,Black,4,44.21,178.55,4.039,715.3,643.0,11.26,26.3,313.7,0,0
Maharashtra,Cotton,Rabi,Alluvial,5,15.71,55.11,3.507,1168.3,810.4,44.16,10.6,201.8,0,0
Karnataka,Maize,Kharif,Laterite,2,34.75,143.19,4.12,398.6,1018.7,-60.87,23.3,69.1,1,1
Rajasthan,Groundnut,Zaid,Red,3,37.77,77.11,2.041,701.8,719.5,-2.46,20.6,89.0,1,0
Maharashtra,Wheat,Rabi,Red,3,8.0,39.75,4.97,458.7,615.7,-25.5,36.7,260.7,0,1
Madhya Pradesh,Soybean,Zaid,Laterite,2,20.33,116.71,5.741,829.2,959.5,-13.59,24.0,149.8,1,0
Uttar Pradesh,Cotton,Kharif,Laterite,2,24.4,133.11,5.456,987.7,703.2,40.47,16.3,98.2,1,0
West Bengal,Soybean,Kharif,Red,3,18.11,47.21,2.607,759.7,595.0,27.68,25.7,169.0,0,0
Rajasthan,Cotton,Zaid,Black,4,16.44,49.83,3.03,681.4,708.2,-3.79,29.8,120.3,1,0
Tamil Nadu,Cotton,Zaid,Black,4,34.48,173.84,5.042,460.1,883.3,-47.91,26.6,58.4,1,1
Uttar Pradesh,Cotton,Zaid,Black,4,11.19,44.47,3.976,1220.3,908.0,34.39,21.2,103.1,0,0
West Bengal,Bajra,Rabi,Laterite,2,35.61,133.18,3.74,794.4,901.6,-11.89,23.2,359.1,1,0
Punjab,Groundnut,Kharif,Red,3,46.78,263.55,5.633,687.0,688.2,-0.18,30.6,54.2,0,0
Andhra Pradesh,Maize,Zaid,Red,3,28.48,104.8,3.68,1190.6,977.0,21.86,26.6,320.8,0,0
Haryana,Maize,Kharif,Red,3,30.77,109.98,3.575,712.0,952.5,-25.25,38.2,313.7,0,1
Tamil Nadu,Soybean,Zaid,Alluvial,5,3.91,4.73,1.21,572.4,914.9,-37.43,26.6,247.5,1,1
Punjab,Soybean,Kharif,Alluvial,5,43.29,58.32,1.347,622.4,684.3,-9.04,16.8,123.0,1,0
Madhya Pradesh,Cotton,Rabi,Sandy,1,14.63,15.17,1.037,585.7,752.3,-22.15,24.8,357.3,1,1
Punjab,Bajra,Kharif,Alluvial,5,30.95,172.25,5.566,533.5,892.2,-40.21,22.6,216.3,1,1
Andhra Pradesh,Cotton,Zaid,Black,4,48.97,148.95,3.042,626.6,931.9,-32.76,16.7,110.6,0,1
Madhya Pradesh,Bajra,Kharif,Black,4,29.98,100.21,3.343,1403.7,693.2,102.51,26.8,200.2,1,0
Tamil Nadu,Cotton,Rabi,Black,4,36.37,190.12,5.227,512.5,1107.6,-53.73,23.5,118.2,0,1
Andhra Pradesh,Wheat,Rabi,Black,4,22.54,91.22,4.046,427.0,824.6,-48.22,26.9,181.6,1,1
Maharashtra,Wheat,Kharif,Sandy,1,3.49,14.12,4.048,869.5,987.6,-11.96,37.0,223.8,1,0
Haryana,Sugarcane,Zaid,Black,4,39.98,99.26,2.483,781.0,659.0,18.51,25.2,176.0,0,0
Tamil Nadu,Cotton,Rabi,Laterite,2,2.23,11.54,5.17,965.0,876.3,10.12,32.1,280.0,1,0
Maharashtra,Groundnut,Rabi,Laterite,2,35.18,64.35,1.829,661.5,655.6,0.9,24.9,377.6,1,1
West Bengal,Sugarcane,Kharif,Laterite,2,1.63,2.07,1.266,582.9,868.2,-32.86,28.5,171.9,0,1
Tamil Nadu,Soybean,Rabi,Alluvial,5,43.18,84.56,1.958,1218.4,914.9,33.18,26.7,174.5,1,0
West Bengal,Pulses,Rabi,Red,3,8.3,19.42,2.339,397.1,923.2,-56.99,27.6,308.4,1,1
Madhya Pradesh,Cotton,Zaid,Sandy,1,25.96,62.6,2.412,890.1,734.8,21.14,25.2,235.7,1,0
Maharashtra,Wheat,Zaid,Laterite,2,30.06,130.83,4.353,972.6,572.6,69.84,34.7,200.1,0,0
Haryana,Pulses,Zaid,Laterite,2,23.15,48.36,2.089,1005.4,893.9,12.48,29.8,334.8,1,0
Andhra Pradesh,Bajra,Kharif,Black,4,17.37,76.13,4.383,724.2,785.7,-7.83,26.7,361.9,1,0
Karnataka,Pulses,Rabi,Laterite,2,23.66,34.44,1.456,487.9,785.6,-37.89,31.5,256.7,1,1
Punjab,Groundnut,Kharif,Black,4,15.92,27.63,1.736,1174.9,707.2,66.14,26.8,114.8,1,0
Uttar Pradesh,Cotton,Rabi,Black,4,22.19,78.63,3.544,688.6,837.4,-17.77,32.7,213.2,0,0
Haryana,Maize,Rabi,Red,3,18.27,102.46,5.609,1182.5,844.8,39.97,18.9,226.5,0,0
Maharashtra,Pulses,Rabi,Alluvial,5,28.53,151.13,5.298,892.0,1003.8,-11.13,38.8,201.3,1,0
Karnataka,Maize,Zaid,Black,4,12.28,71.75,5.844,679.0,543.0,25.05,27.0,141.9,0,0
Haryana,Bajra,Kharif,Black,4,49.44,210.23,4.252,898.4,647.1,38.83,19.2,215.3,1,0
Maharashtra,Sugarcane,Kharif,Red,3,25.29,110.76,4.379,1087.7,914.5,18.94,30.5,206.3,0,0
Rajasthan,Maize,Rabi,Black,4,10.11,41.71,4.125,820.5,515.3,59.24,33.8,123.3,0,0
Rajasthan,Sugarcane,Kharif,Sandy,1,24.11,99.21,4.114,615.6,737.1,-16.48,19.9,366.2,0,0
West Bengal,Wheat,Zaid,Alluvial,5,43.39,75.3,1.736,353.1,1201.7,-70.62,23.2,359.9,1,1
Haryana,Cotton,Kharif,Sandy,1,1.58,5.87,3.719,693.9,803.8,-13.67,32.1,315.9,1,0
Rajasthan,Pulses,Rabi,Laterite,2,34.14,100.04,2.93,1001.9,950.4,5.42,29.4,190.3,1,0
Maharashtra,Wheat,Zaid,Alluvial,5,27.62,88.75,3.213,547.4,593.2,-7.72,23.4,179.6,0,0
West Bengal,Wheat,Zaid,Laterite,2,8.89,32.18,3.618,970.3,950.5,2.08,24.5,300.8,0,0
Maharashtra,Jowar,Rabi,Black,4,40.97,67.26,1.642,807.0,788.9,2.3,18.5,262.8,1,0
West Bengal,Rice,Kharif,Red,3,18.76,52.48,2.797,986.4,888.9,10.97,20.1,260.2,1,0
Haryana,Groundnut,Rabi,Sandy,1,15.04,19.82,1.317,215.2,929.0,-76.84,16.0,93.4,0,1
Karnataka,Sugarcane,Kharif,Laterite,2,41.49,244.74,5.898,444.9,768.3,-42.09,23.9,266.4,0,1
Andhra Pradesh,Jowar,Kharif,Black,4,32.11,51.13,1.593,684.4,918.5,-25.49,30.1,365.7,0,1
Tamil Nadu,Rice,Zaid,Sandy,1,44.96,103.09,2.293,1266.6,677.4,86.98,24.4,80.0,1,0
Karnataka,Groundnut,Rabi,Sandy,1,31.68,172.86,5.456,611.4,853.6,-28.37,32.7,168.7,1,1
Madhya Pradesh,Sugarcane,Zaid,Laterite,2,37.17,126.88,3.414,768.3,923.5,-16.81,22.1,228.2,1,0
Maharashtra,Cotton,Rabi,Black,4,41.9,70.32,1.678,1337.7,764.6,74.96,17.1,290.1,0,1
Madhya Pradesh,Groundnut,Rabi,Red,3,3.21,9.38,2.921,907.2,701.1,29.39,32.9,81.4,1,0
Karnataka,Pulses,Zaid,Laterite,2,38.91,61.46,1.579,1014.9,777.1,30.61,28.2,355.5,0,1
West Bengal,Wheat,Rabi,Sandy,1,30.88,61.79,2.001,639.4,1009.0,-36.63,33.4,64.2,0,1
Tamil Nadu,Rice,Rabi,Sandy,1,3.94,4.97,1.26,1094.7,986.0,11.03,24.0,350.2,1,1
Tamil Nadu,Rice,Kharif,Alluvial,5,25.67,81.93,3.191,1132.8,959.6,18.05,35.5,59.7,1,0
Uttar Pradesh,Rice,Rabi,Black,4,4.58,23.06,5.033,925.4,1076.2,-14.01,19.5,103.7,0,0
Tamil Nadu,Sugarcane,Rabi,Alluvial,5,36.93,145.13,3.93,778.5,850.9,-8.51,24.3,330.1,1,0
Andhra Pradesh,Pulses,Zaid,Red,3,27.55,111.08,4.032,939.9,876.4,7.24,28.4,351.1,1,0
Tamil Nadu,Groundnut,Zaid,Laterite,2,47.7,95.54,2.003,393.6,551.1,-28.58,23.2,393.8,0,1
Karnataka,Wheat,Rabi,Sandy,1,9.57,26.01,2.719,1072.2,713.5,50.27,27.4,90.5,1,0
Uttar Pradesh,Pulses,Kharif,Black,4,30.5,159.39,5.226,587.7,926.7,-36.58,33.5,234.3,1,1
Karnataka,Jowar,Kharif,Sandy,1,10.97,15.79,1.439,730.4,980.2,-25.49,28.3,77.0,1,1
Karnataka,Cotton,Zaid,Alluvial,5,30.9,163.43,5.29,1129.4,656.1,72.14,24.9,104.7,1,0
Punjab,Maize,Rabi,Alluvial,5,36.27,123.99,3.418,1074.4,836.0,28.51,33.4,111.1,1,0
Uttar Pradesh,Pulses,Rabi,Laterite,2,36.25,188.0,5.186,394.7,1173.9,-66.38,29.1,72.2,0,1
Karnataka,Jowar,Kharif,Black,4,40.85,105.79,2.59,563.2,836.8,-32.7,26.0,362.5,1,1
Punjab,Wheat,Kharif,Black,4,42.75,115.18,2.694,960.0,1066.7,-10.0,25.5,94.2,1,0
Punjab,Maize,Kharif,Laterite,2,4.32,20.58,4.758,365.1,902.1,-59.52,23.8,270.3,1,1
Uttar Pradesh,Maize,Zaid,Alluvial,5,17.49,86.15,4.925,1154.8,934.2,23.62,31.1,269.0,0,0
Madhya Pradesh,Pulses,Rabi,Alluvial,5,34.51,74.14,2.148,829.5,713.6,16.24,31.3,119.5,1,0
West Bengal,Rice,Zaid,Alluvial,5,25.18,147.66,5.864,1153.2,608.7,89.47,33.6,399.4,1,0
Andhra Pradesh,Soybean,Rabi,Sandy,1,9.94,14.14,1.422,613.8,958.4,-35.96,28.6,171.6,1,1
West Bengal,Wheat,Zaid,Red,3,27.86,37.4,1.343,636.0,896.1,-29.03,22.7,366.8,1,1
Tamil Nadu,Rice,Rabi,Alluvial,5,20.67,82.21,3.978,1058.5,859.1,23.22,28.0,381.9,1,0
Andhra Pradesh,Wheat,Kharif,Red,3,19.81,91.38,4.614,725.9,650.9,11.52,22.6,382.1,0,0
Tamil Nadu,Soybean,Kharif,Red,3,40.58,235.56,5.804,489.8,796.5,-38.51,27.0,313.5,1,1
Karnataka,Cotton,Kharif,Black,4,20.68,62.54,3.025,940.4,757.5,24.14,34.5,138.8,0,0
Maharashtra,Soybean,Zaid,Laterite,2,1.81,2.04,1.126,401.9,772.2,-47.95,33.1,92.2,1,1
Uttar Pradesh,Bajra,Kharif,Sandy,1,3.37,13.55,4.014,1160.5,884.3,31.24,31.4,249.5,1,0
Andhra Pradesh,Pulses,Rabi,Red,3,42.88,105.0,2.448,846.1,955.9,-11.49,25.9,176.0,1,0
Andhra Pradesh,Pulses,Zaid,Sandy,1,48.05,152.06,3.165,577.6,892.9,-35.31,31.4,340.9,1,1
Karnataka,Jowar,Rabi,Black,4,34.58,119.02,3.442,1086.3,879.2,23.56,22.2,310.7,0,0
Madhya Pradesh,Rice,Zaid,Alluvial,5,18.54,24.52,1.323,1090.7,867.0,25.8,17.2,146.8,1,0
Punjab,Jowar,Rabi,Red,3,46.96,161.07,3.43,800.9,823.8,-2.77,27.6,56.0,1,0
Karnataka,Bajra,Rabi,Laterite,2,33.31,104.31,3.132,1368.9,725.4,88.7,23.7,133.1,1,0
Rajasthan,Soybean,Zaid,Black,4,42.29,192.98,4.563,1363.1,857.0,59.05,36.7,248.5,0,0
Punjab,Pulses,Zaid,Sandy,1,38.41,162.41,4.228,880.8,962.1,-8.45,35.8,77.6,1,0
Uttar Pradesh,Sugarcane,Kharif,Alluvial,5,19.27,37.11,1.926,1066.4,832.7,28.06,21.9,280.4,1,0
Punjab,Soybean,Kharif,Sandy,1,24.2,49.13,2.031,1127.2,711.9,58.33,30.2,285.1,0,0
Madhya Pradesh,Soybean,Rabi,Laterite,2,9.71,21.9,2.255,516.3,670.7,-23.02,14.2,109.3,1,1
Punjab,Bajra,Rabi,Red,3,14.95,28.34,1.895,871.7,706.9,23.3,28.0,258.7,1,0
Uttar Pradesh,Cotton,Rabi,Laterite,2,39.02,167.23,4.286,629.5,678.4,-7.21,27.9,262.4,0,0
Madhya Pradesh,Wheat,Zaid,Sandy,1,44.75,267.27,5.972,594.3,1283.7,-53.71,20.0,217.3,1,1
West Bengal,Bajra,Zaid,Sandy,1,36.36,154.92,4.261,830.4,718.3,15.6,27.0,383.6,0,0
Andhra Pradesh,Wheat,Kharif,Laterite,2,23.53,94.89,4.033,849.2,844.2,0.59,20.4,87.9,1,0
Andhra Pradesh,Pulses,Rabi,Laterite,2,4.78,14.58,3.05,397.0,837.0,-52.57,31.1,192.3,1,1
Tamil Nadu,Bajra,Kharif,Laterite,2,3.32,8.51,2.563,885.9,1062.0,-16.58,27.1,359.0,1,0
West Bengal,Wheat,Zaid,Alluvial,5,19.03,105.71,5.555,737.3,914.4,-19.37,35.0,185.2,0,0
West Bengal,Jowar,Zaid,Sandy,1,23.46,137.12,5.845,1149.5,913.7,25.81,16.8,198.6,0,0
Punjab,Bajra,Zaid,Black,4,30.65,106.79,3.484,1090.7,876.2,24.48,20.8,283.9,1,0
Andhra Pradesh,Pulses,Kharif,Alluvial,5,0.82,2.01,2.451,586.0,891.3,-34.25,23.1,282.9,1,1
Uttar Pradesh,Bajra,Zaid,Alluvial,5,49.49,240.06,4.851,1128.2,898.3,25.59,28.9,58.0,1,0
Haryana,Pulses,Rabi,Alluvial,5,18.51,30.78,1.662,934.0,755.9,23.56,27.6,209.5,0,1
Haryana,Bajra,Kharif,Black,4,42.48,205.09,4.828,745.4,712.4,4.64,28.6,166.7,1,0
Madhya Pradesh,Wheat,Zaid,Laterite,2,26.98,137.46,5.095,672.0,858.8,-21.76,22.1,269.7,0,1
Andhra Pradesh,Cotton,Kharif,Sandy,1,6.96,11.3,1.625,513.1,769.5,-33.32,14.6,244.5,1,1
Andhra Pradesh,Groundnut,Kharif,Red,3,39.98,235.25,5.884,495.5,877.7,-43.54,21.4,277.8,0,1
Haryana,Wheat,Zaid,Red,3,35.64,211.24,5.928,343.2,688.1,-50.12,34.4,278.8,1,1
Andhra Pradesh,Rice,Zaid,Sandy,1,26.61,151.23,5.684,805.2,628.9,28.03,22.3,139.2,0,0
Punjab,Maize,Kharif,Black,4,25.97,90.38,3.48,285.0,658.1,-56.7,27.1,136.3,1,1
Rajasthan,Cotton,Kharif,Red,3,4.83,10.77,2.23,583.4,838.9,-30.46,26.4,179.6,0,1
Maharashtra,Jowar,Zaid,Alluvial,5,32.96,128.89,3.91,964.2,607.7,58.68,27.1,134.7,1,0
West Bengal,Soybean,Rabi,Red,3,45.61,141.37,3.1,1173.3,1142.4,2.7,18.0,289.0,1,0
Tamil Nadu,Wheat,Kharif,Sandy,1,5.12,10.38,2.03,512.9,1142.8,-55.12,30.9,261.0,0,1
Madhya Pradesh,Bajra,Kharif,Alluvial,5,13.54,42.23,3.118,952.4,982.8,-3.1,25.4,125.7,0,0
Rajasthan,Wheat,Rabi,Red,3,45.16,195.08,4.319,722.6,794.6,-9.06,39.9,359.4,0,0
Haryana,Sugarcane,Zaid,Sandy,1,14.58,19.74,1.355,670.9,777.5,-13.7,23.8,211.2,0,1
West Bengal,Cotton,Zaid,Black,4,32.87,87.67,2.667,838.7,894.5,-6.24,31.9,94.5,0,0
Andhra Pradesh,Groundnut,Rabi,Sandy,1,26.97,29.37,1.089,636.3,939.5,-32.27,23.7,124.5,1,1
Tamil Nadu,Jowar,Zaid,Black,4,30.02,142.51,4.747,779.0,894.4,-12.91,37.5,238.9,1,0
Andhra Pradesh,Sugarcane,Zaid,Alluvial,5,21.08,88.62,4.203,817.7,653.4,25.15,30.4,168.4,1,0
Uttar Pradesh,Pulses,Kharif,Sandy,1,15.35,20.16,1.313,1090.1,821.5,32.7,18.3,347.9,0,1
Uttar Pradesh,Sugarcane,Kharif,Laterite,2,2.9,16.9,5.824,1144.4,930.0,23.05,34.4,223.2,0,0
Tamil Nadu,Wheat,Kharif,Laterite,2,37.34,41.57,1.113,650.4,495.8,31.18,30.7,370.4,1,1
Tamil Nadu,Jowar,Rabi,Laterite,2,37.43,147.85,3.95,732.5,684.2,7.06,23.2,85.6,1,0
Haryana,Wheat,Zaid,Laterite,2,33.7,164.52,4.882,1001.1,928.9,7.77,16.3,284.0,0,0
Tamil Nadu,Pulses,Zaid,Laterite,2,32.36,159.84,4.939,754.8,803.2,-6.03,33.2,360.0,0,0
Punjab,Soybean,Kharif,Black,4,12.56,14.72,1.171,978.6,803.3,21.82,36.4,152.5,0,1
Andhra Pradesh,Jowar,Kharif,Sandy,1,1.61,8.88,5.532,1025.5,1016.3,0.91,32.7,97.5,0,0
Rajasthan,Soybean,Rabi,Alluvial,5,40.53,226.66,5.592,1054.8,841.9,25.28,31.2,209.8,1,0
Karnataka,Cotton,Zaid,Laterite,2,24.81,94.46,3.807,821.9,779.0,5.52,29.3,386.5,0,0
Tamil Nadu,Cotton,Rabi,Laterite,2,15.69,53.5,3.41,509.1,803.7,-36.65,32.4,271.7,1,1
Madhya Pradesh,Soybean,Zaid,Alluvial,5,5.55,6.79,1.224,758.0,808.7,-6.26,24.4,275.4,1,0
Uttar Pradesh,Cotton,Rabi,Alluvial,5,3.6,13.73,3.81,673.2,724.8,-7.12,15.1,285.0,1,0
Punjab,Jowar,Kharif,Laterite,2,17.77,54.14,3.047,994.3,816.6,21.76,30.6,63.9,0,0
West Bengal,Bajra,Rabi,Black,4,40.33,196.19,4.864,1181.4,679.0,73.98,28.4,206.0,0,0
Karnataka,Rice,Rabi,Alluvial,5,45.98,138.82,3.019,1188.4,800.0,48.55,17.6,77.2,1,0
Rajasthan,Cotton,Kharif,Sandy,1,44.89,198.32,4.418,1021.4,772.6,32.2,12.8,160.6,0,0
Karnataka,Cotton,Zaid,Sandy,1,46.04,69.38,1.507,566.3,884.7,-35.99,26.5,337.6,1,1
Tamil Nadu,Wheat,Zaid,Black,4,45.43,75.63,1.665,1150.8,1077.2,6.83,25.1,279.7,0,1
Haryana,Soybean,Kharif,Red,3,26.6,45.18,1.699,906.6,888.9,1.99,24.6,398.5,1,0
Uttar Pradesh,Maize,Rabi,Black,4,11.36,13.95,1.228,593.8,865.5,-31.39,29.5,110.3,1,1
Uttar Pradesh,Groundnut,Rabi,Laterite,2,40.0,148.28,3.707,1015.5,885.1,14.73,21.5,189.0,1,0
West Bengal,Sugarcane,Rabi,Red,3,11.08,55.06,4.97,744.7,720.6,3.35,30.1,333.4,1,0
Haryana,Cotton,Zaid,Laterite,2,13.73,55.62,4.052,312.6,955.3,-67.28,30.2,125.5,1,1
Andhra Pradesh,Sugarcane,Rabi,Sandy,1,12.05,46.68,3.875,554.9,911.0,-39.08,10.0,103.8,1,1
Maharashtra,Jowar,Zaid,Alluvial,5,25.99,114.44,4.403,783.7,843.3,-7.07,25.6,199.7,0,0
Punjab,Maize,Rabi,Laterite,2,16.43,44.33,2.698,773.8,903.2,-14.33,27.2,184.3,0,0
Uttar Pradesh,Groundnut,Kharif,Sandy,1,8.13,22.85,2.81,533.8,899.1,-40.64,30.5,393.1,0,1
Madhya Pradesh,Soybean,Kharif,Black,4,22.93,58.97,2.571,987.8,899.4,9.82,29.3,209.7,1,0
Uttar Pradesh,Rice,Zaid,Laterite,2,43.76,199.56,4.561,929.9,999.1,-6.93,15.5,351.3,0,0
Karnataka,Groundnut,Zaid,Sandy,1,28.74,51.97,1.808,441.1,736.3,-40.1,26.6,360.8,0,1
Uttar Pradesh,Groundnut,Kharif,Alluvial,5,43.98,46.84,1.065,1458.3,1046.7,39.33,24.4,105.3,0,1
Uttar Pradesh,Rice,Kharif,Laterite,2,10.2,40.59,3.981,496.4,609.6,-18.58,32.4,300.4,1,0
Maharashtra,Bajra,Rabi,Sandy,1,8.77,50.07,5.712,685.6,949.3,-27.78,18.8,147.2,1,1
Maharashtra,Soybean,Kharif,Laterite,2,28.99,117.33,4.047,893.9,875.2,2.14,26.0,83.2,1,0
Rajasthan,Wheat,Zaid,Alluvial,5,23.43,115.17,4.915,686.4,705.6,-2.72,31.2,356.1,0,0
Andhra Pradesh,Sugarcane,Kharif,Laterite,2,33.18,144.79,4.364,1163.6,1004.4,15.85,30.6,152.4,1,0
Madhya Pradesh,Cotton,Zaid,Laterite,2,39.83,138.91,3.487,756.2,578.0,30.83,25.1,170.9,1,0
Uttar Pradesh,Groundnut,Zaid,Sandy,1,37.69,173.07,4.592,569.6,1093.8,-47.93,33.1,163.4,1,1
Uttar Pradesh,Jowar,Rabi,Red,3,47.14,241.39,5.121,953.6,1188.5,-19.76,21.6,120.1,0,0
Punjab,Rice,Rabi,Laterite,2,20.21,42.93,2.124,100.0,825.5,-87.89,30.4,202.1,0,1
Maharashtra,Sugarcane,Rabi,Red,3,10.72,28.73,2.681,933.5,695.8,34.15,31.4,199.9,1,0
Madhya Pradesh,Maize,Rabi,Black,4,27.77,58.83,2.119,1122.5,763.3,47.05,17.8,193.1,1,0
West Bengal,Rice,Kharif,Laterite,2,5.98,19.51,3.261,223.3,996.3,-77.58,33.8,370.7,0,1
Rajasthan,Maize,Rabi,Red,3,14.8,80.28,5.425,699.0,801.6,-12.8,16.1,168.9,1,0
Andhra Pradesh,Soybean,Kharif,Black,4,10.79,29.42,2.726,388.5,409.7,-5.18,28.2,60.6,0,0
Haryana,Groundnut,Rabi,Sandy,1,20.13,57.82,2.872,803.3,907.5,-11.49,23.2,112.5,1,0
Andhra Pradesh,Jowar,Rabi,Laterite,2,6.01,31.84,5.302,1360.9,984.1,38.29,32.1,302.5,1,0
Karnataka,Cotton,Zaid,Sandy,1,2.08,7.43,3.577,857.3,927.1,-7.53,28.0,256.8,0,0
Uttar Pradesh,Maize,Kharif,Black,4,33.01,121.39,3.677,745.4,951.0,-21.62,36.7,383.1,0,1
Rajasthan,Sugarcane,Zaid,Sandy,1,30.71,162.87,5.304,100.0,1090.7,-90.83,32.8,293.1,1,1
Karnataka,Bajra,Rabi,Sandy,1,35.56,122.79,3.453,523.5,818.3,-36.03,26.8,118.0,1,1
Madhya Pradesh,Soybean,Kharif,Alluvial,5,33.19,146.29,4.408,766.7,1107.7,-30.78,33.2,92.2,0,1
Haryana,Bajra,Rabi,Black,4,6.16,8.79,1.428,823.3,826.8,-0.43,25.4,232.3,0,1
Maharashtra,Soybean,Zaid,Sandy,1,14.91,28.22,1.893,885.8,1019.0,-13.07,19.5,282.8,1,1
Rajasthan,Wheat,Kharif,Red,3,6.91,20.89,3.022,992.0,828.6,19.72,23.3,108.0,0,0
Rajasthan,Sugarcane,Zaid,Black,4,42.23,146.71,3.474,573.6,1155.7,-50.37,25.3,260.6,0,1
Uttar Pradesh,Bajra,Rabi,Alluvial,5,37.47,218.41,5.829,810.0,947.2,-14.48,10.0,352.8,1,0
Tamil Nadu,Jowar,Rabi,Laterite,2,10.48,61.32,5.853,675.9,835.6,-19.11,34.3,304.6,0,0
Rajasthan,Groundnut,Rabi,Sandy,1,17.39,91.43,5.256,565.4,670.1,-15.62,25.4,282.5,0,0
Punjab,Rice,Kharif,Red,3,48.35,124.64,2.578,582.0,880.9,-33.93,31.8,326.3,1,1
Haryana,Cotton,Zaid,Alluvial,5,29.91,174.09,5.82,935.2,727.1,28.62,27.0,86.4,1,0
Haryana,Groundnut,Zaid,Black,4,40.16,178.57,4.447,158.9,916.1,-82.65,16.8,121.3,0,1
Punjab,Groundnut,Rabi,Sandy,1,13.6,40.31,2.965,336.2,948.8,-64.56,26.5,63.3,1,1
West Bengal,Soybean,Zaid,Alluvial,5,10.9,49.13,4.508,1591.8,1006.1,58.22,25.3,100.7,1,0
Punjab,Jowar,Kharif,Alluvial,5,39.3,42.55,1.083,633.9,930.7,-31.89,21.9,369.6,1,1
Punjab,Soybean,Rabi,Red,3,34.45,59.63,1.731,1167.2,862.0,35.41,23.7,127.8,1,0
Haryana,Pulses,Rabi,Laterite,2,34.21,176.12,5.148,783.8,1048.7,-25.26,26.2,281.7,0,1
Andhra Pradesh,Maize,Rabi,Laterite,2,27.86,117.77,4.228,659.6,1066.1,-38.13,11.3,292.0,0,1
Haryana,Cotton,Kharif,Laterite,2,28.4,80.11,2.821,964.3,692.1,39.33,28.2,275.9,1,0
Tamil Nadu,Maize,Rabi,Black,4,36.92,129.33,3.503,820.1,1114.3,-26.4,29.6,243.9,1,1
Uttar Pradesh,Rice,Rabi,Alluvial,5,13.87,76.61,5.526,755.2,1034.4,-26.99,29.0,220.1,1,1
Karnataka,Pulses,Rabi,Black,4,17.96,74.68,4.158,789.0,722.0,9.28,24.3,197.0,0,0
Andhra Pradesh,Sugarcane,Rabi,Alluvial,5,43.65,130.53,2.991,898.5,568.1,58.15,37.8,370.9,0,0
Maharashtra,Rice,Zaid,Red,3,15.79,25.29,1.602,627.9,1030.7,-39.07,29.1,53.3,1,1
Karnataka,Rice,Rabi,Red,3,27.54,67.99,2.469,679.5,880.9,-22.86,23.5,68.7,1,1
Uttar Pradesh,Wheat,Kharif,Black,4,35.28,207.86,5.892,555.6,781.7,-28.92,18.6,222.4,0,1
Tamil Nadu,Cotton,Rabi,Black,4,50.0,159.33,3.187,498.1,897.1,-44.47,17.8,165.7,1,1
Tamil Nadu,Soybean,Rabi,Red,3,22.05,74.06,3.359,1262.5,1027.9,22.82,28.4,192.9,1,0
Maharashtra,Jowar,Zaid,Sandy,1,21.69,75.77,3.493,573.4,545.3,5.17,30.3,399.2,0,0
Andhra Pradesh,Maize,Rabi,Laterite,2,42.21,228.79,5.421,1049.6,868.9,20.8,26.7,321.3,0,0
West Bengal,Rice,Zaid,Laterite,2,40.37,162.28,4.02,711.0,858.6,-17.19,25.7,357.1,0,0
Punjab,Maize,Kharif,Red,3,36.69,163.94,4.468,935.1,1074.5,-12.97,24.0,179.0,1,0
Andhra Pradesh,Maize,Zaid,Laterite,2,23.43,69.05,2.947,799.5,974.3,-17.94,29.0,133.8,1,0
West Bengal,Sugarcane,Rabi,Sandy,1,16.53,18.94,1.145,352.2,972.9,-63.8,21.3,318.8,1,1
Tamil Nadu,Cotton,Kharif,Sandy,1,30.63,173.22,5.655,807.2,783.4,3.04,25.9,332.7,1,0
Haryana,Cotton,Rabi,Alluvial,5,43.87,252.08,5.746,951.4,950.4,0.1,26.6,242.5,0,0
Uttar Pradesh,Bajra,Zaid,Black,4,44.25,254.23,5.746,561.3,777.2,-27.79,29.5,363.6,0,1
Maharashtra,Groundnut,Kharif,Laterite,2,5.87,33.57,5.718,1380.4,833.7,65.58,21.1,388.6,1,0
Uttar Pradesh,Cotton,Kharif,Sandy,1,21.7,110.17,5.076,1003.0,936.1,7.15,20.0,214.9,1,0
Madhya Pradesh,Maize,Zaid,Black,4,23.5,103.96,4.423,1005.2,862.8,16.51,26.3,127.9,0,0
Madhya Pradesh,Soybean,Zaid,Black,4,48.89,255.34,5.223,1031.8,897.4,14.97,27.2,231.0,0,0
Andhra Pradesh,Maize,Kharif,Alluvial,5,34.06,136.34,4.003,216.5,1047.0,-79.32,26.0,396.3,1,1
Tamil Nadu,Soybean,Kharif,Black,4,20.66,34.54,1.672,976.2,795.3,22.76,10.0,152.5,1,0
Tamil Nadu,Bajra,Zaid,Black,4,1.79,5.29,2.956,1369.0,694.4,97.16,28.0,266.2,0,0
Punjab,Soybean,Rabi,Red,3,28.49,166.83,5.856,989.9,714.0,38.64,41.4,292.9,1,0
Punjab,Cotton,Kharif,Alluvial,5,5.26,14.48,2.756,734.3,681.3,7.77,31.5,124.9,1,0
Punjab,Sugarcane,Zaid,Alluvial,5,41.81,223.2,5.339,521.2,1091.1,-52.24,14.3,256.0,0,1
Haryana,Soybean,Rabi,Laterite,2,37.75,55.34,1.466,497.0,948.1,-47.58,23.6,160.1,1,1
Karnataka,Maize,Kharif,Black,4,23.3,62.22,2.671,467.0,1010.6,-53.79,24.8,349.0,1,1
Rajasthan,Jowar,Kharif,Laterite,2,21.75,59.9,2.755,699.9,983.7,-28.85,24.1,300.2,0,1
Karnataka,Cotton,Zaid,Sandy,1,44.92,56.51,1.258,533.0,820.2,-35.02,18.6,339.2,1,1
Uttar Pradesh,Jowar,Rabi,Black,4,14.78,23.58,1.595,762.0,1094.5,-30.38,20.6,119.9,1,1
Karnataka,Pulses,Kharif,Sandy,1,12.83,25.21,1.966,851.0,746.4,14.02,31.6,62.1,1,1
Haryana,Pulses,Rabi,Red,3,46.99,243.84,5.189,370.0,1151.9,-67.87,30.5,347.7,0,1
Uttar Pradesh,Maize,Rabi,Black,4,40.56,53.41,1.317,608.7,868.6,-29.92,25.3,185.4,1,1
Karnataka,Pulses,Kharif,Laterite,2,41.12,102.54,2.494,655.2,1118.3,-41.41,31.7,112.9,1,1
Haryana,Groundnut,Rabi,Laterite,2,10.16,10.68,1.051,648.2,692.6,-6.42,22.1,82.2,0,1
Rajasthan,Bajra,Kharif,Black,4,7.59,34.0,4.478,804.5,785.3,2.44,23.9,230.8,0,0
Karnataka,Cotton,Rabi,Laterite,2,1.79,7.34,4.102,831.2,609.6,36.36,23.8,102.5,1,0
Haryana,Jowar,Kharif,Black,4,12.23,51.69,4.225,693.9,1006.3,-31.04,16.7,248.3,1,1
Punjab,Maize,Zaid,Alluvial,5,38.82,111.49,2.872,631.9,888.0,-28.84,24.5,304.6,1,1
Tamil Nadu,Groundnut,Kharif,Laterite,2,12.38,25.28,2.041,794.8,1152.5,-31.03,35.8,237.3,0,1
Punjab,Maize,Kharif,Black,4,36.59,168.38,4.602,1160.6,777.4,49.29,35.2,366.3,1,0
Tamil Nadu,Groundnut,Kharif,Black,4,12.97,65.57,5.056,436.1,1050.6,-58.49,26.7,104.4,0,1
Maharashtra,Pulses,Rabi,Laterite,2,20.07,33.97,1.693,1082.9,862.0,25.63,24.7,222.9,0,1
Maharashtra,Pulses,Zaid,Alluvial,5,49.17,168.85,3.434,391.6,835.9,-53.16,36.6,107.1,1,1
Maharashtra,Soybean,Rabi,Laterite,2,12.62,28.31,2.244,890.5,806.6,10.4,24.5,356.6,0,0
Rajasthan,Wheat,Rabi,Black,4,19.13,35.21,1.841,1062.4,723.2,46.9,22.9,376.3,1,0
Punjab,Maize,Kharif,Alluvial,5,15.4,71.96,4.672,469.1,906.1,-48.23,31.7,190.0,1,1
Tamil Nadu,Soybean,Rabi,Sandy,1,5.93,21.87,3.69,887.7,881.7,0.68,15.7,157.0,1,0
Haryana,Cotton,Kharif,Red,3,24.75,51.5,2.081,538.4,614.1,-12.32,25.3,147.8,1,0
Uttar Pradesh,Soybean,Zaid,Laterite,2,19.25,49.08,2.55,1092.6,473.3,130.83,25.6,350.9,1,0
Haryana,Rice,Rabi,Black,4,34.9,203.56,5.833,400.0,803.1,-50.19,29.1,288.9,1,1
Uttar Pradesh,Pulses,Rabi,Alluvial,5,40.97,214.83,5.243,576.9,1024.3,-43.68,22.4,358.2,0,1
Madhya Pradesh,Rice,Rabi,Alluvial,5,27.44,148.17,5.4,832.8,883.3,-5.71,25.0,91.1,0,0
Haryana,Maize,Kharif,Sandy,1,2.09,6.91,3.3,977.9,654.6,49.39,26.6,216.6,0,0
Karnataka,Jowar,Kharif,Laterite,2,31.14,128.25,4.119,823.2,583.9,40.97,24.5,286.7,0,0
Karnataka,Jowar,Rabi,Alluvial,5,3.24,9.35,2.884,923.8,1023.2,-9.72,24.9,364.0,0,0
Andhra Pradesh,Cotton,Rabi,Sandy,1,31.01,43.06,1.389,662.7,602.0,10.07,31.0,183.7,0,1
Punjab,Soybean,Zaid,Black,4,34.41,103.41,3.005,527.2,963.9,-45.3,29.5,159.6,0,1
Uttar Pradesh,Jowar,Zaid,Sandy,1,10.29,40.85,3.97,1166.2,935.4,24.67,29.1,369.5,0,0
Uttar Pradesh,Groundnut,Zaid,Laterite,2,41.06,100.0,2.436,924.7,1095.2,-15.57,16.1,66.6,1,0
Punjab,Groundnut,Zaid,Sandy,1,45.6,238.93,5.24,678.1,755.6,-10.26,28.6,217.9,0,0
Rajasthan,Cotton,Zaid,Alluvial,5,40.75,71.53,1.756,386.6,990.9,-60.99,21.0,210.5,1,1
Andhra Pradesh,Bajra,Kharif,Alluvial,5,15.6,44.24,2.836,1105.8,1060.0,4.32,37.9,101.1,1,0
Rajasthan,Pulses,Zaid,Red,3,29.54,47.99,1.625,1116.1,649.4,71.86,25.9,188.2,0,1
Rajasthan,Soybean,Zaid,Sandy,1,45.78,138.46,3.024,745.6,870.0,-14.29,24.8,302.9,0,0
Rajasthan,Maize,Rabi,Black,4,16.37,19.62,1.198,634.8,843.9,-24.78,35.1,178.4,1,1
Punjab,Sugarcane,Kharif,Laterite,2,41.09,97.09,2.363,735.2,690.4,6.48,33.3,158.4,1,0
Rajasthan,Sugarcane,Zaid,Red,3,0.97,2.91,3.004,747.3,889.6,-16.0,24.6,323.7,0,0
Karnataka,Sugarcane,Zaid,Sandy,1,0.68,2.31,3.391,992.4,674.7,47.1,18.9,396.1,0,0
Maharashtra,Jowar,Zaid,Black,4,38.11,141.7,3.718,515.5,907.3,-43.18,15.4,322.8,0,1
Madhya Pradesh,Bajra,Rabi,Red,3,38.19,90.7,2.375,654.1,1176.1,-44.38,19.7,346.2,1,1
Uttar Pradesh,Bajra,Rabi,Alluvial,5,39.55,143.0,3.615,754.1,819.4,-7.97,27.9,378.8,1,0
Uttar Pradesh,Soybean,Rabi,Laterite,2,46.54,164.97,3.545,864.6,835.8,3.45,25.1,330.6,1,0
Madhya Pradesh,Soybean,Zaid,Sandy,1,6.34,16.35,2.581,1016.6,1062.5,-4.32,20.4,393.1,1,0
Punjab,Bajra,Rabi,Black,4,11.98,61.73,5.151,877.7,1038.9,-15.51,23.6,311.5,1,0
Haryana,Cotton,Zaid,Alluvial,5,45.23,168.64,3.728,1238.0,757.4,63.47,36.3,281.5,0,0
Punjab,Soybean,Kharif,Red,3,9.27,24.68,2.661,552.1,953.2,-42.08,32.7,292.7,1,1
Uttar Pradesh,Cotton,Zaid,Laterite,2,34.27,196.6,5.737,1165.4,407.1,186.27,36.5,365.0,0,0
Uttar Pradesh,Rice,Rabi,Red,3,26.76,139.83,5.226,561.5,699.4,-19.71,21.9,289.1,0,0
Madhya Pradesh,Groundnut,Kharif,Red,3,4.62,27.31,5.913,701.2,1010.5,-30.61,30.8,316.4,0,1
Rajasthan,Pulses,Zaid,Black,4,14.62,65.22,4.461,896.8,773.5,15.95,30.2,125.6,1,0
Punjab,Soybean,Kharif,Alluvial,5,26.26,75.92,2.891,1094.5,820.0,33.48,34.8,369.4,1,0
Tamil Nadu,Bajra,Kharif,Sandy,1,42.69,102.64,2.404,701.6,711.4,-1.37,26.1,206.5,1,0
Madhya Pradesh,Groundnut,Kharif,Black,4,35.52,153.34,4.317,898.1,687.3,30.68,21.3,106.4,0,0
Karnataka,Groundnut,Zaid,Laterite,2,31.28,184.7,5.904,721.1,475.6,51.63,20.6,329.9,0,0
Uttar Pradesh,Wheat,Rabi,Red,3,25.05,103.56,4.134,226.1,795.5,-71.58,25.9,174.7,0,1
Madhya Pradesh,Bajra,Zaid,Laterite,2,15.28,82.66,5.408,790.4,919.8,-14.07,26.5,114.4,0,0
Punjab,Pulses,Rabi,Black,4,6.4,16.94,2.646,489.6,887.0,-44.8,27.6,139.7,1,1
Uttar Pradesh,Bajra,Zaid,Black,4,20.75,62.97,3.035,1117.9,725.2,54.15,17.6,62.2,0,0
Haryana,Soybean,Zaid,Sandy,1,1.91,10.57,5.531,1119.6,635.7,76.13,33.8,81.7,1,0
Madhya Pradesh,Maize,Zaid,Red,3,10.95,52.38,4.784,591.0,793.9,-25.56,17.9,257.4,1,1
Andhra Pradesh,Rice,Rabi,Black,4,21.91,129.41,5.907,552.6,650.7,-15.07,33.7,353.2,0,0
Uttar Pradesh,Cotton,Zaid,Laterite,2,21.22,103.43,4.874,642.8,734.9,-12.53,24.1,207.0,1,0
Punjab,Maize,Kharif,Sandy,1,2.69,8.73,3.243,933.1,869.4,7.33,37.1,269.1,0,0
Maharashtra,Rice,Zaid,Laterite,2,29.66,108.41,3.655,934.1,719.3,29.87,15.5,333.4,1,0
Tamil Nadu,Maize,Kharif,Red,3,27.71,152.47,5.503,1652.0,1042.9,58.4,33.1,174.9,1,0
West Bengal,Cotton,Rabi,Sandy,1,4.37,16.41,3.758,722.8,693.1,4.29,19.8,279.0,1,0
Rajasthan,Jowar,Rabi,Sandy,1,47.19,107.44,2.277,822.8,759.3,8.37,19.4,172.7,0,0
West Bengal,Bajra,Zaid,Sandy,1,5.42,17.22,3.178,1282.9,977.5,31.25,35.9,275.0,1,0
Punjab,Maize,Zaid,Alluvial,5,42.81,153.34,3.582,871.6,953.6,-8.6,30.5,126.2,1,0
Karnataka,Soybean,Zaid,Sandy,1,0.52,0.76,1.484,528.0,927.5,-43.07,17.1,392.2,1,1
Karnataka,Pulses,Kharif,Laterite,2,44.17,208.44,4.719,885.5,754.3,17.39,27.2,76.7,1,0
Maharashtra,Sugarcane,Rabi,Laterite,2,1.48,2.28,1.547,976.2,937.6,4.12,34.4,226.8,0,1
Rajasthan,Soybean,Kharif,Red,3,38.01,114.97,3.025,714.6,968.8,-26.24,29.4,150.2,1,1
Andhra Pradesh,Cotton,Kharif,Black,4,18.4,92.44,5.023,998.8,916.3,9.01,26.2,260.3,1,0
Maharashtra,Pulses,Zaid,Black,4,37.04,123.64,3.338,976.6,845.1,15.55,32.9,199.9,1,0
West Bengal,Soybean,Zaid,Alluvial,5,20.39,106.21,5.21,685.4,936.6,-26.82,28.2,157.3,0,1
Maharashtra,Groundnut,Kharif,Sandy,1,4.01,10.86,2.709,1187.9,838.6,41.65,16.0,137.5,0,0
West Bengal,Bajra,Kharif,Alluvial,5,38.49,222.8,5.788,604.1,910.6,-33.66,26.6,113.9,1,1
Uttar Pradesh,Pulses,Zaid,Red,3,4.03,8.24,2.047,909.3,861.2,5.59,28.9,324.0,0,0
Karnataka,Groundnut,Zaid,Red,3,46.14,54.97,1.191,649.5,623.4,4.18,27.3,127.8,1,0
Uttar Pradesh,Soybean,Kharif,Black,4,3.02,16.21,5.362,376.8,762.4,-50.58,23.6,320.7,0,1
Tamil Nadu,Rice,Zaid,Red,3,24.23,115.34,4.761,889.6,1162.1,-23.45,28.7,219.8,0,1
Rajasthan,Wheat,Zaid,Sandy,1,36.29,78.38,2.16,1282.3,559.4,129.24,27.1,75.3,0,0
Andhra Pradesh,Rice,Kharif,Laterite,2,19.97,118.27,5.924,786.5,1082.8,-27.36,14.0,107.9,1,1
West Bengal,Bajra,Kharif,Red,3,11.25,39.51,3.511,426.6,943.8,-54.8,18.0,362.5,0,1
Andhra Pradesh,Pulses,Rabi,Alluvial,5,38.08,219.13,5.755,855.5,855.1,0.04,27.9,261.0,0,0
West Bengal,Pulses,Kharif,Sandy,1,39.32,138.62,3.525,595.3,597.9,-0.44,30.5,114.5,0,0
Punjab,Bajra,Zaid,Red,3,46.17,155.11,3.359,1063.4,849.8,25.14,21.3,296.3,0,0
Maharashtra,Groundnut,Kharif,Red,3,19.12,62.06,3.246,742.8,738.1,0.65,30.4,338.1,1,0
Tamil Nadu,Wheat,Kharif,Sandy,1,25.56,68.36,2.674,356.9,1028.3,-65.3,29.0,165.7,0,1
Karnataka,Soybean,Kharif,Red,3,18.47,67.78,3.669,927.1,750.0,23.62,24.9,244.8,0,0
West Bengal,Cotton,Rabi,Laterite,2,13.23,43.15,3.263,852.2,808.6,5.39,28.6,152.7,0,0
Andhra Pradesh,Rice,Rabi,Black,4,37.68,44.6,1.184,725.0,886.9,-18.25,28.4,78.0,1,0
Tamil Nadu,Rice,Zaid,Sandy,1,17.31,39.86,2.302,540.3,753.3,-28.28,31.3,189.8,0,1
Haryana,Sugarcane,Rabi,Alluvial,5,21.69,44.81,2.066,1247.3,993.8,25.51,31.5,313.0,1,0
Haryana,Wheat,Kharif,Red,3,20.48,109.32,5.337,687.0,805.6,-14.72,19.7,210.5,0,0
Uttar Pradesh,Cotton,Rabi,Black,4,35.78,142.9,3.994,1024.3,567.9,80.37,21.6,191.8,0,0
Karnataka,Rice,Kharif,Alluvial,5,45.93,221.31,4.818,684.2,872.6,-21.59,34.9,178.1,1,1
Punjab,Cotton,Rabi,Alluvial,5,33.5,193.79,5.784,970.2,971.1,-0.09,31.3,210.6,1,0
Andhra Pradesh,Soybean,Rabi,Laterite,2,23.84,100.62,4.22,813.4,1065.7,-23.68,29.8,161.4,0,1
Maharashtra,Pulses,Rabi,Black,4,39.07,231.03,5.913,807.0,932.9,-13.5,30.8,264.3,1,0
Maharashtra,Cotton,Kharif,Sandy,1,32.23,82.47,2.559,593.4,1023.0,-41.99,32.8,72.2,1,1
Andhra Pradesh,Rice,Rabi,Black,4,3.5,6.76,1.931,932.0,923.6,0.91,26.8,332.6,1,0
Rajasthan,Groundnut,Kharif,Black,4,5.24,15.79,3.017,1151.3,706.1,63.05,23.7,110.6,1,0
Punjab,Wheat,Kharif,Alluvial,5,2.38,7.97,3.354,541.4,732.8,-26.12,29.4,271.7,1,1
Tamil Nadu,Bajra,Zaid,Laterite,2,23.11,126.58,5.477,591.9,505.2,17.17,25.8,207.5,1,0
West Bengal,Maize,Rabi,Laterite,2,41.38,157.23,3.8,1536.1,817.5,87.91,35.3,320.7,1,0
Rajasthan,Jowar,Zaid,Black,4,16.0,39.37,2.461,549.6,947.9,-42.02,35.2,339.1,1,1
West Bengal,Jowar,Zaid,Black,4,19.52,91.98,4.713,661.4,613.3,7.83,31.3,121.5,1,0
West Bengal,Maize,Kharif,Red,3,45.52,160.64,3.529,1145.9,1044.1,9.75,18.3,287.0,1,0
Rajasthan,Cotton,Rabi,Alluvial,5,41.93,75.92,1.811,1153.5,834.6,38.21,19.4,116.5,0,1
Uttar Pradesh,Wheat,Kharif,Sandy,1,33.42,129.81,3.884,193.0,715.5,-73.03,18.1,93.4,1,1
Haryana,Cotton,Kharif,Sandy,1,13.71,76.17,5.557,991.4,612.6,61.84,27.1,375.6,1,0
West Bengal,Bajra,Rabi,Laterite,2,6.29,32.81,5.213,751.2,1099.2,-31.65,31.5,107.5,0,1
Rajasthan,Wheat,Kharif,Alluvial,5,1.29,5.09,3.934,762.7,1027.3,-25.76,24.2,129.8,1,1
Rajasthan,Maize,Rabi,Laterite,2,5.8,16.73,2.885,1091.3,789.5,38.23,22.1,95.6,1,0
Madhya Pradesh,Cotton,Rabi,Sandy,1,14.98,21.5,1.435,713.0,989.4,-27.94,26.6,214.6,0,1
Uttar Pradesh,Sugarcane,Kharif,Black,4,27.81,93.13,3.348,672.0,818.6,-17.9,21.3,371.9,1,0
Karnataka,Rice,Kharif,Alluvial,5,3.67,17.46,4.76,719.6,759.3,-5.23,27.6,142.4,0,0
Madhya Pradesh,Groundnut,Zaid,Alluvial,5,7.24,20.29,2.801,712.7,752.0,-5.22,24.5,239.6,1,0
Madhya Pradesh,Pulses,Kharif,Red,3,9.46,20.6,2.177,886.8,815.2,8.79,22.1,194.0,1,0
Andhra Pradesh,Groundnut,Rabi,Black,4,31.78,179.79,5.657,1130.8,790.2,43.1,26.7,167.6,1,0
Haryana,Bajra,Zaid,Black,4,30.98,158.25,5.108,906.9,859.2,5.55,31.3,250.3,1,0
Rajasthan,Cotton,Rabi,Laterite,2,27.76,116.36,4.191,796.8,1091.3,-26.98,16.9,245.6,1,1
Haryana,Soybean,Zaid,Alluvial,5,12.9,21.72,1.684,936.6,1191.8,-21.41,27.0,175.8,1,1
Punjab,Wheat,Kharif,Laterite,2,18.87,32.54,1.725,995.0,669.6,48.6,13.4,347.7,1,1
Andhra Pradesh,Cotton,Kharif,Black,4,5.29,8.01,1.516,944.5,918.9,2.78,24.5,68.6,1,0
Karnataka,Wheat,Kharif,Red,3,11.71,47.79,4.081,633.2,881.4,-28.17,30.2,79.8,1,1
Haryana,Pulses,Rabi,Alluvial,5,44.94,70.9,1.578,906.2,929.6,-2.52,32.1,396.8,0,1
Maharashtra,Sugarcane,Zaid,Black,4,48.99,255.42,5.213,270.1,782.5,-65.48,22.9,311.7,0,1
West Bengal,Groundnut,Rabi,Red,3,32.56,194.21,5.965,1183.5,931.6,27.04,22.8,331.4,1,0
Punjab,Rice,Zaid,Sandy,1,45.88,129.93,2.832,1182.8,643.0,83.93,24.6,260.9,1,0
Uttar Pradesh,Pulses,Kharif,Black,4,32.32,105.62,3.268,1022.4,1357.3,-24.68,19.4,197.0,1,1
Karnataka,Pulses,Rabi,Sandy,1,2.14,9.77,4.558,1111.5,893.6,24.38,27.0,270.2,0,0
Punjab,Groundnut,Kharif,Laterite,2,49.84,283.38,5.686,781.5,959.5,-18.56,20.0,82.4,1,0
West Bengal,Pulses,Rabi,Sandy,1,5.4,29.53,5.47,612.4,682.3,-10.24,29.3,315.2,1,0
Andhra Pradesh,Soybean,Kharif,Black,4,34.29,44.17,1.288,486.5,745.7,-34.76,21.7,239.3,1,1
West Bengal,Soybean,Rabi,Sandy,1,13.02,24.02,1.845,1052.0,629.7,67.07,24.1,384.9,1,1
Madhya Pradesh,Jowar,Rabi,Alluvial,5,19.9,95.0,4.773,612.3,1068.4,-42.69,29.0,273.1,0,1
West Bengal,Jowar,Zaid,Black,4,32.47,144.33,4.444,706.6,683.5,3.37,29.8,103.1,1,0
Madhya Pradesh,Soybean,Kharif,Red,3,22.11,36.83,1.666,856.0,821.7,4.18,29.5,217.1,1,0
Andhra Pradesh,Maize,Zaid,Sandy,1,12.9,45.29,3.51,790.6,828.3,-4.55,27.6,70.2,1,0
Tamil Nadu,Sugarcane,Zaid,Alluvial,5,17.06,83.64,4.904,866.2,921.0,-5.95,19.5,310.9,1,0
Madhya Pradesh,Wheat,Kharif,Laterite,2,17.41,36.45,2.094,348.0,656.1,-46.97,25.8,225.6,1,1
Uttar Pradesh,Sugarcane,Rabi,Laterite,2,47.99,257.04,5.356,741.6,978.9,-24.24,25.0,179.4,0,1
West Bengal,Bajra,Zaid,Sandy,1,40.03,50.63,1.265,1006.0,1036.7,-2.96,23.5,389.0,1,1
West Bengal,Pulses,Kharif,Laterite,2,23.2,113.93,4.911,692.0,751.0,-7.85,26.4,379.2,0,0
Uttar Pradesh,Rice,Rabi,Red,3,10.39,42.39,4.079,584.5,844.5,-30.79,20.8,383.5,0,1
Maharashtra,Pulses,Zaid,Black,4,40.65,104.7,2.576,1038.7,944.0,10.03,25.8,127.3,1,0
Rajasthan,Sugarcane,Zaid,Alluvial,5,8.28,38.13,4.605,693.9,888.3,-21.88,24.2,305.0,1,1
Tamil Nadu,Soybean,Zaid,Sandy,1,10.92,53.63,4.912,846.1,700.0,20.87,23.3,380.9,1,0
Karnataka,Groundnut,Rabi,Laterite,2,18.62,105.55,5.669,747.4,955.2,-21.75,19.3,249.8,1,1
Madhya Pradesh,Bajra,Zaid,Black,4,44.08,125.13,2.839,799.9,1076.9,-25.72,19.1,125.0,1,1
Uttar Pradesh,Soybean,Rabi,Red,3,7.02,31.11,4.43,1182.4,1076.4,9.84,34.1,336.2,0,0
Andhra Pradesh,Sugarcane,Zaid,Laterite,2,6.55,26.29,4.013,943.0,936.3,0.71,26.7,358.0,1,0
Madhya Pradesh,Groundnut,Kharif,Laterite,2,24.95,90.48,3.626,494.6,964.9,-48.75,36.9,296.1,1,1
Rajasthan,Rice,Zaid,Alluvial,5,14.18,77.32,5.452,707.0,791.6,-10.69,37.2,152.7,1,0
Andhra Pradesh,Sugarcane,Kharif,Red,3,28.65,29.11,1.016,696.8,712.4,-2.19,33.4,116.7,0,1
Punjab,Wheat,Kharif,Red,3,22.86,55.1,2.411,854.1,839.7,1.71,18.3,268.5,1,0
West Bengal,Cotton,Kharif,Sandy,1,22.03,81.32,3.691,1027.2,1189.7,-13.66,34.5,219.0,0,0
Punjab,Groundnut,Rabi,Alluvial,5,6.04,11.43,1.891,808.0,770.4,4.88,25.2,284.1,1,0
Madhya Pradesh,Sugarcane,Kharif,Sandy,1,7.48,41.45,5.539,800.6,915.2,-12.52,24.3,89.1,0,0
Rajasthan,Soybean,Zaid,Alluvial,5,41.14,174.36,4.238,242.1,906.7,-73.3,23.5,97.6,1,1
Tamil Nadu,Wheat,Rabi,Red,3,44.35,150.32,3.389,1131.0,793.9,42.47,23.9,177.0,0,0
Madhya Pradesh,Maize,Kharif,Alluvial,5,12.12,61.47,5.074,758.0,1072.5,-29.32,28.4,140.6,0,1
Uttar Pradesh,Groundnut,Rabi,Alluvial,5,6.12,19.91,3.254,864.7,1088.3,-20.55,39.8,266.8,0,1
Haryana,Wheat,Rabi,Alluvial,5,3.14,11.93,3.793,864.1,1250.1,-30.88,16.2,178.6,0,1
Madhya Pradesh,Soybean,Rabi,Black,4,30.61,31.03,1.014,607.7,730.2,-16.78,37.7,289.4,1,0
West Bengal,Sugarcane,Zaid,Black,4,35.91,101.57,2.829,739.0,911.1,-18.88,35.1,319.1,0,0
West Bengal,Pulses,Kharif,Red,3,18.95,32.11,1.694,605.7,863.3,-29.83,24.9,115.5,1,1
Madhya Pradesh,Rice,Rabi,Alluvial,5,34.14,151.89,4.448,1145.8,747.0,53.38,23.0,371.9,1,0
Andhra Pradesh,Pulses,Rabi,Red,3,35.79,121.52,3.395,244.0,750.1,-67.46,17.9,325.5,0,1
Haryana,Cotton,Rabi,Black,4,46.8,117.41,2.509,561.7,875.0,-35.81,20.6,269.4,0,1
Uttar Pradesh,Wheat,Kharif,Alluvial,5,3.71,12.39,3.339,719.5,780.0,-7.75,22.4,368.1,1,0
Madhya Pradesh,Cotton,Rabi,Sandy,1,10.02,20.52,2.048,1174.4,703.1,67.04,25.4,143.1,1,0
Andhra Pradesh,Rice,Rabi,Black,4,3.89,21.89,5.625,977.0,868.5,12.48,25.8,197.6,1,0
West Bengal,Wheat,Zaid,Black,4,43.47,55.2,1.27,390.5,684.1,-42.92,30.6,80.0,1,1
West Bengal,Jowar,Kharif,Black,4,39.73,211.66,5.327,771.1,780.0,-1.14,29.9,209.7,1,0
Rajasthan,Soybean,Zaid,Alluvial,5,28.94,102.95,3.557,980.3,904.3,8.41,27.4,227.2,1,0
Madhya Pradesh,Wheat,Kharif,Laterite,2,4.64,19.01,4.095,1356.7,829.7,63.51,25.7,265.6,1,0
Haryana,Soybean,Kharif,Sandy,1,14.03,35.26,2.513,715.1,811.4,-11.87,32.9,72.4,1,0
Maharashtra,Pulses,Kharif,Sandy,1,15.24,88.89,5.833,503.9,1121.3,-55.06,31.0,61.4,0,1
Haryana,Bajra,Zaid,Red,3,28.26,68.08,2.409,880.6,1060.4,-16.96,28.7,197.0,1,0
West Bengal,Groundnut,Zaid,Alluvial,5,13.27,52.35,3.944,789.2,862.4,-8.49,23.6,116.2,0,0
West Bengal,Bajra,Zaid,Black,4,4.11,24.53,5.967,915.8,697.9,31.24,32.6,315.6,1,0
Punjab,Sugarcane,Zaid,Laterite,2,36.67,198.23,5.405,972.6,971.6,0.1,31.0,284.1,1,0
West Bengal,Groundnut,Rabi,Alluvial,5,15.3,56.35,3.682,880.0,1228.9,-28.39,24.5,164.0,1,1
Uttar Pradesh,Groundnut,Rabi,Alluvial,5,22.89,136.25,5.952,932.0,1054.7,-11.63,14.5,66.0,1,0
Karnataka,Maize,Rabi,Laterite,2,6.82,30.73,4.507,1208.9,655.0,84.57,26.6,113.9,0,0
Madhya Pradesh,Groundnut,Kharif,Black,4,40.23,82.2,2.044,727.2,820.4,-11.35,21.8,292.1,1,0
Haryana,Rice,Rabi,Alluvial,5,28.49,86.28,3.028,493.9,740.1,-33.26,30.3,396.6,0,1
Karnataka,Bajra,Kharif,Sandy,1,45.13,120.6,2.672,878.5,711.1,23.54,27.3,164.3,0,0
Andhra Pradesh,Pulses,Zaid,Sandy,1,25.03,68.07,2.72,479.7,1020.3,-52.99,16.0,330.7,1,1
Maharashtra,Soybean,Kharif,Laterite,2,47.1,226.19,4.802,519.6,1017.1,-48.91,27.8,353.5,1,1
Uttar Pradesh,Sugarcane,Kharif,Black,4,44.65,175.08,3.921,594.5,1116.3,-46.75,36.3,66.9,1,1
Haryana,Groundnut,Rabi,Laterite,2,29.03,34.56,1.19,487.3,951.8,-48.8,25.1,370.7,1,1
Karnataka,Sugarcane,Zaid,Alluvial,5,46.73,251.73,5.387,1092.1,843.3,29.51,25.9,213.2,1,0
Maharashtra,Pulses,Zaid,Sandy,1,16.49,40.97,2.484,812.2,878.2,-7.51,23.9,387.5,0,0
Punjab,Sugarcane,Rabi,Red,3,18.6,111.32,5.985,976.7,714.2,36.76,26.4,238.5,1,0
Uttar Pradesh,Pulses,Zaid,Laterite,2,2.75,15.88,5.771,927.6,1055.5,-12.12,35.2,132.3,0,0
Uttar Pradesh,Groundnut,Zaid,Red,3,29.67,169.17,5.703,747.5,738.8,1.18,32.3,391.1,1,0
Punjab,Pulses,Zaid,Red,3,36.24,183.19,5.056,1040.1,788.7,31.88,22.5,135.2,0,0
Madhya Pradesh,Groundnut,Rabi,Sandy,1,38.79,81.58,2.103,679.4,804.4,-15.55,25.6,358.9,0,0
Punjab,Maize,Zaid,Laterite,2,7.92,29.0,3.663,758.0,400.0,89.5,26.0,110.6,1,0
Uttar Pradesh,Maize,Kharif,Red,3,22.49,47.7,2.122,623.0,980.1,-36.43,28.5,286.2,1,1
Uttar Pradesh,Pulses,Kharif,Alluvial,5,9.25,21.27,2.298,1150.1,707.8,62.48,28.6,194.0,1,0
Karnataka,Maize,Zaid,Black,4,33.28,134.92,4.055,773.2,953.4,-18.9,25.4,390.2,0,0
West Bengal,Soybean,Rabi,Black,4,8.32,10.02,1.204,949.5,782.7,21.31,18.5,114.7,0,1
Maharashtra,Soybean,Rabi,Sandy,1,45.26,264.63,5.847,654.6,781.4,-16.22,25.3,193.1,1,0
Punjab,Maize,Rabi,Laterite,2,11.92,66.65,5.593,1011.8,683.4,48.04,23.8,273.9,1,0
Maharashtra,Maize,Zaid,Laterite,2,14.92,43.34,2.904,993.2,1058.3,-6.15,20.6,392.2,1,0
Punjab,Jowar,Zaid,Black,4,42.62,152.46,3.577,393.6,1091.7,-63.94,30.7,156.4,1,1
Andhra Pradesh,Jowar,Kharif,Alluvial,5,23.19,77.25,3.331,801.0,1000.0,-19.9,26.1,188.9,1,0
Uttar Pradesh,Groundnut,Rabi,Black,4,1.69,9.13,5.411,829.2,889.8,-6.8,19.8,211.6,1,0
West Bengal,Pulses,Kharif,Black,4,24.98,111.0,4.443,725.1,870.4,-16.69,37.9,138.4,1,0
Karnataka,Cotton,Kharif,Laterite,2,4.68,11.2,2.391,1146.2,1013.0,13.15,28.5,336.1,0,0
West Bengal,Cotton,Rabi,Red,3,49.27,159.36,3.234,495.7,831.1,-40.36,30.8,82.2,1,1
West Bengal,Maize,Zaid,Alluvial,5,29.61,93.12,3.145,687.9,1047.6,-34.34,32.3,296.7,0,1
West Bengal,Sugarcane,Zaid,Laterite,2,13.2,76.51,5.797,587.7,705.6,-16.71,23.4,236.9,1,0
Maharashtra,Maize,Kharif,Black,4,28.4,53.3,1.877,1057.5,997.2,6.04,29.3,134.7,1,0
Punjab,Jowar,Kharif,Red,3,4.3,6.23,1.448,542.8,1042.8,-47.94,14.4,222.5,0,1
Tamil Nadu,Groundnut,Kharif,Alluvial,5,40.09,216.64,5.403,341.9,685.3,-50.11,31.8,340.5,1,1
Andhra Pradesh,Maize,Kharif,Sandy,1,46.3,253.9,5.483,907.8,724.1,25.37,25.6,205.9,0,0
Haryana,Bajra,Rabi,Alluvial,5,43.78,234.63,5.359,765.2,843.3,-9.26,29.2,92.7,1,0
West Bengal,Sugarcane,Kharif,Alluvial,5,17.42,61.92,3.555,1060.1,913.5,16.05,25.6,64.3,0,0
Madhya Pradesh,Bajra,Kharif,Black,4,16.63,71.47,4.299,1003.1,757.4,32.44,36.9,322.2,1,0
Maharashtra,Groundnut,Zaid,Black,4,2.24,8.54,3.817,789.4,863.8,-8.62,33.3,165.7,1,0
Karnataka,Groundnut,Zaid,Sandy,1,32.74,44.11,1.347,439.2,540.1,-18.68,10.3,375.9,0,1
Haryana,Soybean,Zaid,Sandy,1,26.98,107.35,3.979,500.5,964.7,-48.12,29.3,266.0,0,1
Tamil Nadu,Wheat,Rabi,Sandy,1,23.24,24.82,1.068,356.7,971.8,-63.29,24.3,202.7,0,1
Madhya Pradesh,Bajra,Rabi,Laterite,2,45.43,119.24,2.625,765.4,1078.1,-29.0,29.6,247.6,0,1
Tamil Nadu,Soybean,Zaid,Laterite,2,8.81,49.88,5.661,635.3,936.1,-32.13,29.5,210.0,0,1
Haryana,Jowar,Zaid,Black,4,0.98,2.47,2.52,754.8,794.5,-4.99,21.5,367.0,0,0
West Bengal,Rice,Kharif,Black,4,4.13,23.53,5.699,843.4,697.9,20.86,25.3,210.3,0,0
Madhya Pradesh,Sugarcane,Kharif,Sandy,1,11.56,26.01,2.251,1274.6,728.0,75.07,19.9,86.4,1,0
Tamil Nadu,Rice,Rabi,Laterite,2,2.15,5.53,2.573,945.2,836.7,12.97,34.9,259.0,0,0
Karnataka,Pulses,Rabi,Red,3,25.39,105.17,4.142,817.8,723.0,13.12,28.0,268.0,1,0
Punjab,Jowar,Kharif,Laterite,2,16.05,77.16,4.808,408.8,734.7,-44.36,28.6,317.9,0,1
Uttar Pradesh,Jowar,Zaid,Black,4,9.43,33.08,3.507,806.6,844.3,-4.47,27.8,376.6,1,0
Punjab,Rice,Kharif,Laterite,2,37.63,203.6,5.411,1020.5,608.3,67.77,19.6,205.1,1,0
Haryana,Bajra,Rabi,Black,4,10.62,12.76,1.201,897.7,701.4,27.99,29.8,173.2,1,0
Maharashtra,Wheat,Rabi,Sandy,1,34.54,193.78,5.611,538.0,882.8,-39.05,36.7,221.8,0,1
Uttar Pradesh,Bajra,Kharif,Sandy,1,17.79,35.25,1.982,705.9,890.0,-20.68,16.7,365.1,1,1
Andhra Pradesh,Rice,Kharif,Sandy,1,25.84,140.06,5.421,818.3,979.7,-16.47,26.5,393.0,0,0
Karnataka,Pulses,Kharif,Red,3,46.73,140.38,3.004,698.0,873.2,-20.07,30.6,389.9,1,1
Andhra Pradesh,Bajra,Rabi,Red,3,2.35,12.13,5.164,645.7,854.6,-24.44,21.5,130.4,1,1
Madhya Pradesh,Cotton,Zaid,Black,4,25.26,110.1,4.358,263.2,945.6,-72.16,30.4,223.9,1,1
Uttar Pradesh,Bajra,Kharif,Alluvial,5,42.79,80.44,1.88,608.0,878.5,-30.8,26.3,140.8,1,1
Andhra Pradesh,Groundnut,Rabi,Red,3,29.6,165.5,5.59,862.8,704.2,22.52,21.7,178.8,1,0
Andhra Pradesh,Soybean,Rabi,Black,4,14.21,31.64,2.228,1018.8,730.1,39.55,10.9,61.1,0,0
Tamil Nadu,Sugarcane,Rabi,Laterite,2,20.19,44.83,2.221,819.0,1101.5,-25.64,25.4,106.2,1,1
Punjab,Bajra,Kharif,Sandy,1,34.17,173.29,5.071,1064.9,1332.5,-20.09,25.6,189.0,0,1
Tamil Nadu,Wheat,Kharif,Sandy,1,44.6,68.2,1.529,780.4,960.4,-18.75,33.9,177.6,1,1
Uttar Pradesh,Wheat,Zaid,Sandy,1,2.53,5.34,2.11,580.6,698.7,-16.91,28.0,147.6,0,0
Uttar Pradesh,Bajra,Rabi,Black,4,4.04,14.22,3.518,681.5,1134.8,-39.95,22.8,130.6,0,1
Haryana,Maize,Kharif,Sandy,1,16.59,85.48,5.152,924.8,785.5,17.73,16.6,312.1,1,0
Tamil Nadu,Jowar,Rabi,Red,3,12.02,20.89,1.737,733.0,913.7,-19.78,31.2,153.1,0,1
Rajasthan,Bajra,Rabi,Laterite,2,13.61,50.89,3.738,639.4,846.9,-24.51,26.7,297.3,1,1
Punjab,Jowar,Zaid,Sandy,1,11.45,52.18,4.556,410.6,877.9,-53.23,23.6,179.0,1,1
Uttar Pradesh,Cotton,Kharif,Black,4,10.19,54.06,5.303,576.7,784.0,-26.44,22.8,330.7,1,1
Haryana,Rice,Kharif,Laterite,2,6.97,39.55,5.678,700.7,1044.7,-32.92,33.5,108.5,0,1
Tamil Nadu,Cotton,Rabi,Sandy,1,46.73,230.06,4.923,654.7,822.3,-20.39,34.3,105.2,1,1
Punjab,Bajra,Rabi,Alluvial,5,7.64,32.57,4.264,556.4,941.9,-40.93,22.2,287.9,1,1
Tamil Nadu,Wheat,Zaid,Sandy,1,10.62,33.64,3.168,1189.3,938.7,26.71,12.2,370.2,0,0
Andhra Pradesh,Maize,Zaid,Red,3,12.69,19.8,1.561,950.1,833.4,14.0,24.7,100.0,1,0
Haryana,Pulses,Zaid,Laterite,2,46.68,212.35,4.549,1348.0,624.3,115.93,27.4,75.8,0,0
Punjab,Jowar,Zaid,Red,3,37.91,226.07,5.964,398.7,725.9,-45.07,26.4,377.1,0,1
West Bengal,Soybean,Zaid,Alluvial,5,39.59,185.43,4.684,878.3,956.8,-8.21,16.6,91.1,0,0
Madhya Pradesh,Jowar,Zaid,Alluvial,5,5.69,6.16,1.084,691.3,896.1,-22.85,35.2,137.6,1,1
Madhya Pradesh,Groundnut,Rabi,Red,3,41.9,145.86,3.481,804.9,727.7,10.6,14.8,375.3,0,0
Punjab,Sugarcane,Zaid,Laterite,2,20.71,84.34,4.073,1262.7,856.6,47.42,21.5,331.0,0,0
Tamil Nadu,Bajra,Rabi,Alluvial,5,13.51,60.1,4.448,365.1,881.4,-58.58,19.9,170.0,1,1
Haryana,Cotton,Rabi,Alluvial,5,29.0,133.36,4.599,656.8,937.4,-29.93,19.6,384.1,0,1
Madhya Pradesh,Soybean,Kharif,Sandy,1,41.2,156.16,3.791,613.0,1123.0,-45.42,12.9,248.8,1,1
Haryana,Wheat,Rabi,Black,4,39.04,82.65,2.117,657.5,507.6,29.54,26.4,75.3,0,0
Madhya Pradesh,Wheat,Rabi,Alluvial,5,44.55,254.45,5.711,272.3,1031.6,-73.6,34.5,296.1,0,1
Andhra Pradesh,Wheat,Zaid,Laterite,2,46.44,208.22,4.483,1121.3,882.6,27.05,25.0,238.0,1,0
Tamil Nadu,Pulses,Rabi,Laterite,2,12.29,26.84,2.184,1131.3,695.5,62.67,20.0,250.4,1,0
Andhra Pradesh,Groundnut,Zaid,Sandy,1,21.48,56.1,2.612,945.5,874.7,8.09,34.5,397.9,1,0
Madhya Pradesh,Wheat,Zaid,Laterite,2,1.22,6.87,5.61,465.4,1067.0,-56.38,31.0,103.4,1,1
West Bengal,Wheat,Zaid,Sandy,1,44.03,239.39,5.437,869.4,1111.9,-21.81,20.9,279.9,1,1
West Bengal,Bajra,Kharif,Alluvial,5,8.15,24.66,3.026,1016.5,696.8,45.88,27.9,210.6,0,0
Andhra Pradesh,Groundnut,Zaid,Alluvial,5,43.14,51.41,1.192,897.1,722.7,24.13,32.5,145.2,1,0
West Bengal,Maize,Rabi,Alluvial,5,16.8,20.88,1.242,787.7,656.1,20.06,20.6,292.7,1,0
Madhya Pradesh,Maize,Zaid,Alluvial,5,18.72,45.3,2.42,1152.6,885.0,30.25,26.7,283.9,1,0
Punjab,Groundnut,Zaid,Black,4,2.44,10.1,4.146,622.7,892.4,-30.22,23.7,349.8,1,1
Andhra Pradesh,Sugarcane,Zaid,Black,4,16.68,65.4,3.921,757.8,998.1,-24.08,18.8,357.6,1,1
Maharashtra,Pulses,Kharif,Alluvial,5,44.47,185.42,4.169,956.4,916.2,4.39,27.0,246.6,0,0
Tamil Nadu,Soybean,Rabi,Laterite,2,1.76,8.09,4.586,879.5,984.0,-10.63,28.6,164.0,1,0
West Bengal,Jowar,Kharif,Sandy,1,20.61,22.57,1.095,940.0,642.0,46.43,26.3,235.4,0,1
West Bengal,Bajra,Rabi,Red,3,2.05,3.13,1.525,933.4,1112.9,-16.13,21.1,175.7,0,1
Uttar Pradesh,Rice,Kharif,Sandy,1,18.86,52.76,2.797,931.2,1044.6,-10.85,38.6,147.1,1,0
Rajasthan,Maize,Rabi,Red,3,9.05,16.05,1.774,708.8,770.6,-8.02,23.1,243.1,0,1
Andhra Pradesh,Groundnut,Kharif,Red,3,12.98,17.87,1.377,625.6,731.9,-14.52,29.4,280.3,0,1
Karnataka,Soybean,Zaid,Alluvial,5,43.94,184.76,4.205,834.3,961.9,-13.27,30.8,256.7,1,0
West Bengal,Groundnut,Kharif,Red,3,22.08,112.12,5.077,1177.8,615.8,91.28,11.1,384.0,0,0
Tamil Nadu,Jowar,Kharif,Alluvial,5,14.05,66.94,4.763,793.8,739.7,7.31,31.0,154.5,1,0
Maharashtra,Soybean,Zaid,Black,4,29.67,150.89,5.085,949.8,695.8,36.5,26.1,180.3,0,0
West Bengal,Maize,Zaid,Laterite,2,7.53,32.62,4.329,828.1,835.5,-0.88,24.4,283.7,0,0
Maharashtra,Wheat,Rabi,Red,3,13.34,62.39,4.677,1308.4,783.4,67.02,25.3,260.1,0,0
Madhya Pradesh,Groundnut,Rabi,Laterite,2,27.54,64.96,2.359,765.5,732.2,4.55,29.5,50.7,1,0
Madhya Pradesh,Rice,Rabi,Alluvial,5,12.26,73.12,5.965,950.7,717.4,32.51,12.3,159.3,0,0
Rajasthan,Maize,Kharif,Red,3,34.12,65.36,1.916,620.3,754.1,-17.75,26.2,138.8,1,0
Punjab,Cotton,Rabi,Sandy,1,24.83,51.46,2.072,519.9,671.5,-22.58,28.6,344.0,1,1
Karnataka,Rice,Kharif,Black,4,38.71,94.64,2.445,798.3,931.4,-14.29,39.0,353.2,1,0
Uttar Pradesh,Sugarcane,Kharif,Black,4,47.44,278.78,5.877,1095.3,1018.9,7.49,17.9,149.4,0,0
Rajasthan,Pulses,Rabi,Red,3,6.23,37.03,5.941,958.4,910.2,5.29,28.7,85.7,0,0
Haryana,Maize,Rabi,Black,4,17.07,84.89,4.974,278.4,1057.4,-73.67,23.1,121.8,1,1
Uttar Pradesh,Wheat,Kharif,Sandy,1,16.32,67.64,4.145,983.2,723.9,35.82,28.9,111.8,1,0
Andhra Pradesh,Maize,Zaid,Laterite,2,7.98,28.74,3.6,417.2,737.7,-43.45,31.2,133.1,1,1
Tamil Nadu,Jowar,Zaid,Sandy,1,40.61,237.69,5.853,1010.0,916.3,10.22,21.6,132.1,1,0
Haryana,Soybean,Kharif,Black,4,38.11,170.68,4.478,936.1,935.8,0.03,37.7,217.9,1,0
Haryana,Groundnut,Rabi,Laterite,2,24.48,140.11,5.724,762.5,852.3,-10.53,33.9,161.9,0,0
Rajasthan,Soybean,Kharif,Sandy,1,27.12,70.04,2.583,981.8,846.3,16.02,30.7,245.9,0,0
Punjab,Soybean,Kharif,Alluvial,5,3.45,9.2,2.669,734.0,690.1,6.36,23.9,170.4,1,0
Rajasthan,Maize,Rabi,Alluvial,5,28.0,147.65,5.274,837.3,450.9,85.7,22.7,335.1,0,0
Andhra Pradesh,Jowar,Zaid,Laterite,2,39.67,69.4,1.749,440.4,933.6,-52.83,28.6,382.8,1,1
West Bengal,Groundnut,Kharif,Laterite,2,28.9,165.61,5.73,736.0,997.3,-26.2,23.6,191.4,1,1
West Bengal,Groundnut,Zaid,Laterite,2,13.63,48.22,3.537,1031.0,784.6,31.4,22.9,67.3,0,0
Punjab,Soybean,Zaid,Alluvial,5,33.54,188.92,5.632,467.2,767.2,-39.1,37.5,133.9,0,1
Andhra Pradesh,Sugarcane,Rabi,Sandy,1,18.39,49.37,2.684,1004.7,751.2,33.74,29.3,85.7,1,0
Punjab,Pulses,Kharif,Laterite,2,27.47,125.81,4.58,295.3,793.7,-62.79,30.9,170.7,1,1
Maharashtra,Jowar,Kharif,Alluvial,5,24.63,84.11,3.414,502.6,1000.9,-49.79,37.3,275.8,1,1
West Bengal,Sugarcane,Zaid,Laterite,2,19.37,80.07,4.134,721.3,709.8,1.62,26.5,231.6,1,0
Haryana,Bajra,Zaid,Laterite,2,36.08,127.08,3.522,838.4,946.8,-11.45,22.2,135.0,1,0
Karnataka,Bajra,Rabi,Laterite,2,44.25,258.24,5.836,656.8,775.3,-15.29,19.6,318.5,0,0
Tamil Nadu,Rice,Zaid,Alluvial,5,0.76,3.38,4.461,650.0,550.9,17.99,34.1,96.0,0,0
Andhra Pradesh,Soybean,Rabi,Sandy,1,46.71,105.41,2.257,1076.8,798.5,34.85,23.8,129.9,1,0
Uttar Pradesh,Groundnut,Kharif,Alluvial,5,25.82,143.26,5.548,1097.2,1095.9,0.11,10.0,286.6,1,0
Punjab,Maize,Rabi,Alluvial,5,35.19,86.92,2.47,693.9,747.2,-7.13,10.0,119.0,1,0
Tamil Nadu,Groundnut,Zaid,Laterite,2,42.85,122.48,2.858,701.5,814.4,-13.87,17.1,287.6,1,0
Uttar Pradesh,Groundnut,Kharif,Red,3,23.62,35.68,1.511,728.2,851.2,-14.45,23.7,391.9,1,0
Tamil Nadu,Wheat,Rabi,Red,3,41.83,230.06,5.5,1354.4,879.6,53.98,24.6,341.0,1,0
Karnataka,Groundnut,Kharif,Red,3,9.29,22.59,2.431,804.2,1081.4,-25.63,29.2,106.0,0,1
Uttar Pradesh,Rice,Rabi,Alluvial,5,8.38,19.23,2.295,1192.8,731.1,63.15,19.2,232.2,1,0
Rajasthan,Sugarcane,Zaid,Laterite,2,33.04,185.09,5.601,983.0,851.6,15.43,27.3,197.8,1,0
Madhya Pradesh,Bajra,Zaid,Red,3,43.57,219.06,5.028,773.8,963.8,-19.72,31.3,397.1,0,0
Rajasthan,Groundnut,Kharif,Black,4,44.68,76.19,1.705,638.2,742.9,-14.1,25.1,387.5,1,0
West Bengal,Groundnut,Kharif,Black,4,32.37,156.86,4.847,994.8,861.0,15.54,23.2,94.5,0,0
Madhya Pradesh,Wheat,Kharif,Black,4,26.51,147.54,5.565,603.5,997.3,-39.49,20.8,368.1,1,1
Rajasthan,Jowar,Rabi,Sandy,1,16.9,23.54,1.393,703.4,772.0,-8.89,32.9,117.7,1,1
Madhya Pradesh,Maize,Zaid,Laterite,2,49.01,251.23,5.126,964.7,824.0,17.07,17.8,161.8,0,0
Madhya Pradesh,Jowar,Kharif,Alluvial,5,16.32,61.01,3.737,739.9,677.3,9.24,35.5,173.7,1,0
Haryana,Maize,Kharif,Alluvial,5,37.34,162.27,4.346,701.3,992.0,-29.31,25.9,150.4,1,1
Punjab,Pulses,Kharif,Laterite,2,26.83,92.96,3.464,723.0,873.8,-17.25,19.8,348.6,1,0
Punjab,Groundnut,Rabi,Sandy,1,30.62,137.46,4.489,628.3,786.2,-20.08,31.0,165.5,1,1
Haryana,Wheat,Kharif,Laterite,2,19.98,23.38,1.17,912.4,803.8,13.51,29.0,335.9,1,1
Tamil Nadu,Cotton,Kharif,Sandy,1,48.26,232.3,4.814,809.1,848.6,-4.66,28.5,398.0,0,0
Maharashtra,Soybean,Rabi,Red,3,28.8,33.6,1.167,461.0,900.1,-48.79,30.2,344.3,1,1
Tamil Nadu,Bajra,Rabi,Red,3,46.92,153.73,3.276,678.1,752.1,-9.83,27.0,171.2,1,0
Uttar Pradesh,Sugarcane,Kharif,Sandy,1,0.88,1.54,1.755,708.2,763.9,-7.28,28.8,298.9,1,1
Uttar Pradesh,Bajra,Kharif,Laterite,2,28.85,147.64,5.118,706.5,810.5,-12.83,34.2,236.9,0,0
Madhya Pradesh,Sugarcane,Rabi,Red,3,36.0,92.46,2.568,949.8,872.7,8.84,27.2,325.3,1,0
Rajasthan,Pulses,Zaid,Laterite,2,37.38,122.25,3.27,624.5,1090.9,-42.76,30.9,103.6,0,1
Rajasthan,Jowar,Rabi,Red,3,45.3,142.4,3.144,1476.0,729.6,102.3,12.8,273.3,0,0
Punjab,Rice,Zaid,Laterite,2,0.72,3.49,4.863,1146.4,602.1,90.41,27.9,320.8,1,0
Andhra Pradesh,Groundnut,Kharif,Laterite,2,0.52,1.76,3.406,1145.2,1060.0,8.04,41.1,316.4,1,0
Tamil Nadu,Cotton,Kharif,Black,4,23.88,118.07,4.945,541.6,718.3,-24.6,15.3,387.3,1,1
West Bengal,Sugarcane,Zaid,Sandy,1,1.95,2.67,1.368,292.4,1070.1,-72.68,38.0,70.4,1,1
Karnataka,Soybean,Rabi,Alluvial,5,48.74,95.43,1.958,715.2,1036.5,-31.0,30.3,171.0,0,1
Rajasthan,Sugarcane,Kharif,Sandy,1,11.49,43.18,3.758,873.4,931.6,-6.25,15.8,216.8,1,0
Karnataka,Rice,Zaid,Laterite,2,23.9,137.06,5.735,759.5,1032.3,-26.43,26.2,158.4,0,1
Madhya Pradesh,Bajra,Rabi,Laterite,2,3.53,4.84,1.374,667.5,575.3,16.04,28.4,158.4,1,1
Karnataka,Wheat,Zaid,Sandy,1,26.34,32.02,1.215,364.8,647.1,-43.64,31.5,111.6,1,1
West Bengal,Bajra,Rabi,Laterite,2,19.31,34.42,1.783,632.0,892.6,-29.2,23.4,334.5,0,1
Haryana,Pulses,Rabi,Red,3,2.71,11.4,4.206,739.2,792.0,-6.66,30.2,367.8,0,0
West Bengal,Wheat,Rabi,Laterite,2,17.09,51.18,2.995,676.2,732.2,-7.66,34.3,78.8,1,0
Karnataka,Bajra,Rabi,Sandy,1,19.88,101.92,5.128,674.7,971.2,-30.53,31.3,104.2,1,1
West Bengal,Soybean,Zaid,Sandy,1,49.5,67.3,1.36,600.4,888.6,-32.43,33.2,130.0,1,1
Maharashtra,Bajra,Zaid,Sandy,1,10.79,21.39,1.982,1213.7,1007.4,20.48,23.3,228.1,0,1
Madhya Pradesh,Soybean,Zaid,Black,4,27.47,68.67,2.5,977.1,794.2,23.03,30.1,326.9,1,0
Tamil Nadu,Soybean,Zaid,Black,4,49.37,204.09,4.134,1039.0,847.5,22.59,39.8,75.0,0,0
Haryana,Wheat,Zaid,Black,4,39.7,175.73,4.426,868.2,1080.9,-19.68,19.5,272.9,1,0
Rajasthan,Jowar,Rabi,Black,4,49.67,80.52,1.621,466.2,657.5,-29.09,28.5,102.3,0,1
Uttar Pradesh,Maize,Kharif,Black,4,48.43,276.98,5.719,984.6,837.1,17.63,19.3,390.0,0,0
Tamil Nadu,Groundnut,Kharif,Black,4,24.73,66.91,2.705,1137.1,718.8,58.18,33.5,364.6,1,0
Uttar Pradesh,Sugarcane,Zaid,Black,4,34.97,159.67,4.566,1173.5,1104.3,6.27,14.1,382.4,0,0
Madhya Pradesh,Maize,Zaid,Sandy,1,5.97,21.61,3.621,955.9,1210.9,-21.06,22.6,87.2,1,1
Haryana,Rice,Kharif,Alluvial,5,22.34,47.22,2.114,800.2,881.5,-9.22,39.8,220.8,1,0
Punjab,Jowar,Rabi,Black,4,40.55,212.1,5.231,799.5,923.9,-13.46,23.0,107.8,1,0
Rajasthan,Maize,Zaid,Sandy,1,25.51,129.9,5.091,929.7,834.4,11.42,25.6,260.1,0,0
Maharashtra,Wheat,Rabi,Alluvial,5,35.28,105.16,2.98,389.7,828.6,-52.97,33.5,131.5,0,1
Punjab,Rice,Kharif,Black,4,37.41,147.53,3.943,959.6,862.5,11.26,25.2,319.7,1,0
Madhya Pradesh,Cotton,Kharif,Alluvial,5,13.05,29.87,2.289,678.6,647.7,4.77,13.8,275.4,0,0
Tamil Nadu,Jowar,Zaid,Alluvial,5,43.85,195.09,4.449,1352.4,949.0,42.5,19.6,250.1,1,0
Maharashtra,Maize,Rabi,Red,3,23.26,59.2,2.545,724.9,702.2,3.23,33.9,338.8,1,0
West Bengal,Rice,Zaid,Laterite,2,10.9,56.92,5.22,848.6,796.9,6.49,34.8,225.1,1,0
Karnataka,Cotton,Kharif,Red,3,43.34,90.44,2.087,836.2,855.0,-2.2,14.0,144.4,0,0
Maharashtra,Bajra,Rabi,Alluvial,5,21.18,22.75,1.074,627.0,735.7,-14.78,20.3,267.2,1,0
Madhya Pradesh,Rice,Zaid,Sandy,1,37.64,88.17,2.343,914.3,939.7,-2.7,22.0,385.0,1,0
Andhra Pradesh,Wheat,Zaid,Black,4,27.63,54.02,1.955,885.5,778.7,13.72,23.7,260.4,1,0
Karnataka,Bajra,Zaid,Laterite,2,19.4,68.71,3.541,1055.7,1009.8,4.54,20.4,270.4,0,0
Uttar Pradesh,Wheat,Kharif,Black,4,40.59,81.93,2.019,980.1,719.3,36.26,26.6,377.2,1,0
Rajasthan,Maize,Zaid,Sandy,1,29.43,141.74,4.816,846.8,825.0,2.64,22.6,230.3,1,0
Uttar Pradesh,Groundnut,Rabi,Laterite,2,19.83,43.77,2.207,595.3,689.2,-13.63,23.4,398.7,1,0
Maharashtra,Maize,Zaid,Red,3,5.93,26.87,4.535,602.6,997.4,-39.58,19.2,105.9,0,1
Uttar Pradesh,Bajra,Kharif,Alluvial,5,44.82,174.47,3.892,1214.3,803.4,51.15,30.7,238.0,1,0
Madhya Pradesh,Soybean,Zaid,Sandy,1,2.26,13.38,5.931,821.8,766.4,7.22,17.7,124.5,0,0
West Bengal,Maize,Kharif,Alluvial,5,43.23,259.35,6.0,1319.1,821.5,60.58,28.3,208.7,1,0
Tamil Nadu,Bajra,Kharif,Alluvial,5,18.32,97.96,5.348,595.4,833.6,-28.57,32.0,109.7,1,1
Rajasthan,Rice,Rabi,Black,4,32.15,154.3,4.8,1348.5,910.8,48.05,37.9,127.9,1,0
Uttar Pradesh,Pulses,Rabi,Sandy,1,46.15,135.32,2.932,564.1,930.9,-39.4,29.0,123.8,1,1
Uttar Pradesh,Maize,Zaid,Alluvial,5,8.01,38.18,4.766,690.4,827.3,-16.54,27.4,162.0,0,0
Maharashtra,Rice,Kharif,Red,3,28.56,165.2,5.783,910.5,844.1,7.87,15.9,97.1,1,0
Tamil Nadu,Wheat,Kharif,Laterite,2,38.34,42.82,1.117,1049.4,400.0,162.35,34.8,333.3,0,1
Punjab,Jowar,Rabi,Sandy,1,38.0,140.21,3.69,969.5,782.2,23.95,26.9,127.2,0,0
Uttar Pradesh,Groundnut,Rabi,Black,4,26.52,55.42,2.09,321.7,1064.6,-69.78,27.9,195.8,0,1
Madhya Pradesh,Wheat,Zaid,Sandy,1,31.42,119.08,3.789,656.9,917.3,-28.39,28.4,55.6,1,1
Andhra Pradesh,Wheat,Kharif,Black,4,38.0,126.62,3.332,513.6,689.0,-25.46,26.7,86.7,0,1
Rajasthan,Bajra,Rabi,Laterite,2,42.13,163.42,3.879,454.7,791.9,-42.58,26.0,363.7,1,1
Uttar Pradesh,Soybean,Zaid,Red,3,38.21,143.47,3.755,795.9,760.5,4.66,23.8,343.0,0,0
Madhya Pradesh,Sugarcane,Kharif,Alluvial,5,18.02,104.54,5.801,272.1,1010.5,-73.07,30.4,344.3,1,1
Madhya Pradesh,Pulses,Kharif,Sandy,1,49.84,187.44,3.761,1050.0,995.3,5.49,17.0,194.0,1,0
Rajasthan,Soybean,Rabi,Black,4,22.01,115.13,5.231,986.2,732.8,34.57,16.9,99.5,0,0
Punjab,Bajra,Zaid,Laterite,2,1.71,4.45,2.599,1204.9,851.5,41.5,20.9,87.8,1,0
Madhya Pradesh,Groundnut,Rabi,Alluvial,5,18.45,58.86,3.191,533.3,679.9,-21.56,33.5,262.0,1,1
Andhra Pradesh,Pulses,Zaid,Laterite,2,6.83,22.88,3.352,557.9,756.0,-26.2,28.7,339.9,0,1
Madhya Pradesh,Pulses,Kharif,Red,3,6.51,15.59,2.394,1063.0,761.5,39.59,22.2,365.0,1,0
Madhya Pradesh,Bajra,Zaid,Alluvial,5,14.44,41.85,2.899,1081.9,744.7,45.29,21.2,151.1,0,0
Madhya Pradesh,Cotton,Zaid,Alluvial,5,3.14,12.54,3.993,1137.2,904.9,25.66,25.5,162.4,0,0
West Bengal,Wheat,Zaid,Alluvial,5,34.58,134.9,3.901,1088.5,1052.4,3.44,28.4,85.3,1,0
West Bengal,Jowar,Zaid,Black,4,4.16,17.41,4.182,854.8,841.0,1.64,34.2,321.0,0,0
Punjab,Cotton,Zaid,Alluvial,5,10.56,29.14,2.759,685.0,691.8,-0.98,38.3,146.5,0,0
Uttar Pradesh,Bajra,Rabi,Laterite,2,5.1,13.15,2.579,983.7,881.2,11.64,25.2,218.3,1,0
Madhya Pradesh,Cotton,Zaid,Black,4,3.63,14.72,4.058,689.5,881.4,-21.77,39.2,375.1,1,1
Tamil Nadu,Jowar,Zaid,Alluvial,5,13.75,22.89,1.664,826.3,821.7,0.56,26.5,313.3,1,0
Uttar Pradesh,Bajra,Kharif,Laterite,2,28.81,65.26,2.265,704.6,1128.9,-37.59,27.8,68.5,1,1
Punjab,Bajra,Zaid,Laterite,2,48.25,58.42,1.211,866.7,886.6,-2.25,31.9,52.9,1,1
Haryana,Pulses,Kharif,Sandy,1,43.84,59.76,1.363,1110.5,936.1,18.64,32.7,325.6,0,1
Uttar Pradesh,Cotton,Rabi,Laterite,2,43.86,97.23,2.217,712.6,513.7,38.73,35.5,243.4,1,0
Uttar Pradesh,Rice,Rabi,Red,3,9.22,10.12,1.098,674.7,705.6,-4.38,18.3,302.1,0,1
Karnataka,Maize,Zaid,Alluvial,5,13.61,30.32,2.227,773.5,927.1,-16.57,26.7,104.9,1,0
Maharashtra,Bajra,Rabi,Alluvial,5,4.28,18.3,4.275,505.3,892.6,-43.39,33.5,355.2,1,1
Karnataka,Cotton,Zaid,Alluvial,5,39.03,50.96,1.306,966.0,793.2,21.78,19.6,320.7,1,0
Andhra Pradesh,Sugarcane,Rabi,Laterite,2,3.96,12.59,3.184,829.1,918.0,-9.68,14.8,361.8,1,0
West Bengal,Groundnut,Zaid,Laterite,2,28.06,156.15,5.566,791.2,989.1,-20.01,17.1,169.4,1,1
West Bengal,Sugarcane,Zaid,Alluvial,5,12.77,63.29,4.956,882.2,779.1,13.23,25.3,146.5,1,0
Maharashtra,Cotton,Kharif,Black,4,12.55,31.72,2.527,431.5,756.5,-42.96,38.1,103.1,1,1
Rajasthan,Wheat,Kharif,Black,4,49.54,278.62,5.624,1150.2,811.6,41.72,16.9,375.5,1,0
Rajasthan,Wheat,Kharif,Red,3,37.96,100.53,2.648,670.1,924.7,-27.54,19.0,111.9,0,1
Punjab,Cotton,Kharif,Sandy,1,41.93,57.13,1.363,706.3,764.1,-7.56,23.0,91.8,1,1
Maharashtra,Pulses,Zaid,Red,3,28.81,172.02,5.97,1016.3,977.9,3.92,20.0,117.4,0,0
Uttar Pradesh,Pulses,Rabi,Alluvial,5,43.62,233.35,5.35,952.8,777.7,22.52,19.0,320.0,1,0
Rajasthan,Bajra,Zaid,Alluvial,5,32.45,108.05,3.33,1299.7,766.1,69.66,13.8,361.3,0,0
Madhya Pradesh,Jowar,Kharif,Alluvial,5,47.34,205.05,4.332,558.7,1202.0,-53.52,22.8,333.8,1,1
Tamil Nadu,Maize,Kharif,Sandy,1,14.43,62.84,4.356,565.6,664.8,-14.93,37.8,247.1,1,0
Uttar Pradesh,Bajra,Rabi,Laterite,2,29.97,59.11,1.972,501.0,967.3,-48.2,29.3,397.9,0,1
Andhra Pradesh,Sugarcane,Kharif,Sandy,1,34.66,69.33,2.0,833.4,579.0,43.93,33.1,74.1,1,0
Madhya Pradesh,Maize,Zaid,Red,3,19.95,66.79,3.348,732.4,948.7,-22.81,22.4,353.5,0,1
Madhya Pradesh,Sugarcane,Zaid,Laterite,2,44.05,244.8,5.558,626.2,1253.8,-50.06,20.9,199.7,1,1
Maharashtra,Pulses,Zaid,Laterite,2,49.0,51.45,1.05,783.6,1008.6,-22.31,29.1,209.3,1,1
Punjab,Cotton,Zaid,Red,3,24.94,122.53,4.913,542.0,1050.7,-48.42,26.5,94.7,0,1
Andhra Pradesh,Jowar,Zaid,Laterite,2,19.84,25.54,1.288,1186.5,835.6,41.99,25.7,61.7,1,1
Rajasthan,Sugarcane,Rabi,Black,4,23.86,80.92,3.391,625.2,991.3,-36.93,36.1,160.8,1,1
Maharashtra,Pulses,Zaid,Red,3,42.71,178.93,4.189,657.2,887.3,-25.93,21.2,111.2,1,1
Rajasthan,Jowar,Kharif,Red,3,32.45,143.88,4.434,203.3,1153.9,-82.38,20.3,219.2,0,1
Maharashtra,Bajra,Kharif,Black,4,2.72,3.51,1.292,388.6,684.0,-43.18,31.1,101.6,0,1
Maharashtra,Cotton,Kharif,Sandy,1,27.34,84.56,3.093,653.0,1028.1,-36.49,30.3,98.3,1,1
Maharashtra,Groundnut,Kharif,Sandy,1,1.36,5.32,3.919,723.6,914.2,-20.84,19.7,356.9,1,1
Punjab,Wheat,Rabi,Sandy,1,39.04,51.93,1.33,979.8,713.1,37.41,26.5,372.5,1,1
Maharashtra,Soybean,Kharif,Laterite,2,16.75,28.07,1.675,426.1,808.8,-47.32,15.2,387.5,0,1
Haryana,Jowar,Rabi,Black,4,23.86,103.05,4.318,913.0,609.9,49.71,27.8,288.2,1,0
Tamil Nadu,Groundnut,Kharif,Red,3,40.03,144.45,3.608,956.0,400.0,139.01,23.2,319.9,1,0
Rajasthan,Groundnut,Rabi,Red,3,2.8,5.06,1.809,969.2,670.1,44.65,24.5,342.5,0,1
Uttar Pradesh,Jowar,Rabi,Red,3,8.35,30.69,3.676,1058.9,791.8,33.74,19.2,280.6,0,0
Karnataka,Groundnut,Rabi,Laterite,2,20.2,112.38,5.563,509.5,862.2,-40.9,33.2,165.6,1,1
Andhra Pradesh,Sugarcane,Kharif,Laterite,2,11.88,12.81,1.078,935.3,653.5,43.12,27.6,104.7,0,1
West Bengal,Groundnut,Rabi,Sandy,1,17.23,72.58,4.213,1241.3,802.5,54.68,32.0,133.0,1,0
Punjab,Pulses,Zaid,Laterite,2,49.91,68.29,1.368,1150.1,885.5,29.88,25.4,344.1,0,1
Uttar Pradesh,Maize,Zaid,Sandy,1,41.36,42.69,1.032,1273.0,763.5,66.72,33.1,293.6,0,1
Madhya Pradesh,Sugarcane,Kharif,Sandy,1,44.25,77.59,1.753,860.3,687.9,25.06,14.8,209.5,1,1
Haryana,Groundnut,Zaid,Red,3,46.88,146.02,3.115,652.0,740.3,-11.92,26.0,60.3,0,0
West Bengal,Bajra,Zaid,Laterite,2,17.38,87.09,5.012,167.4,1050.5,-84.06,33.2,143.2,1,1
Karnataka,Wheat,Zaid,Sandy,1,15.21,36.63,2.409,489.3,591.0,-17.2,14.1,305.1,1,0
Uttar Pradesh,Cotton,Kharif,Black,4,12.09,49.9,4.128,668.6,1023.2,-34.65,26.8,229.3,1,1
West Bengal,Groundnut,Kharif,Black,4,41.59,127.09,3.056,713.7,1054.8,-32.34,29.5,202.4,1,1
Uttar Pradesh,Rice,Zaid,Laterite,2,34.14,74.14,2.172,602.1,796.6,-24.42,23.7,159.8,0,1
Haryana,Wheat,Kharif,Red,3,12.19,43.54,3.571,884.9,919.0,-3.71,32.0,262.4,1,0
Karnataka,Bajra,Rabi,Red,3,19.16,95.56,4.987,848.7,732.9,15.81,32.0,388.2,1,0
Madhya Pradesh,Pulses,Zaid,Sandy,1,25.58,132.07,5.162,810.2,890.2,-8.98,22.3,365.4,0,0
Maharashtra,Groundnut,Kharif,Laterite,2,26.64,139.41,5.233,996.3,1184.0,-15.85,23.7,60.7,0,0
Rajasthan,Pulses,Kharif,Black,4,44.49,119.81,2.693,682.6,1040.7,-34.41,19.0,218.3,0,1
Madhya Pradesh,Groundnut,Zaid,Sandy,1,19.34,96.06,4.967,1074.0,774.5,38.67,27.9,165.3,0,0
Maharashtra,Soybean,Kharif,Sandy,1,45.47,93.71,2.061,499.1,652.1,-23.47,27.2,228.7,1,1
Punjab,Maize,Zaid,Alluvial,5,22.35,104.86,4.692,724.1,805.9,-10.15,26.0,262.2,1,0
Tamil Nadu,Pulses,Kharif,Laterite,2,37.45,215.01,5.742,879.6,891.0,-1.27,26.6,120.0,1,0
Andhra Pradesh,Maize,Rabi,Sandy,1,46.55,49.75,1.069,320.3,958.2,-66.57,20.9,323.5,1,1
Andhra Pradesh,Wheat,Zaid,Black,4,45.42,145.44,3.202,674.0,833.6,-19.14,17.4,216.3,1,0
Rajasthan,Soybean,Rabi,Alluvial,5,3.32,14.07,4.239,977.9,1117.9,-12.52,28.7,397.2,0,0
Karnataka,Cotton,Zaid,Black,4,10.68,48.17,4.509,693.2,854.9,-18.92,24.8,58.8,1,0
Haryana,Sugarcane,Kharif,Red,3,24.11,45.33,1.88,344.3,778.7,-55.78,19.8,116.4,0,1
Karnataka,Maize,Rabi,Alluvial,5,21.86,128.13,5.861,578.2,928.7,-37.74,21.6,291.4,0,1
Haryana,Soybean,Kharif,Alluvial,5,32.22,131.36,4.076,463.7,955.0,-51.44,31.5,293.3,1,1
Karnataka,Maize,Zaid,Sandy,1,47.26,86.1,1.822,924.1,735.6,25.62,31.2,253.8,0,1
Tamil Nadu,Jowar,Zaid,Red,3,6.06,6.69,1.103,829.3,709.2,16.94,30.0,390.2,0,1
Punjab,Bajra,Zaid,Sandy,1,22.87,112.42,4.916,409.6,603.7,-32.15,25.8,195.4,0,1
Punjab,Cotton,Zaid,Laterite,2,10.02,14.02,1.399,390.5,806.7,-51.59,21.9,196.0,0,1
Maharashtra,Bajra,Zaid,Black,4,44.76,76.32,1.705,618.8,1032.5,-40.07,33.9,368.7,1,1
West Bengal,Groundnut,Rabi,Black,4,48.25,186.92,3.874,807.8,949.9,-14.96,24.1,238.5,0,0
Punjab,Maize,Zaid,Sandy,1,24.2,97.21,4.018,632.0,1018.6,-37.95,27.6,173.8,0,1
Punjab,Groundnut,Kharif,Black,4,5.65,25.05,4.434,887.6,751.8,18.05,20.9,301.6,0,0
Madhya Pradesh,Rice,Rabi,Black,4,39.37,116.84,2.968,878.9,825.5,6.47,24.6,266.9,0,0
Madhya Pradesh,Maize,Kharif,Laterite,2,35.01,170.47,4.869,933.1,564.1,65.4,10.0,157.2,1,0
Maharashtra,Soybean,Zaid,Red,3,18.06,106.02,5.872,446.7,1001.2,-55.39,22.2,154.3,0,1
West Bengal,Cotton,Kharif,Alluvial,5,44.43,104.65,2.355,731.0,1051.4,-30.47,16.9,188.5,0,1
Rajasthan,Groundnut,Rabi,Sandy,1,48.8,220.36,4.515,1068.9,690.0,54.9,27.3,75.1,1,0
Madhya Pradesh,Maize,Rabi,Sandy,1,28.11,158.63,5.642,632.0,1093.9,-42.22,22.4,379.9,0,1
Rajasthan,Rice,Rabi,Laterite,2,28.5,126.31,4.431,596.6,814.8,-26.78,24.2,114.1,1,1
Uttar Pradesh,Bajra,Kharif,Laterite,2,15.23,67.08,4.406,677.9,687.5,-1.39,38.8,117.8,0,0
Madhya Pradesh,Soybean,Rabi,Alluvial,5,29.43,62.36,2.119,671.6,802.6,-16.32,19.9,276.5,1,0
Tamil Nadu,Jowar,Kharif,Red,3,22.26,81.83,3.676,830.4,944.3,-12.06,26.7,303.5,1,0
West Bengal,Maize,Zaid,Sandy,1,15.46,58.94,3.813,654.6,841.9,-22.25,27.3,307.9,1,1
Maharashtra,Jowar,Zaid,Laterite,2,3.83,17.22,4.501,295.0,763.3,-61.35,20.3,181.3,1,1
Uttar Pradesh,Wheat,Kharif,Sandy,1,13.01,77.85,5.984,1096.3,938.8,16.77,32.6,355.7,1,0
West Bengal,Cotton,Rabi,Black,4,10.29,12.03,1.168,926.6,952.7,-2.74,35.9,240.4,1,0
Tamil Nadu,Maize,Kharif,Sandy,1,27.33,36.25,1.326,837.3,823.9,1.62,33.2,203.5,1,1
West Bengal,Pulses,Kharif,Red,3,30.28,42.09,1.39,776.5,796.5,-2.51,20.3,333.6,0,1
Tamil Nadu,Rice,Kharif,Red,3,30.62,144.39,4.715,719.3,768.2,-6.36,21.8,135.2,0,0
Tamil Nadu,Groundnut,Zaid,Sandy,1,19.71,33.16,1.682,600.0,921.8,-34.91,13.8,351.1,0,1
Rajasthan,Pulses,Kharif,Black,4,21.35,87.8,4.112,330.6,609.4,-45.75,24.9,238.6,1,1
Karnataka,Wheat,Zaid,Red,3,41.79,109.64,2.623,1206.9,735.6,64.06,25.3,365.0,0,0
Uttar Pradesh,Cotton,Kharif,Laterite,2,24.07,79.12,3.287,805.2,825.7,-2.48,30.7,120.6,1,0
West Bengal,Bajra,Zaid,Sandy,1,49.39,102.66,2.078,397.2,731.8,-45.72,36.6,377.6,0,1
Haryana,Soybean,Kharif,Black,4,22.26,118.66,5.331,543.5,888.1,-38.81,18.4,290.8,1,1
Uttar Pradesh,Jowar,Kharif,Laterite,2,32.65,128.36,3.931,876.1,874.5,0.18,26.8,266.4,1,0
Karnataka,Wheat,Rabi,Sandy,1,2.99,17.13,5.723,871.1,1222.1,-28.72,24.6,197.7,1,1
Uttar Pradesh,Groundnut,Rabi,Black,4,32.84,127.19,3.873,613.1,735.8,-16.67,25.1,384.7,1,0
Punjab,Soybean,Kharif,Laterite,2,42.65,69.07,1.62,530.5,848.3,-37.46,35.4,205.4,1,1
Haryana,Bajra,Kharif,Red,3,47.15,87.44,1.854,656.9,706.5,-7.01,26.6,224.5,0,1
Karnataka,Groundnut,Kharif,Sandy,1,49.87,296.48,5.945,317.6,1141.0,-72.16,29.3,323.5,0,1
Rajasthan,Rice,Kharif,Sandy,1,14.47,66.95,4.628,681.1,1105.2,-38.37,28.8,149.7,1,1
West Bengal,Jowar,Rabi,Red,3,28.98,36.12,1.246,683.7,614.8,11.21,27.3,152.0,1,0
Andhra Pradesh,Pulses,Zaid,Alluvial,5,22.81,103.08,4.519,1181.7,825.3,43.17,21.4,321.4,1,0
Karnataka,Maize,Kharif,Laterite,2,28.41,86.96,3.061,687.3,855.4,-19.65,37.2,95.0,0,0
Maharashtra,Wheat,Rabi,Red,3,8.29,21.03,2.536,863.2,799.0,8.04,25.8,338.0,0,0
West Bengal,Maize,Kharif,Sandy,1,42.88,75.91,1.77,1199.6,777.4,54.3,29.2,268.8,0,1
Karnataka,Soybean,Kharif,Laterite,2,45.52,236.7,5.2,533.2,965.6,-44.78,27.5,238.7,1,1
Punjab,Maize,Zaid,Laterite,2,22.76,30.02,1.319,643.8,1118.2,-42.42,13.3,130.2,0,1
Andhra Pradesh,Pulses,Kharif,Alluvial,5,14.38,35.22,2.449,665.1,971.1,-31.5,19.7,325.2,1,1
Punjab,Sugarcane,Kharif,Sandy,1,7.47,18.92,2.532,381.4,979.6,-61.07,26.7,331.7,1,1
Andhra Pradesh,Soybean,Zaid,Black,4,34.35,61.98,1.805,734.6,796.8,-7.8,20.9,219.0,0,1
Maharashtra,Jowar,Zaid,Alluvial,5,15.96,56.5,3.541,1090.8,1002.6,8.8,28.4,186.2,0,0
West Bengal,Groundnut,Zaid,Alluvial,5,45.52,48.19,1.059,1011.4,1002.1,0.93,20.5,136.2,0,1
Rajasthan,Jowar,Zaid,Black,4,33.72,84.45,2.505,1095.6,778.8,40.67,26.1,314.0,1,0
Punjab,Maize,Rabi,Black,4,32.46,184.0,5.668,641.5,815.0,-21.29,15.8,273.8,0,1
Punjab,Cotton,Rabi,Alluvial,5,28.19,71.96,2.553,517.7,613.7,-15.64,31.0,122.3,0,0
Tamil Nadu,Soybean,Rabi,Laterite,2,2.77,7.75,2.802,1364.0,647.1,110.78,28.7,328.1,0,0
Andhra Pradesh,Groundnut,Kharif,Red,3,46.63,156.95,3.366,853.7,784.9,8.76,29.0,358.8,0,0
Madhya Pradesh,Bajra,Zaid,Red,3,31.58,120.28,3.808,396.9,689.5,-42.44,25.5,70.7,0,1
West Bengal,Rice,Zaid,Alluvial,5,49.71,250.69,5.044,1440.1,970.7,48.36,21.8,320.3,0,0
Andhra Pradesh,Jowar,Rabi,Laterite,2,27.1,52.89,1.952,777.5,826.2,-5.89,35.5,348.5,0,1
Tamil Nadu,Jowar,Kharif,Black,4,35.65,191.04,5.359,100.0,929.9,-89.25,36.0,397.0,1,1
Uttar Pradesh,Soybean,Kharif,Alluvial,5,3.28,15.72,4.788,1163.6,666.9,74.49,25.6,133.2,0,0
Andhra Pradesh,Cotton,Kharif,Sandy,1,31.77,146.57,4.613,222.4,1044.8,-78.71,22.6,179.9,1,1
Rajasthan,Maize,Rabi,Laterite,2,38.35,55.0,1.434,872.1,923.4,-5.56,15.6,388.2,1,1
West Bengal,Maize,Kharif,Sandy,1,39.04,43.26,1.108,1010.6,910.7,10.97,27.4,82.9,1,1
Tamil Nadu,Soybean,Kharif,Sandy,1,38.62,153.33,3.97,970.3,992.0,-2.19,22.0,233.3,0,0
Uttar Pradesh,Jowar,Kharif,Alluvial,5,11.7,62.2,5.316,1189.0,897.8,32.44,23.1,227.4,0,0
Haryana,Groundnut,Zaid,Laterite,2,48.78,191.33,3.922,1054.3,698.0,51.05,31.8,262.3,1,0
Tamil Nadu,Rice,Rabi,Sandy,1,49.76,102.82,2.066,1264.2,944.0,33.91,20.2,165.8,1,0
Haryana,Soybean,Zaid,Laterite,2,4.24,6.16,1.453,776.8,731.9,6.13,37.5,374.1,0,1
West Bengal,Groundnut,Zaid,Red,3,46.85,210.75,4.498,696.6,881.6,-20.99,19.9,144.5,0,1
Punjab,Groundnut,Rabi,Sandy,1,14.83,68.34,4.609,713.3,734.1,-2.83,13.7,277.4,1,0
Tamil Nadu,Bajra,Zaid,Sandy,1,34.62,64.48,1.863,1143.4,1099.3,4.01,22.1,223.6,0,1
Maharashtra,Pulses,Kharif,Laterite,2,17.24,19.67,1.141,640.2,950.4,-32.65,28.1,143.3,1,1
Haryana,Sugarcane,Kharif,Red,3,48.4,147.22,3.041,1011.9,1001.1,1.07,26.8,116.1,1,0
Rajasthan,Rice,Kharif,Sandy,1,5.52,21.62,3.914,585.0,736.1,-20.53,27.1,384.8,0,1
Maharashtra,Wheat,Kharif,Alluvial,5,25.14,113.88,4.53,589.5,894.8,-34.12,24.3,246.5,1,1
Karnataka,Cotton,Rabi,Laterite,2,21.69,109.52,5.05,1096.1,878.5,24.76,23.0,261.5,1,0
Karnataka,Sugarcane,Zaid,Laterite,2,16.64,67.43,4.053,909.2,866.5,4.92,18.6,324.0,1,0
Uttar Pradesh,Bajra,Zaid,Sandy,1,32.45,50.45,1.554,260.1,559.4,-53.5,26.8,78.4,1,1
Punjab,Rice,Kharif,Red,3,6.99,30.83,4.413,586.5,1144.6,-48.76,32.3,299.8,0,1
West Bengal,Maize,Kharif,Sandy,1,35.97,213.0,5.921,157.3,844.2,-81.37,26.1,107.8,1,1
Tamil Nadu,Sugarcane,Zaid,Black,4,49.04,271.09,5.528,706.1,925.3,-23.69,21.4,309.2,0,1
Madhya Pradesh,Maize,Rabi,Sandy,1,40.33,216.08,5.358,731.6,652.8,12.08,26.9,99.5,1,0
Rajasthan,Cotton,Zaid,Black,4,43.07,108.14,2.511,681.5,1069.6,-36.28,34.8,341.4,1,1
Haryana,Maize,Kharif,Alluvial,5,18.3,87.01,4.754,1101.6,1056.9,4.23,24.8,288.4,0,0
West Bengal,Cotton,Kharif,Laterite,2,16.58,87.15,5.256,903.3,978.2,-7.66,18.6,185.1,0,0
Maharashtra,Rice,Rabi,Laterite,2,26.09,114.59,4.392,1416.5,890.9,58.99,27.3,175.6,1,0
Karnataka,Jowar,Zaid,Red,3,2.76,6.23,2.253,933.5,1200.3,-22.23,29.5,102.1,0,1
Rajasthan,Cotton,Rabi,Sandy,1,47.3,272.85,5.769,938.1,997.5,-5.95,31.2,366.4,1,0
Madhya Pradesh,Groundnut,Rabi,Alluvial,5,7.62,24.79,3.254,868.0,645.1,34.56,30.2,91.5,0,0
Tamil Nadu,Wheat,Kharif,Black,4,45.2,74.53,1.649,732.7,883.7,-17.08,27.0,215.2,1,0
Uttar Pradesh,Wheat,Zaid,Red,3,4.64,7.18,1.549,637.6,937.6,-32.0,21.0,132.8,1,1
Madhya Pradesh,Soybean,Kharif,Alluvial,5,41.22,174.67,4.238,741.3,865.8,-14.38,20.1,398.7,0,0
Rajasthan,Wheat,Zaid,Alluvial,5,8.02,25.58,3.189,752.7,936.0,-19.58,24.0,255.0,0,0
Madhya Pradesh,Soybean,Kharif,Black,4,2.39,3.52,1.472,776.4,1066.2,-27.18,29.7,102.4,1,1
Rajasthan,Wheat,Kharif,Black,4,36.11,169.81,4.702,959.0,821.7,16.71,22.1,283.6,1,0
Rajasthan,Cotton,Zaid,Laterite,2,14.37,71.82,4.997,875.0,793.0,10.34,23.1,397.1,1,0
Andhra Pradesh,Groundnut,Zaid,Sandy,1,35.87,165.96,4.627,670.8,687.2,-2.39,20.7,261.8,1,0
Haryana,Jowar,Kharif,Red,3,27.98,56.27,2.011,615.5,570.1,7.96,35.4,210.1,1,0
Karnataka,Maize,Zaid,Sandy,1,5.89,26.19,4.449,856.1,803.2,6.59,24.7,152.6,1,0
Andhra Pradesh,Bajra,Kharif,Red,3,46.64,49.14,1.054,568.3,748.4,-24.06,30.0,82.2,1,1
Tamil Nadu,Wheat,Zaid,Alluvial,5,22.89,57.81,2.526,693.3,819.0,-15.35,35.5,129.9,1,0
Andhra Pradesh,Jowar,Kharif,Black,4,36.86,110.35,2.994,667.2,762.2,-12.47,20.3,243.8,0,0
Punjab,Jowar,Kharif,Black,4,25.3,130.96,5.176,1406.5,688.8,104.19,30.6,313.8,1,0
Punjab,Cotton,Kharif,Alluvial,5,30.42,89.79,2.952,481.5,767.4,-37.26,25.4,357.3,1,1
Karnataka,Rice,Rabi,Alluvial,5,15.49,16.36,1.056,601.8,927.0,-35.07,34.4,327.8,0,1
Madhya Pradesh,Rice,Zaid,Red,3,10.42,28.77,2.762,661.1,769.7,-14.11,21.2,93.9,1,0
Haryana,Wheat,Kharif,Alluvial,5,27.36,95.6,3.495,687.0,821.7,-16.39,27.3,320.7,0,0
Karnataka,Bajra,Rabi,Red,3,22.29,128.06,5.745,1050.0,1164.2,-9.81,29.8,253.6,1,0
Rajasthan,Wheat,Kharif,Sandy,1,19.81,113.02,5.705,736.4,1011.3,-27.18,21.9,214.2,1,1
Maharashtra,Wheat,Rabi,Black,4,33.79,64.35,1.904,469.0,884.2,-46.96,24.8,250.5,0,1
Haryana,Soybean,Kharif,Black,4,34.68,66.78,1.926,1157.7,889.1,30.21,25.2,52.8,1,0
Haryana,Groundnut,Kharif,Black,4,2.77,5.04,1.817,865.9,743.5,16.47,32.6,73.7,0,1
Rajasthan,Groundnut,Rabi,Sandy,1,17.27,85.38,4.945,905.1,787.0,15.01,39.3,234.0,1,0
Rajasthan,Bajra,Rabi,Sandy,1,20.88,21.51,1.03,962.7,808.4,19.09,35.5,110.8,1,1
Uttar Pradesh,Soybean,Zaid,Laterite,2,5.3,8.66,1.636,492.0,865.8,-43.17,34.6,240.9,0,1
Karnataka,Jowar,Zaid,Red,3,12.18,44.93,3.69,798.3,843.4,-5.35,10.0,174.0,1,0
Rajasthan,Soybean,Rabi,Red,3,3.06,6.84,2.238,1005.3,680.7,47.68,26.8,367.6,1,0
Punjab,Wheat,Zaid,Laterite,2,49.81,72.82,1.462,639.9,939.4,-31.88,26.4,382.4,0,1
Tamil Nadu,Rice,Rabi,Black,4,36.96,103.46,2.799,876.7,764.0,14.75,30.8,392.9,0,0
Maharashtra,Sugarcane,Zaid,Red,3,4.83,11.45,2.371,935.9,1138.4,-17.79,17.4,364.6,1,0
Karnataka,Bajra,Kharif,Red,3,1.5,5.34,3.556,435.0,1037.4,-58.07,30.4,395.1,1,1
West Bengal,Jowar,Zaid,Black,4,36.1,212.88,5.896,541.9,600.8,-9.8,13.5,297.2,1,0
Punjab,Cotton,Kharif,Alluvial,5,22.24,36.06,1.622,228.8,812.0,-71.82,32.2,386.2,0,1
Madhya Pradesh,Sugarcane,Kharif,Alluvial,5,39.45,112.96,2.864,856.7,1091.2,-21.49,16.1,274.6,1,1
Rajasthan,Sugarcane,Zaid,Laterite,2,46.21,261.56,5.66,1271.2,949.4,33.9,33.3,333.2,1,0
West Bengal,Soybean,Rabi,Sandy,1,30.17,162.42,5.384,627.0,863.4,-27.38,33.0,96.2,0,1
Rajasthan,Maize,Kharif,Red,3,9.76,29.01,2.971,751.8,501.2,50.0,24.0,288.9,1,0
Haryana,Sugarcane,Kharif,Red,3,39.22,176.28,4.495,1053.3,817.4,28.87,28.6,375.9,0,0
Punjab,Wheat,Zaid,Laterite,2,47.81,68.82,1.439,866.5,881.6,-1.71,26.0,239.0,1,1
Haryana,Pulses,Rabi,Laterite,2,29.22,133.33,4.563,556.6,541.6,2.76,17.1,115.4,1,0
Uttar Pradesh,Rice,Rabi,Red,3,34.26,200.9,5.864,1181.6,942.0,25.43,29.4,234.4,1,0
Haryana,Rice,Zaid,Black,4,17.2,63.44,3.687,849.3,744.7,14.05,33.1,297.4,1,0
Uttar Pradesh,Pulses,Rabi,Black,4,19.39,67.7,3.492,741.9,895.2,-17.12,24.1,319.4,1,0
Uttar Pradesh,Groundnut,Zaid,Sandy,1,36.87,71.39,1.937,762.6,869.8,-12.32,29.8,233.3,0,1
West Bengal,Wheat,Zaid,Red,3,46.42,193.54,4.169,947.7,811.7,16.76,20.7,126.1,1,0
Rajasthan,Cotton,Zaid,Red,3,31.63,125.03,3.952,646.7,968.7,-33.25,31.5,374.3,1,1
Madhya Pradesh,Sugarcane,Kharif,Red,3,39.6,168.67,4.26,1192.9,892.2,33.7,26.1,320.8,1,0
Haryana,Groundnut,Kharif,Red,3,9.0,10.17,1.13,1114.7,1257.4,-11.35,25.9,144.7,1,0
Punjab,Wheat,Kharif,Laterite,2,10.99,41.15,3.744,802.1,1116.7,-28.17,28.8,334.1,1,1
Uttar Pradesh,Soybean,Zaid,Alluvial,5,26.84,106.66,3.975,815.4,698.1,16.8,35.2,171.8,1,0
Rajasthan,Rice,Kharif,Red,3,9.24,18.83,2.038,588.5,1028.0,-42.76,29.2,159.4,1,1
Maharashtra,Groundnut,Kharif,Alluvial,5,31.93,65.19,2.042,640.7,739.5,-13.37,19.5,352.1,0,0
Karnataka,Bajra,Kharif,Black,4,14.94,35.57,2.381,516.2,673.9,-23.4,21.7,355.6,1,1
West Bengal,Sugarcane,Zaid,Sandy,1,39.68,180.89,4.559,749.0,628.6,19.15,25.6,189.5,1,0
Madhya Pradesh,Sugarcane,Zaid,Black,4,40.5,163.27,4.031,815.6,796.3,2.42,29.0,53.1,1,0
Andhra Pradesh,Cotton,Zaid,Red,3,23.46,122.65,5.229,402.5,1000.9,-59.79,19.0,115.3,1,1
West Bengal,Maize,Kharif,Black,4,9.45,23.42,2.478,972.2,873.8,11.27,28.1,368.3,1,0
Maharashtra,Bajra,Rabi,Laterite,2,32.52,180.8,5.56,582.3,926.3,-37.14,31.3,364.6,1,1
Karnataka,Sugarcane,Kharif,Alluvial,5,49.64,234.24,4.719,903.0,400.0,125.74,23.0,208.7,1,0
Maharashtra,Jowar,Kharif,Red,3,31.32,93.17,2.975,1001.8,815.6,22.82,37.8,156.4,1,0
Haryana,Bajra,Zaid,Laterite,2,2.27,3.35,1.476,1126.8,692.1,62.8,21.5,156.0,1,1
Uttar Pradesh,Sugarcane,Zaid,Alluvial,5,1.36,3.1,2.285,1074.3,613.0,75.25,27.2,364.0,1,0
Madhya Pradesh,Pulses,Kharif,Laterite,2,16.36,94.61,5.784,1214.2,669.4,81.37,13.5,163.7,0,0
Tamil Nadu,Bajra,Kharif,Black,4,10.19,26.01,2.552,1003.9,860.6,16.64,24.1,229.1,1,0
Uttar Pradesh,Wheat,Rabi,Red,3,40.75,107.96,2.65,841.9,948.7,-11.25,25.1,305.9,0,0
Tamil Nadu,Bajra,Rabi,Black,4,42.32,82.43,1.948,681.8,713.4,-4.43,23.4,123.3,0,1
Karnataka,Cotton,Zaid,Sandy,1,13.3,66.96,5.034,770.1,938.4,-17.93,21.6,138.8,0,0
Rajasthan,Soybean,Rabi,Red,3,16.62,39.52,2.378,1207.4,972.5,24.16,22.9,175.3,1,0
Andhra Pradesh,Soybean,Rabi,Black,4,12.19,32.33,2.651,750.5,899.4,-16.56,29.8,279.0,0,0
Punjab,Soybean,Zaid,Red,3,45.46,139.66,3.072,798.7,721.3,10.74,14.5,336.1,1,0
Uttar Pradesh,Wheat,Rabi,Alluvial,5,25.38,80.42,3.169,1169.1,775.4,50.77,14.8,241.3,0,0
Madhya Pradesh,Groundnut,Kharif,Red,3,32.98,100.81,3.057,741.7,899.2,-17.52,23.1,96.5,1,0
Maharashtra,Soybean,Rabi,Red,3,21.07,74.13,3.519,601.3,742.6,-19.03,25.3,206.2,0,0
Madhya Pradesh,Rice,Zaid,Alluvial,5,31.74,160.98,5.073,1083.3,947.0,14.39,21.3,94.7,0,0
Karnataka,Wheat,Kharif,Black,4,19.6,99.89,5.096,593.1,683.8,-13.26,26.4,80.9,1,0
Tamil Nadu,Groundnut,Rabi,Red,3,17.31,86.42,4.992,901.0,907.1,-0.68,29.7,256.4,0,0
Maharashtra,Rice,Kharif,Laterite,2,31.91,48.04,1.506,857.2,986.0,-13.07,31.9,384.7,0,1
Punjab,Rice,Kharif,Red,3,29.76,148.74,4.998,878.9,878.7,0.02,33.9,343.2,1,0
Punjab,Rice,Rabi,Black,4,15.03,24.07,1.601,195.1,701.4,-72.19,18.1,321.1,0,1
Uttar Pradesh,Jowar,Rabi,Alluvial,5,7.89,12.81,1.624,995.1,605.4,64.36,21.4,304.5,0,1
Karnataka,Cotton,Zaid,Black,4,18.74,107.58,5.739,785.1,683.9,14.8,20.7,364.0,0,0
Rajasthan,Cotton,Zaid,Sandy,1,21.05,107.3,5.097,954.1,923.1,3.35,32.1,313.5,0,0
Karnataka,Wheat,Kharif,Red,3,31.62,118.96,3.762,925.2,819.1,12.95,22.2,269.4,0,0
Tamil Nadu,Rice,Zaid,Red,3,45.77,246.0,5.375,879.0,759.9,15.67,27.8,177.6,1,0
Madhya Pradesh,Pulses,Kharif,Alluvial,5,2.29,13.63,5.947,700.7,909.7,-22.97,17.5,85.3,0,1
Punjab,Bajra,Kharif,Red,3,12.56,50.91,4.053,703.5,552.1,27.41,22.1,211.4,0,0
Madhya Pradesh,Groundnut,Zaid,Laterite,2,10.09,41.01,4.064,786.4,810.7,-2.99,20.6,373.7,1,0
Madhya Pradesh,Cotton,Zaid,Laterite,2,25.36,121.04,4.772,842.9,684.0,23.23,30.1,254.1,1,0
Madhya Pradesh,Soybean,Zaid,Black,4,21.77,47.04,2.161,694.0,647.4,7.19,18.5,114.6,0,0
Punjab,Wheat,Rabi,Alluvial,5,36.59,67.16,1.836,1035.7,772.8,34.02,36.7,277.2,1,0
West Bengal,Groundnut,Kharif,Sandy,1,12.5,59.97,4.798,718.0,1220.8,-41.18,27.3,212.9,0,1
Haryana,Wheat,Kharif,Black,4,29.93,81.54,2.725,555.0,944.8,-41.25,21.6,376.0,1,1
Tamil Nadu,Pulses,Kharif,Alluvial,5,44.25,74.14,1.675,948.8,680.4,39.45,28.0,106.3,1,0
West Bengal,Jowar,Zaid,Alluvial,5,45.58,117.34,2.574,1270.3,1031.6,23.13,21.1,299.2,1,0
Tamil Nadu,Jowar,Zaid,Black,4,47.96,133.96,2.793,508.1,654.0,-22.31,19.6,288.6,0,1
Maharashtra,Rice,Zaid,Black,4,38.78,225.92,5.826,768.7,1077.6,-28.67,30.2,394.2,1,1
Karnataka,Jowar,Zaid,Red,3,45.35,203.6,4.49,1066.0,717.8,48.51,34.2,247.7,0,0
Karnataka,Wheat,Zaid,Sandy,1,12.11,44.25,3.654,942.5,866.4,8.77,28.3,355.1,1,0
Andhra Pradesh,Soybean,Rabi,Laterite,2,10.28,60.08,5.844,955.3,1162.8,-17.85,18.6,58.6,0,0
Karnataka,Rice,Zaid,Red,3,0.82,4.53,5.516,807.6,797.4,1.28,21.1,93.0,1,0
Punjab,Sugarcane,Kharif,Alluvial,5,35.49,126.34,3.56,135.5,1125.7,-87.96,35.2,171.1,1,1
Rajasthan,Groundnut,Zaid,Sandy,1,46.9,259.31,5.528,864.5,839.2,3.01,30.8,266.8,1,0
Uttar Pradesh,Pulses,Kharif,Sandy,1,9.75,29.47,3.022,893.4,836.9,6.74,19.2,207.2,1,0
Andhra Pradesh,Rice,Zaid,Black,4,32.03,68.93,2.152,1081.5,717.1,50.81,21.7,120.9,1,0
Uttar Pradesh,Wheat,Zaid,Sandy,1,37.45,81.02,2.163,612.3,1061.9,-42.34,27.1,256.2,0,1
Tamil Nadu,Groundnut,Kharif,Sandy,1,46.42,200.13,4.312,1220.7,775.7,57.38,25.1,248.3,1,0
Uttar Pradesh,Soybean,Kharif,Alluvial,5,32.52,113.99,3.505,722.4,1135.8,-36.4,38.5,233.6,1,1
Uttar Pradesh,Maize,Kharif,Red,3,48.53,208.42,4.295,679.3,755.8,-10.12,21.6,81.7,0,0
Andhra Pradesh,Pulses,Kharif,Sandy,1,17.56,77.8,4.43,619.8,781.7,-20.71,29.6,374.5,1,1
Maharashtra,Wheat,Rabi,Black,4,17.82,19.81,1.112,1061.6,1000.6,6.1,27.8,257.3,0,1
Madhya Pradesh,Pulses,Kharif,Red,3,27.38,34.78,1.27,526.0,833.7,-36.91,16.0,142.4,0,1
Karnataka,Cotton,Zaid,Black,4,19.48,71.38,3.663,958.0,893.3,7.25,11.6,290.6,0,0
Karnataka,Maize,Zaid,Sandy,1,0.57,1.12,1.955,598.1,653.6,-8.5,23.7,161.3,1,1
Punjab,Groundnut,Rabi,Red,3,36.72,152.86,4.163,789.0,866.5,-8.95,28.5,227.0,0,0
Andhra Pradesh,Jowar,Kharif,Sandy,1,37.71,141.82,3.761,418.8,905.7,-53.75,35.5,169.4,0,1
Punjab,Wheat,Zaid,Alluvial,5,37.48,147.23,3.929,996.3,1108.6,-10.13,21.3,358.1,1,0
Rajasthan,Pulses,Rabi,Red,3,17.58,44.16,2.512,762.5,778.2,-2.02,28.8,397.9,1,0
Rajasthan,Groundnut,Zaid,Black,4,26.35,110.66,4.199,939.4,900.6,4.3,24.3,106.4,1,0
Punjab,Jowar,Rabi,Alluvial,5,18.32,94.29,5.147,755.3,1031.5,-26.78,36.4,58.3,0,1
Andhra Pradesh,Soybean,Rabi,Laterite,2,1.29,7.75,5.99,931.9,856.4,8.82,25.8,126.8,1,0
Punjab,Soybean,Kharif,Black,4,28.34,147.15,5.192,788.5,1012.9,-22.16,23.4,256.5,0,1
Karnataka,Pulses,Rabi,Sandy,1,6.63,25.1,3.787,985.2,1224.7,-19.56,27.0,110.9,1,0
West Bengal,Rice,Zaid,Black,4,4.46,8.78,1.967,933.4,854.4,9.25,27.2,334.0,1,0
Haryana,Cotton,Zaid,Laterite,2,37.9,167.02,4.407,849.1,1048.5,-19.02,34.4,193.0,1,0
Uttar Pradesh,Rice,Kharif,Black,4,0.97,5.52,5.688,575.0,927.2,-37.99,26.0,263.7,1,1
Haryana,Cotton,Kharif,Alluvial,5,47.97,98.79,2.059,690.7,978.6,-29.43,28.6,209.5,1,1
Andhra Pradesh,Wheat,Rabi,Black,4,26.01,59.29,2.28,606.9,955.8,-36.5,16.1,366.2,1,1
Haryana,Sugarcane,Kharif,Red,3,49.16,85.79,1.745,1157.2,1010.0,14.57,19.1,62.3,1,0
Rajasthan,Pulses,Zaid,Laterite,2,3.37,15.79,4.684,995.1,1000.0,-0.5,23.7,305.3,0,0
Tamil Nadu,Bajra,Zaid,Black,4,29.38,89.12,3.033,809.4,839.5,-3.58,26.6,278.3,1,0
Uttar Pradesh,Pulses,Kharif,Laterite,2,17.79,23.37,1.313,659.5,766.6,-13.98,21.4,277.3,0,1
Madhya Pradesh,Maize,Kharif,Alluvial,5,42.25,227.1,5.375,602.6,913.8,-34.06,27.7,194.9,1,1
Andhra Pradesh,Jowar,Kharif,Red,3,18.38,69.63,3.788,830.6,632.0,31.42,22.9,55.5,0,0
Uttar Pradesh,Maize,Rabi,Sandy,1,13.39,35.57,2.655,1260.8,942.8,33.73,36.2,291.2,1,0
Haryana,Soybean,Rabi,Black,4,42.95,116.82,2.72,801.5,961.9,-16.68,24.8,340.3,1,0
Rajasthan,Cotton,Zaid,Alluvial,5,19.05,46.68,2.451,1100.5,823.2,33.69,28.6,79.8,0,0
Maharashtra,Jowar,Rabi,Laterite,2,1.33,4.37,3.277,868.9,856.6,1.43,24.7,204.6,1,0
West Bengal,Soybean,Rabi,Laterite,2,19.82,53.22,2.685,940.6,986.8,-4.68,25.4,106.9,0,0
Madhya Pradesh,Jowar,Rabi,Alluvial,5,32.9,123.03,3.74,681.0,962.1,-29.21,29.3,263.8,0,1
West Bengal,Rice,Rabi,Black,4,13.09,63.72,4.868,750.7,989.0,-24.09,26.8,325.0,1,1
Uttar Pradesh,Soybean,Zaid,Sandy,1,21.88,95.68,4.372,592.3,966.6,-38.72,22.9,283.3,0,1
Rajasthan,Rice,Kharif,Black,4,3.31,8.18,2.472,876.1,865.9,1.18,28.0,161.3,0,0
Rajasthan,Rice,Zaid,Red,3,29.61,107.89,3.644,739.1,847.8,-12.81,25.0,98.9,1,0
Haryana,Jowar,Rabi,Black,4,37.94,197.29,5.201,890.0,913.3,-2.56,29.5,328.0,1,0
Karnataka,Groundnut,Kharif,Red,3,20.96,28.11,1.341,553.7,1068.0,-48.16,32.9,163.4,0,1
Haryana,Maize,Kharif,Laterite,2,21.3,29.64,1.391,913.9,889.6,2.73,32.0,57.7,0,1
Karnataka,Soybean,Kharif,Red,3,4.87,18.41,3.781,842.2,1045.8,-19.46,19.6,250.0,0,0
Karnataka,Bajra,Zaid,Sandy,1,10.5,44.04,4.196,834.2,545.1,53.04,10.0,136.3,0,0
Madhya Pradesh,Groundnut,Kharif,Alluvial,5,8.16,16.78,2.057,897.3,898.2,-0.1,39.5,344.4,0,0
Haryana,Maize,Zaid,Red,3,24.34,115.05,4.726,740.6,862.4,-14.12,29.1,100.1,1,0
Maharashtra,Soybean,Zaid,Black,4,26.7,112.97,4.231,1751.7,600.1,191.88,28.3,202.2,0,0
Punjab,Cotton,Rabi,Red,3,47.47,266.63,5.616,917.1,622.7,47.28,21.7,138.6,1,0
Punjab,Maize,Rabi,Laterite,2,4.12,7.61,1.845,826.3,919.2,-10.11,13.7,291.4,1,1
Haryana,Bajra,Kharif,Red,3,30.19,143.63,4.757,985.5,866.1,13.79,14.0,242.0,1,0
Haryana,Pulses,Kharif,Sandy,1,26.56,37.67,1.418,669.7,968.6,-30.86,24.0,326.8,0,1
West Bengal,Wheat,Rabi,Red,3,26.05,99.69,3.826,661.4,460.5,43.63,26.9,210.5,1,0
Madhya Pradesh,Rice,Zaid,Sandy,1,43.72,164.37,3.759,1000.1,1010.4,-1.02,36.1,51.7,1,0
Haryana,Wheat,Zaid,Black,4,10.67,31.4,2.942,1022.3,1011.5,1.06,27.5,125.3,0,0
West Bengal,Groundnut,Rabi,Laterite,2,2.52,13.15,5.223,1097.9,642.5,70.88,30.0,399.7,0,0
Karnataka,Pulses,Zaid,Alluvial,5,33.78,34.52,1.022,443.7,1061.2,-58.19,22.8,191.9,0,1
Rajasthan,Rice,Rabi,Black,4,17.59,63.32,3.601,768.4,1118.6,-31.3,23.3,267.1,1,1
Rajasthan,Soybean,Rabi,Black,4,1.37,2.86,2.086,882.4,650.0,35.76,17.2,366.7,0,0
Karnataka,Groundnut,Kharif,Alluvial,5,12.94,61.06,4.717,980.1,866.1,13.15,18.6,57.2,1,0
Andhra Pradesh,Bajra,Kharif,Red,3,15.81,19.22,1.215,931.6,879.7,5.9,18.6,280.9,1,0
West Bengal,Jowar,Rabi,Red,3,31.03,160.06,5.158,587.2,580.4,1.18,23.8,150.9,1,0
West Bengal,Soybean,Kharif,Red,3,9.04,46.94,5.19,928.7,800.5,16.01,16.0,147.7,1,0
Karnataka,Maize,Rabi,Laterite,2,20.95,108.17,5.164,880.3,1060.6,-17.0,21.1,128.7,0,0
Maharashtra,Jowar,Zaid,Black,4,24.38,42.98,1.763,879.6,721.0,22.0,25.8,338.0,1,0
Tamil Nadu,Groundnut,Zaid,Sandy,1,23.23,96.46,4.152,525.9,1124.3,-53.23,11.6,180.5,1,1
Uttar Pradesh,Maize,Zaid,Alluvial,5,48.71,52.21,1.072,566.4,905.3,-37.44,34.9,73.5,1,1
Karnataka,Bajra,Zaid,Black,4,2.75,14.42,5.24,1253.1,731.3,71.35,36.7,83.9,0,0
Haryana,Wheat,Rabi,Red,3,47.57,219.54,4.615,1046.5,856.8,22.15,32.2,102.0,1,0
Haryana,Maize,Zaid,Alluvial,5,29.31,107.14,3.656,784.3,630.5,24.39,28.4,364.6,1,0
Madhya Pradesh,Wheat,Zaid,Sandy,1,39.89,185.6,4.653,788.5,914.2,-13.75,28.0,199.6,1,0
Karnataka,Rice,Zaid,Black,4,21.8,32.09,1.472,1355.7,821.2,65.1,29.2,370.6,0,1
Madhya Pradesh,Cotton,Zaid,Black,4,22.96,83.67,3.643,811.3,786.1,3.21,26.5,336.1,0,0
Karnataka,Sugarcane,Rabi,Laterite,2,44.03,108.15,2.456,770.8,633.1,21.75,27.1,343.3,1,0
West Bengal,Soybean,Zaid,Black,4,44.85,262.95,5.863,601.6,837.9,-28.19,16.0,150.4,1,1
Uttar Pradesh,Sugarcane,Kharif,Black,4,12.32,65.09,5.286,741.6,880.8,-15.8,26.7,145.0,1,0
West Bengal,Rice,Kharif,Sandy,1,10.36,48.36,4.666,379.3,644.4,-41.15,29.0,246.0,1,1
Tamil Nadu,Maize,Kharif,Sandy,1,25.06,142.08,5.669,930.2,1012.2,-8.1,28.0,196.3,0,0
Rajasthan,Rice,Kharif,Alluvial,5,45.06,123.21,2.734,1114.8,891.7,25.02,32.9,228.2,0,0
Punjab,Sugarcane,Kharif,Red,3,16.46,90.58,5.504,1117.6,722.8,54.63,34.8,68.6,1,0
Karnataka,Sugarcane,Kharif,Sandy,1,32.77,86.07,2.626,624.4,835.7,-25.28,22.8,390.1,1,1
Tamil Nadu,Soybean,Rabi,Alluvial,5,35.55,165.82,4.664,226.3,975.5,-76.8,19.2,70.4,1,1
Rajasthan,Jowar,Kharif,Black,4,39.04,182.81,4.682,884.8,1055.4,-16.17,33.5,112.6,1,0
Andhra Pradesh,Pulses,Zaid,Alluvial,5,28.41,31.02,1.092,1129.7,1088.0,3.83,30.0,287.4,1,0
Uttar Pradesh,Rice,Kharif,Alluvial,5,20.42,57.29,2.805,399.0,1120.0,-64.38,22.6,104.4,0,1
Madhya Pradesh,Cotton,Rabi,Alluvial,5,48.37,53.07,1.097,706.6,650.4,8.63,24.7,87.4,1,0
Madhya Pradesh,Pulses,Kharif,Alluvial,5,30.76,184.12,5.985,889.4,743.5,19.62,24.2,103.8,1,0
West Bengal,Rice,Zaid,Sandy,1,36.56,58.9,1.611,589.7,639.8,-7.83,27.6,71.7,0,1
Haryana,Bajra,Zaid,Red,3,17.58,65.28,3.714,368.0,1013.6,-63.7,34.6,138.0,1,1
Rajasthan,Groundnut,Rabi,Alluvial,5,33.66,166.72,4.953,614.1,824.1,-25.48,20.6,144.9,1,1
Andhra Pradesh,Groundnut,Rabi,Laterite,2,13.26,26.61,2.006,657.7,1039.4,-36.72,27.8,224.5,1,1
Tamil Nadu,Sugarcane,Rabi,Black,4,12.63,43.27,3.425,328.5,637.4,-48.47,27.5,203.6,1,1
Uttar Pradesh,Groundnut,Rabi,Black,4,35.88,144.85,4.037,1067.9,746.6,43.03,14.1,215.8,0,0
Rajasthan,Wheat,Kharif,Black,4,26.31,47.38,1.801,1188.5,730.3,62.75,41.0,265.6,0,1
Andhra Pradesh,Cotton,Kharif,Black,4,34.32,167.93,4.893,807.4,1035.8,-22.05,27.3,130.8,0,1
Punjab,Groundnut,Zaid,Black,4,13.84,34.55,2.497,982.4,955.1,2.85,32.9,97.1,0,0
Karnataka,Maize,Rabi,Alluvial,5,30.14,61.93,2.055,430.2,545.6,-21.16,16.3,357.6,0,1
Madhya Pradesh,Wheat,Rabi,Red,3,22.47,85.21,3.791,764.6,780.1,-1.98,37.6,271.9,1,0
Tamil Nadu,Pulses,Kharif,Laterite,2,30.05,91.7,3.052,655.3,993.9,-34.07,23.9,71.2,1,1
Madhya Pradesh,Wheat,Rabi,Sandy,1,14.9,83.45,5.601,902.9,1017.0,-11.22,12.2,386.4,1,0
Tamil Nadu,Rice,Zaid,Laterite,2,35.91,193.95,5.4,125.5,912.0,-86.24,17.5,292.6,1,1
West Bengal,Sugarcane,Zaid,Sandy,1,40.39,138.01,3.417,724.0,877.1,-17.46,18.6,103.1,0,0
Haryana,Soybean,Rabi,Sandy,1,13.37,37.38,2.796,957.1,710.4,34.73,21.4,389.2,1,0
Tamil Nadu,Soybean,Zaid,Laterite,2,15.38,40.41,2.628,859.5,1010.5,-14.94,18.3,177.9,0,0
Madhya Pradesh,Bajra,Zaid,Alluvial,5,33.23,77.68,2.338,995.7,670.5,48.51,30.9,394.6,0,0
West Bengal,Cotton,Kharif,Black,4,34.93,130.04,3.723,650.4,608.3,6.92,27.1,86.1,0,0
Tamil Nadu,Rice,Zaid,Alluvial,5,35.35,177.64,5.025,100.0,881.1,-88.65,29.1,106.0,1,1
Punjab,Soybean,Rabi,Black,4,34.29,87.58,2.554,1074.7,783.5,37.17,28.6,280.1,0,0
Haryana,Sugarcane,Rabi,Red,3,19.94,38.9,1.95,989.8,958.5,3.26,24.5,57.8,0,1
Tamil Nadu,Pulses,Zaid,Sandy,1,20.05,67.7,3.377,1192.2,922.7,29.21,16.6,56.5,1,0
West Bengal,Soybean,Rabi,Laterite,2,13.11,17.64,1.345,818.6,1106.2,-26.0,16.9,327.2,1,1
Rajasthan,Maize,Kharif,Red,3,8.26,37.24,4.506,904.1,910.7,-0.73,17.2,108.7,0,0
Maharashtra,Wheat,Zaid,Black,4,34.78,124.93,3.592,1382.3,1009.0,37.0,19.4,371.6,0,0
Andhra Pradesh,Soybean,Zaid,Alluvial,5,5.11,17.8,3.482,337.2,722.3,-53.31,36.2,199.1,1,1
Maharashtra,Rice,Zaid,Laterite,2,46.92,117.41,2.502,911.2,956.7,-4.76,17.0,355.8,0,0
Maharashtra,Groundnut,Rabi,Sandy,1,41.42,228.78,5.523,1104.4,808.5,36.6,34.9,196.2,1,0
Uttar Pradesh,Groundnut,Rabi,Red,3,42.95,62.38,1.452,853.1,775.9,9.96,19.7,235.6,0,1
Punjab,Pulses,Zaid,Sandy,1,45.38,242.74,5.349,816.6,714.6,14.27,17.9,160.8,1,0
Rajasthan,Groundnut,Rabi,Black,4,20.73,59.76,2.884,429.1,1081.4,-60.32,28.5,280.3,1,1
Karnataka,Pulses,Rabi,Sandy,1,42.41,229.16,5.403,1166.8,849.0,37.44,33.6,161.4,1,0
Tamil Nadu,Rice,Zaid,Alluvial,5,8.32,38.66,4.644,1067.2,731.7,45.85,16.3,128.1,0,0
Andhra Pradesh,Cotton,Zaid,Red,3,1.57,2.39,1.521,1120.6,951.7,17.75,25.5,78.4,0,1
Haryana,Groundnut,Rabi,Red,3,39.35,202.97,5.158,794.6,784.0,1.35,33.1,70.2,1,0
Rajasthan,Bajra,Zaid,Alluvial,5,4.2,18.54,4.411,719.8,730.2,-1.43,31.5,157.1,1,0
Madhya Pradesh,Sugarcane,Zaid,Sandy,1,49.43,57.42,1.162,798.3,1285.3,-37.89,16.7,307.8,1,1
Karnataka,Wheat,Zaid,Alluvial,5,33.9,56.57,1.669,1224.8,668.7,83.17,24.8,122.0,1,0
Uttar Pradesh,Groundnut,Zaid,Laterite,2,37.8,157.92,4.178,734.9,1129.8,-34.95,16.3,154.7,1,1
Uttar Pradesh,Pulses,Rabi,Alluvial,5,12.67,54.63,4.313,1170.5,728.4,60.68,28.2,366.8,1,0
Rajasthan,Rice,Zaid,Sandy,1,33.86,160.25,4.733,763.2,943.9,-19.14,27.0,273.7,1,0
West Bengal,Groundnut,Kharif,Alluvial,5,2.64,12.14,4.601,585.7,834.8,-29.84,29.4,371.9,1,1
Maharashtra,Soybean,Zaid,Black,4,41.97,180.38,4.298,280.7,960.5,-70.78,20.3,368.9,1,1
Madhya Pradesh,Groundnut,Kharif,Alluvial,5,8.9,42.98,4.831,943.5,642.7,46.81,21.8,72.2,1,0
Uttar Pradesh,Pulses,Zaid,Alluvial,5,35.02,135.71,3.875,992.0,624.4,58.88,31.9,384.3,1,0
Andhra Pradesh,Maize,Kharif,Sandy,1,11.61,26.75,2.304,512.4,965.0,-46.91,32.2,67.9,1,1
Uttar Pradesh,Maize,Kharif,Laterite,2,3.89,21.63,5.562,1169.2,583.0,100.56,36.0,374.0,1,0
Haryana,Groundnut,Zaid,Laterite,2,24.33,26.55,1.091,454.7,674.7,-32.61,34.5,241.4,1,1
Tamil Nadu,Wheat,Zaid,Sandy,1,8.88,25.15,2.833,977.1,836.5,16.8,16.1,236.6,1,0
Uttar Pradesh,Rice,Zaid,Sandy,1,36.61,170.02,4.644,989.4,655.9,50.85,33.3,299.6,0,0
Haryana,Bajra,Kharif,Sandy,1,12.26,38.44,3.136,1068.3,675.0,58.27,25.8,357.7,0,0
Rajasthan,Bajra,Rabi,Black,4,17.45,19.62,1.124,307.3,788.3,-61.02,30.4,266.0,0,1
Rajasthan,Groundnut,Rabi,Red,3,28.59,38.02,1.33,1066.7,522.3,104.23,24.0,198.9,1,0
Karnataka,Groundnut,Zaid,Alluvial,5,14.61,61.98,4.243,763.8,639.9,19.37,20.5,89.2,1,0
Uttar Pradesh,Maize,Rabi,Sandy,1,19.21,111.89,5.824,714.9,1051.0,-31.98,24.3,326.2,1,1
Andhra Pradesh,Pulses,Rabi,Sandy,1,40.87,153.66,3.759,1006.3,993.5,1.28,26.4,94.9,1,0
Uttar Pradesh,Wheat,Zaid,Sandy,1,9.37,33.11,3.534,1040.2,1189.8,-12.57,27.7,304.2,0,0
Andhra Pradesh,Groundnut,Kharif,Laterite,2,4.57,11.84,2.592,302.8,939.2,-67.76,31.8,234.8,1,1
Punjab,Bajra,Zaid,Sandy,1,16.75,38.26,2.283,477.6,1045.2,-54.31,19.8,185.0,0,1
Karnataka,Rice,Rabi,Alluvial,5,21.51,23.76,1.105,1099.8,786.8,39.79,19.3,264.5,0,1
Punjab,Cotton,Kharif,Sandy,1,27.36,64.7,2.365,918.7,821.9,11.78,16.2,320.3,1,0
Uttar Pradesh,Soybean,Rabi,Alluvial,5,18.93,61.45,3.246,845.4,911.9,-7.29,24.7,379.4,0,0
Karnataka,Groundnut,Kharif,Black,4,39.6,78.8,1.99,553.6,565.9,-2.18,20.8,142.6,0,1
Punjab,Pulses,Rabi,Red,3,2.45,3.51,1.437,909.7,931.9,-2.38,24.0,381.5,0,1
Maharashtra,Groundnut,Zaid,Laterite,2,21.87,100.36,4.589,1104.7,756.4,46.05,26.1,386.3,1,0
Uttar Pradesh,Pulses,Rabi,Alluvial,5,19.42,106.3,5.473,1379.5,781.6,76.5,15.3,334.8,1,0
Punjab,Wheat,Rabi,Black,4,32.56,185.04,5.684,711.5,999.6,-28.83,22.7,358.5,0,1
Maharashtra,Cotton,Kharif,Red,3,48.33,197.67,4.09,1019.3,617.2,65.15,28.2,292.3,0,0
Maharashtra,Sugarcane,Rabi,Red,3,25.76,32.56,1.264,1263.7,858.3,47.24,26.4,63.7,0,1
Rajasthan,Rice,Zaid,Red,3,49.35,232.16,4.704,437.8,917.2,-52.26,23.8,251.3,0,1
Uttar Pradesh,Rice,Zaid,Alluvial,5,15.46,23.97,1.55,1249.8,770.4,62.22,25.8,311.5,1,0
Maharashtra,Pulses,Zaid,Black,4,2.03,8.82,4.349,850.2,855.6,-0.64,24.4,379.6,1,0
Rajasthan,Maize,Kharif,Sandy,1,8.7,42.6,4.897,818.7,862.8,-5.11,20.0,249.7,1,0
Punjab,Pulses,Kharif,Black,4,20.06,92.86,4.629,664.6,984.6,-32.5,19.0,328.0,1,1
Haryana,Maize,Rabi,Black,4,16.16,93.06,5.759,709.0,822.6,-13.81,42.1,296.8,1,0
Uttar Pradesh,Jowar,Rabi,Black,4,5.3,24.88,4.691,613.7,662.2,-7.31,29.8,148.3,1,0
Karnataka,Bajra,Rabi,Alluvial,5,21.92,97.88,4.466,561.7,763.3,-26.41,32.5,104.2,1,1
Andhra Pradesh,Rice,Kharif,Alluvial,5,17.24,39.79,2.309,912.4,797.7,14.38,29.6,312.8,1,0
Andhra Pradesh,Wheat,Kharif,Alluvial,5,6.57,36.95,5.624,1078.2,729.9,47.72,34.4,131.8,1,0
Punjab,Pulses,Rabi,Black,4,15.16,28.77,1.898,538.1,878.4,-38.75,29.4,135.6,0,1
West Bengal,Wheat,Kharif,Alluvial,5,44.38,245.17,5.524,626.2,871.2,-28.12,13.4,275.4,1,1
West Bengal,Cotton,Kharif,Red,3,15.45,39.61,2.563,864.1,863.5,0.07,21.0,326.2,1,0
Punjab,Wheat,Zaid,Alluvial,5,35.84,59.17,1.651,521.4,715.4,-27.12,27.4,253.8,1,1
Maharashtra,Groundnut,Zaid,Laterite,2,30.8,158.09,5.133,861.0,869.5,-0.97,27.3,359.7,1,0
Uttar Pradesh,Bajra,Rabi,Alluvial,5,21.65,21.92,1.012,732.6,1043.2,-29.78,26.8,124.0,1,1
Andhra Pradesh,Groundnut,Rabi,Alluvial,5,12.33,63.64,5.16,390.5,894.2,-56.33,19.3,138.3,0,1
Andhra Pradesh,Soybean,Zaid,Alluvial,5,18.77,43.38,2.312,917.9,1010.8,-9.19,22.6,272.9,0,0
Maharashtra,Pulses,Kharif,Alluvial,5,29.81,161.67,5.424,659.7,866.3,-23.85,27.5,340.3,1,1
Andhra Pradesh,Rice,Rabi,Laterite,2,17.86,79.62,4.457,1056.3,754.4,40.01,26.2,238.8,1,0
Karnataka,Pulses,Rabi,Sandy,1,11.14,48.24,4.331,751.1,979.1,-23.28,30.7,53.6,0,1
Uttar Pradesh,Bajra,Rabi,Alluvial,5,6.26,17.71,2.827,622.2,638.9,-2.62,19.6,286.9,1,0
Tamil Nadu,Sugarcane,Kharif,Red,3,44.05,57.13,1.297,791.7,766.3,3.32,28.9,334.8,0,1
Andhra Pradesh,Sugarcane,Zaid,Laterite,2,22.3,114.83,5.15,1110.5,828.8,33.99,22.6,146.8,1,0
Punjab,Soybean,Rabi,Sandy,1,31.45,58.32,1.855,1260.5,947.9,32.97,23.9,69.0,0,1
Karnataka,Bajra,Zaid,Alluvial,5,24.78,70.89,2.861,948.3,1041.2,-8.92,25.7,231.3,1,0
Andhra Pradesh,Jowar,Zaid,Sandy,1,43.69,174.85,4.002,652.7,977.0,-33.19,15.6,64.8,1,1
Karnataka,Jowar,Kharif,Red,3,27.57,94.06,3.411,808.2,961.9,-15.99,26.8,195.6,1,0
Rajasthan,Jowar,Kharif,Laterite,2,24.3,48.43,1.993,775.4,979.7,-20.85,33.5,56.2,1,1
Tamil Nadu,Rice,Kharif,Laterite,2,46.27,78.8,1.703,762.4,1000.6,-23.8,18.7,128.7,1,1
Madhya Pradesh,Rice,Kharif,Sandy,1,36.12,58.39,1.616,736.4,679.4,8.4,37.1,186.1,1,1
Punjab,Jowar,Kharif,Alluvial,5,6.02,32.01,5.315,558.6,1180.7,-52.69,22.1,89.1,1,1
Punjab,Sugarcane,Kharif,Black,4,9.3,10.76,1.158,1043.9,1016.5,2.7,29.5,90.0,1,0
Uttar Pradesh,Bajra,Rabi,Laterite,2,39.46,232.24,5.885,1015.2,822.9,23.38,18.1,339.5,1,0
Karnataka,Wheat,Zaid,Black,4,41.87,83.44,1.993,805.8,905.7,-11.03,39.0,64.5,1,0
Maharashtra,Bajra,Kharif,Laterite,2,27.49,42.65,1.552,1114.7,653.0,70.71,19.6,291.1,0,1
Punjab,Jowar,Rabi,Alluvial,5,27.95,108.56,3.885,947.8,811.0,16.86,27.2,335.1,0,0
Karnataka,Bajra,Zaid,Alluvial,5,31.78,44.49,1.4,520.9,798.7,-34.78,22.8,95.8,1,1
Karnataka,Cotton,Kharif,Laterite,2,22.24,89.22,4.012,711.4,786.3,-9.53,25.7,118.4,0,0
Haryana,Rice,Kharif,Sandy,1,34.17,179.5,5.253,1170.1,972.2,20.36,26.7,274.5,1,0
Haryana,Rice,Rabi,Alluvial,5,5.87,7.28,1.239,709.8,865.6,-18.0,24.0,160.5,0,1
Madhya Pradesh,Sugarcane,Zaid,Alluvial,5,48.08,240.39,4.999,626.7,670.8,-6.58,21.9,216.7,1,0
Rajasthan,Wheat,Kharif,Red,3,37.63,111.86,2.972,980.6,673.7,45.56,25.7,342.6,0,0
Madhya Pradesh,Jowar,Zaid,Alluvial,5,31.74,57.06,1.797,729.9,555.3,31.46,25.6,98.3,1,0
Andhra Pradesh,Pulses,Rabi,Red,3,16.16,30.38,1.88,940.2,982.0,-4.25,27.9,266.9,1,0
Maharashtra,Sugarcane,Kharif,Alluvial,5,8.47,47.36,5.594,791.0,816.3,-3.1,28.9,379.8,1,0
Andhra Pradesh,Sugarcane,Zaid,Alluvial,5,20.76,32.24,1.553,600.8,963.2,-37.62,30.9,70.1,1,1
West Bengal,Wheat,Rabi,Sandy,1,33.25,177.34,5.334,626.7,1321.0,-52.56,29.4,71.0,1,1
Andhra Pradesh,Groundnut,Rabi,Sandy,1,31.87,118.59,3.721,378.6,715.2,-47.07,26.8,244.2,1,1
Uttar Pradesh,Jowar,Kharif,Alluvial,5,19.44,23.24,1.195,523.7,899.0,-41.75,24.5,386.0,1,1
Andhra Pradesh,Pulses,Zaid,Laterite,2,30.86,102.52,3.322,957.1,1066.5,-10.26,16.8,127.2,0,0
Madhya Pradesh,Rice,Kharif,Laterite,2,40.78,207.46,5.087,1101.4,776.7,41.82,26.9,165.8,1,0
Punjab,Wheat,Kharif,Alluvial,5,1.8,8.34,4.631,647.4,799.1,-18.99,32.6,84.5,0,0
Punjab,Pulses,Zaid,Laterite,2,22.81,78.54,3.444,456.3,929.5,-50.92,21.4,176.8,1,1
Haryana,Cotton,Zaid,Alluvial,5,38.05,201.67,5.3,1084.5,1231.4,-11.94,22.0,65.5,1,0
Maharashtra,Sugarcane,Zaid,Sandy,1,27.53,44.1,1.602,1091.9,945.5,15.48,33.8,186.2,1,1
Maharashtra,Wheat,Rabi,Black,4,32.75,181.74,5.55,980.7,723.6,35.54,35.8,244.4,0,0
Uttar Pradesh,Rice,Rabi,Red,3,26.08,136.43,5.232,437.3,741.7,-41.05,21.0,391.3,1,1
Madhya Pradesh,Bajra,Zaid,Laterite,2,49.6,225.24,4.541,928.8,776.7,19.57,41.3,336.4,1,0
Haryana,Rice,Rabi,Laterite,2,3.2,16.31,5.089,937.9,577.1,62.53,28.5,337.7,0,0
West Bengal,Cotton,Kharif,Sandy,1,24.81,92.26,3.719,1025.1,826.1,24.09,31.5,129.9,1,0
Maharashtra,Wheat,Zaid,Laterite,2,5.03,21.99,4.376,837.7,851.1,-1.57,23.9,80.5,1,0
Punjab,Cotton,Kharif,Alluvial,5,8.41,31.98,3.803,612.5,856.9,-28.53,27.5,261.1,1,1
Andhra Pradesh,Jowar,Zaid,Alluvial,5,19.46,54.04,2.777,698.9,632.5,10.49,28.6,232.4,1,0
Andhra Pradesh,Jowar,Kharif,Black,4,8.2,31.52,3.844,1094.3,901.8,21.34,20.6,230.8,0,0
Haryana,Bajra,Zaid,Black,4,48.2,110.25,2.287,894.9,702.4,27.4,35.9,88.2,1,0
Madhya Pradesh,Sugarcane,Kharif,Black,4,47.37,151.64,3.201,473.0,814.2,-41.91,25.8,222.9,1,1
Madhya Pradesh,Groundnut,Zaid,Alluvial,5,17.14,41.2,2.404,1226.6,738.6,66.07,23.0,102.6,1,0
Rajasthan,Maize,Zaid,Black,4,32.17,51.93,1.614,1088.9,1023.2,6.42,19.0,197.7,1,0
Tamil Nadu,Pulses,Rabi,Black,4,26.92,70.24,2.609,1215.6,747.2,62.69,29.4,71.8,1,0
Maharashtra,Cotton,Kharif,Alluvial,5,40.87,214.98,5.26,1083.6,1051.8,3.02,27.5,349.9,1,0
Madhya Pradesh,Pulses,Rabi,Sandy,1,31.56,91.69,2.905,567.9,870.4,-34.76,20.1,54.6,1,1
Punjab,Bajra,Kharif,Laterite,2,0.51,2.43,4.74,882.5,913.0,-3.34,26.8,378.8,0,0
Haryana,Pulses,Rabi,Red,3,38.28,71.81,1.876,950.9,862.5,10.25,28.9,352.0,0,1
West Bengal,Pulses,Zaid,Alluvial,5,37.47,116.98,3.122,463.9,722.2,-35.76,23.6,313.4,1,1
Rajasthan,Rice,Rabi,Alluvial,5,25.73,40.51,1.574,506.9,910.9,-44.35,28.2,393.9,1,1
Karnataka,Wheat,Rabi,Red,3,45.19,76.52,1.693,985.8,785.5,25.5,26.0,68.8,1,0
Uttar Pradesh,Sugarcane,Zaid,Red,3,45.47,185.84,4.087,1005.7,897.6,12.03,24.7,274.6,0,0
West Bengal,Maize,Rabi,Black,4,26.43,106.72,4.037,1392.1,940.6,48.0,20.2,347.3,0,0
Karnataka,Wheat,Zaid,Red,3,30.6,63.24,2.067,734.9,1136.1,-35.31,27.2,94.3,1,1
Andhra Pradesh,Rice,Kharif,Laterite,2,49.83,168.03,3.372,379.3,920.6,-58.8,13.6,254.7,1,1
Uttar Pradesh,Pulses,Rabi,Laterite,2,15.29,81.3,5.317,762.2,993.5,-23.28,34.6,187.9,0,1
Maharashtra,Maize,Zaid,Laterite,2,16.57,31.0,1.871,1010.9,949.1,6.51,33.1,202.5,0,1
Punjab,Rice,Zaid,Laterite,2,9.55,10.46,1.096,709.0,816.3,-13.14,19.9,369.4,1,1
Uttar Pradesh,Rice,Rabi,Laterite,2,44.85,191.04,4.26,825.4,951.9,-13.28,17.4,238.5,0,0
Tamil Nadu,Rice,Kharif,Black,4,37.35,47.34,1.267,639.5,831.4,-23.08,33.0,82.6,0,1
Karnataka,Jowar,Rabi,Alluvial,5,5.73,33.8,5.9,1098.3,788.1,39.36,25.0,378.0,0,0
Maharashtra,Maize,Zaid,Red,3,49.1,198.75,4.048,986.2,686.5,43.64,26.4,114.8,1,0
Tamil Nadu,Rice,Kharif,Alluvial,5,36.68,122.96,3.352,595.0,947.9,-37.23,26.1,362.4,1,1
Andhra Pradesh,Groundnut,Rabi,Red,3,42.6,134.19,3.15,669.5,764.8,-12.46,18.1,389.8,1,0
Tamil Nadu,Pulses,Zaid,Black,4,2.88,11.15,3.865,630.1,944.3,-33.27,30.7,357.2,1,1
Rajasthan,Maize,Rabi,Black,4,25.5,37.05,1.453,335.1,850.7,-60.61,28.7,287.0,1,1
Rajasthan,Jowar,Kharif,Sandy,1,35.08,198.21,5.65,609.5,807.4,-24.51,26.1,310.2,0,1
Haryana,Cotton,Kharif,Sandy,1,27.38,113.01,4.128,356.8,720.5,-50.48,12.4,295.0,1,1
West Bengal,Cotton,Kharif,Black,4,33.5,64.31,1.92,1033.4,1045.1,-1.12,29.0,211.2,1,0
West Bengal,Sugarcane,Kharif,Black,4,40.98,156.27,3.813,1053.2,791.1,33.13,28.3,146.0,0,0
Maharashtra,Soybean,Kharif,Red,3,19.03,31.71,1.666,725.3,1088.0,-33.34,25.4,149.8,1,1
Andhra Pradesh,Groundnut,Rabi,Black,4,42.51,46.24,1.088,851.2,727.3,17.04,31.8,305.9,0,1
Madhya Pradesh,Cotton,Kharif,Alluvial,5,8.56,35.56,4.153,1067.7,1076.2,-0.78,32.8,269.1,1,0
Rajasthan,Jowar,Kharif,Red,3,13.91,59.01,4.242,995.9,862.6,15.46,28.0,254.7,1,0
Maharashtra,Soybean,Zaid,Black,4,2.65,10.37,3.918,1301.2,979.1,32.89,16.9,278.4,1,0
Madhya Pradesh,Rice,Kharif,Red,3,18.54,35.55,1.917,864.9,654.9,32.06,18.4,321.2,1,0
West Bengal,Rice,Zaid,Red,3,19.31,77.55,4.017,1163.2,654.2,77.8,21.8,311.9,1,0
Haryana,Bajra,Zaid,Laterite,2,40.36,51.77,1.283,823.8,888.7,-7.31,24.5,86.9,1,1
Tamil Nadu,Pulses,Zaid,Sandy,1,32.83,132.84,4.046,770.1,697.9,10.35,31.0,177.1,1,0
Rajasthan,Soybean,Rabi,Red,3,22.12,83.39,3.77,969.7,1049.3,-7.59,28.0,142.4,0,0
Maharashtra,Pulses,Rabi,Red,3,32.78,140.17,4.276,938.0,904.6,3.7,25.0,238.4,0,0
Uttar Pradesh,Jowar,Zaid,Laterite,2,3.11,17.05,5.477,648.0,753.4,-13.98,29.8,71.5,0,0
Madhya Pradesh,Groundnut,Rabi,Black,4,9.42,49.49,5.252,594.0,712.0,-16.57,21.3,316.9,0,0
Tamil Nadu,Soybean,Kharif,Red,3,31.53,186.15,5.903,818.7,806.7,1.48,29.8,87.3,0,0
Rajasthan,Cotton,Rabi,Laterite,2,32.25,189.66,5.881,327.5,764.8,-57.18,27.4,145.0,1,1
West Bengal,Groundnut,Kharif,Alluvial,5,38.82,188.73,4.862,723.1,924.3,-21.77,29.1,324.0,1,1
Andhra Pradesh,Bajra,Kharif,Laterite,2,20.45,118.24,5.782,554.4,838.5,-33.88,31.1,68.0,1,1
Madhya Pradesh,Pulses,Rabi,Sandy,1,36.27,193.53,5.336,655.9,1025.3,-36.02,25.7,281.1,0,1
West Bengal,Pulses,Rabi,Sandy,1,34.36,159.34,4.638,605.3,944.8,-35.93,14.1,373.6,1,1
Rajasthan,Groundnut,Zaid,Black,4,48.19,66.35,1.377,992.0,720.0,37.78,22.0,266.2,1,0
Madhya Pradesh,Rice,Rabi,Black,4,11.15,13.88,1.245,911.7,786.2,15.96,30.7,299.4,0,1
Tamil Nadu,Pulses,Rabi,Sandy,1,27.81,144.27,5.188,813.2,720.3,12.9,22.6,327.3,1,0
Rajasthan,Bajra,Rabi,Sandy,1,30.29,104.44,3.448,704.2,720.5,-2.26,22.0,127.8,0,0
Karnataka,Cotton,Kharif,Red,3,49.93,253.31,5.073,1058.7,580.7,82.31,26.4,253.3,1,0
Maharashtra,Maize,Kharif,Sandy,1,10.46,26.82,2.565,1025.2,991.2,3.43,32.6,158.2,0,0
Tamil Nadu,Cotton,Kharif,Black,4,26.4,78.89,2.988,772.2,1043.8,-26.02,28.7,137.3,1,1
Madhya Pradesh,Cotton,Zaid,Sandy,1,17.64,79.38,4.501,1138.7,701.9,62.24,36.4,117.4,1,0
Andhra Pradesh,Pulses,Zaid,Black,4,26.53,147.96,5.577,752.6,686.8,9.59,28.4,254.9,1,0
West Bengal,Wheat,Zaid,Alluvial,5,11.99,17.25,1.439,851.2,934.1,-8.88,28.2,328.1,1,0
Uttar Pradesh,Rice,Kharif,Sandy,1,2.86,15.16,5.307,656.4,727.1,-9.72,24.6,356.6,1,0
West Bengal,Pulses,Rabi,Black,4,28.84,143.2,4.965,701.7,1041.1,-32.6,16.7,200.0,0,1
Madhya Pradesh,Rice,Zaid,Laterite,2,17.12,44.14,2.578,643.2,742.5,-13.37,26.9,180.5,0,0
West Bengal,Jowar,Zaid,Red,3,9.51,26.39,2.776,971.9,529.2,83.64,26.2,290.6,0,0
Maharashtra,Wheat,Kharif,Black,4,16.53,20.38,1.232,894.1,830.5,7.66,30.0,323.1,0,1
Rajasthan,Pulses,Zaid,Sandy,1,2.94,3.17,1.079,536.8,761.2,-29.47,27.8,138.7,1,1
Uttar Pradesh,Sugarcane,Rabi,Sandy,1,47.55,160.95,3.385,941.6,872.1,7.97,27.6,154.1,1,0
Punjab,Cotton,Kharif,Alluvial,5,29.27,43.25,1.478,1248.2,797.7,56.49,32.8,236.7,0,1
Madhya Pradesh,Jowar,Kharif,Laterite,2,40.83,80.44,1.97,635.0,936.5,-32.2,24.4,205.5,1,1
Haryana,Wheat,Rabi,Black,4,21.44,112.24,5.234,620.7,913.5,-32.05,31.0,297.0,0,1
Punjab,Pulses,Rabi,Laterite,2,45.21,174.31,3.855,802.0,898.9,-10.77,33.7,226.6,0,0
West Bengal,Bajra,Rabi,Alluvial,5,24.42,101.8,4.168,1144.6,878.6,30.27,22.7,89.1,1,0
Madhya Pradesh,Groundnut,Zaid,Red,3,28.91,56.01,1.937,690.4,849.9,-18.76,23.6,108.1,0,1
Karnataka,Groundnut,Rabi,Laterite,2,24.84,127.78,5.143,1260.5,640.4,96.82,21.4,365.7,0,0
Haryana,Rice,Kharif,Alluvial,5,36.8,196.49,5.34,535.7,908.4,-41.02,17.9,129.6,1,1
Uttar Pradesh,Wheat,Rabi,Black,4,28.55,103.25,3.617,847.0,959.8,-11.75,37.1,67.5,1,0
Andhra Pradesh,Cotton,Kharif,Red,3,13.94,77.57,5.563,374.7,902.3,-58.48,45.0,306.0,1,1
Karnataka,Cotton,Kharif,Sandy,1,7.7,40.25,5.224,566.0,819.8,-30.96,27.3,289.4,0,1
Punjab,Maize,Zaid,Alluvial,5,30.5,142.04,4.657,746.6,938.6,-20.45,24.0,260.0,0,1
Rajasthan,Groundnut,Rabi,Sandy,1,24.71,115.43,4.67,867.5,885.5,-2.03,36.4,225.8,1,0
Maharashtra,Jowar,Zaid,Red,3,5.25,8.02,1.527,1110.2,956.5,16.07,29.6,389.4,1,0
Andhra Pradesh,Wheat,Rabi,Alluvial,5,20.08,47.28,2.354,625.2,836.9,-25.3,21.5,91.9,1,1
Karnataka,Cotton,Rabi,Alluvial,5,25.98,34.67,1.334,905.2,635.9,42.34,20.7,228.6,1,0
Rajasthan,Maize,Rabi,Red,3,41.43,43.23,1.043,465.2,823.2,-43.48,30.9,247.4,1,1
Rajasthan,Wheat,Rabi,Black,4,4.27,7.64,1.792,1052.5,707.7,48.72,28.3,57.9,1,0
Madhya Pradesh,Soybean,Rabi,Alluvial,5,17.75,95.9,5.402,1127.6,780.5,44.48,32.7,194.2,1,0
Karnataka,Cotton,Kharif,Red,3,41.22,90.66,2.199,1059.4,863.0,22.76,30.2,324.0,1,0
Uttar Pradesh,Soybean,Kharif,Laterite,2,32.6,190.72,5.851,1059.0,998.5,6.06,18.7,214.9,1,0
West Bengal,Wheat,Rabi,Sandy,1,14.85,59.21,3.986,777.2,949.9,-18.19,21.4,356.3,0,0
Haryana,Cotton,Kharif,Alluvial,5,42.34,92.58,2.186,869.2,881.3,-1.38,20.7,275.7,1,0
Haryana,Soybean,Zaid,Laterite,2,24.92,86.86,3.486,775.8,1037.2,-25.21,27.3,318.1,0,1
Punjab,Sugarcane,Zaid,Alluvial,5,25.17,52.74,2.095,788.6,857.1,-7.99,25.3,331.6,1,0
Punjab,Maize,Zaid,Black,4,48.84,289.13,5.92,614.1,880.4,-30.25,23.3,291.3,0,1
Haryana,Jowar,Rabi,Red,3,47.38,248.11,5.236,870.4,793.1,9.74,24.1,312.3,1,0
Uttar Pradesh,Groundnut,Rabi,Alluvial,5,18.25,20.64,1.131,904.5,689.6,31.16,30.0,293.4,0,1
Maharashtra,Maize,Kharif,Red,3,7.46,42.8,5.739,1046.3,933.5,12.08,24.9,242.7,1,0
Tamil Nadu,Soybean,Kharif,Alluvial,5,16.62,76.54,4.605,898.0,614.8,46.07,21.9,248.3,0,0
West Bengal,Cotton,Kharif,Black,4,2.01,2.84,1.412,1020.3,710.3,43.64,18.2,116.5,1,0
Maharashtra,Sugarcane,Zaid,Black,4,1.53,6.65,4.353,613.9,876.6,-29.97,20.6,339.6,0,1
Madhya Pradesh,Sugarcane,Zaid,Laterite,2,20.08,85.02,4.235,1155.9,722.7,59.95,32.4,159.2,1,0
Tamil Nadu,Groundnut,Zaid,Black,4,47.08,98.58,2.094,739.7,852.7,-13.25,22.0,237.5,0,0
Tamil Nadu,Sugarcane,Zaid,Red,3,43.63,209.1,4.792,287.8,872.1,-67.0,36.9,137.3,1,1
Karnataka,Maize,Kharif,Black,4,25.82,37.05,1.435,702.6,766.0,-8.27,29.8,293.6,1,0
Uttar Pradesh,Pulses,Rabi,Alluvial,5,28.48,98.17,3.447,944.2,858.3,10.01,21.1,391.3,1,0
Uttar Pradesh,Sugarcane,Rabi,Black,4,0.79,0.83,1.05,820.6,856.3,-4.17,22.3,330.7,0,1
Tamil Nadu,Groundnut,Zaid,Red,3,11.17,65.26,5.844,314.5,678.9,-53.68,13.3,266.7,1,1
Karnataka,Sugarcane,Rabi,Alluvial,5,1.73,8.21,4.758,853.8,932.0,-8.39,23.4,248.6,1,0
West Bengal,Sugarcane,Rabi,Laterite,2,37.85,67.91,1.794,831.7,545.4,52.5,37.7,221.4,1,1
Tamil Nadu,Bajra,Rabi,Laterite,2,7.71,20.88,2.708,557.1,1131.8,-50.77,35.8,121.7,0,1
Andhra Pradesh,Maize,Zaid,Laterite,2,43.52,78.45,1.803,941.1,930.1,1.18,35.7,171.8,0,1
Punjab,Soybean,Kharif,Alluvial,5,32.34,156.32,4.833,766.5,1003.2,-23.59,29.7,192.2,1,1
Punjab,Rice,Kharif,Laterite,2,11.86,15.35,1.294,312.2,949.3,-67.11,24.9,380.6,0,1
Maharashtra,Pulses,Rabi,Black,4,8.31,43.21,5.202,973.8,843.6,15.43,26.6,199.0,1,0
Madhya Pradesh,Sugarcane,Kharif,Alluvial,5,31.57,180.28,5.711,843.7,734.2,14.91,29.3,255.2,1,0
Punjab,Jowar,Kharif,Alluvial,5,45.09,197.64,4.383,1178.4,846.3,39.24,25.9,372.8,0,0
Rajasthan,Sugarcane,Zaid,Alluvial,5,36.06,74.46,2.065,583.8,975.4,-40.15,21.3,231.4,1,1
Maharashtra,Bajra,Zaid,Sandy,1,17.75,49.72,2.8,741.7,726.6,2.08,25.6,138.0,1,0
Punjab,Soybean,Rabi,Red,3,29.58,100.15,3.386,1066.5,873.6,22.09,17.9,183.4,0,0
Madhya Pradesh,Jowar,Rabi,Sandy,1,15.88,63.9,4.023,571.1,578.5,-1.28,29.6,181.4,0,0
Uttar Pradesh,Pulses,Rabi,Sandy,1,49.96,216.98,4.343,1057.7,728.7,45.14,20.5,300.2,1,0
Uttar Pradesh,Jowar,Zaid,Sandy,1,37.57,141.67,3.771,1064.2,721.2,47.56,29.4,153.6,0,0
West Bengal,Maize,Kharif,Red,3,30.91,85.21,2.757,878.4,1102.1,-20.29,19.5,305.6,1,1
Tamil Nadu,Groundnut,Zaid,Sandy,1,21.45,117.01,5.455,758.7,649.4,16.84,25.0,361.2,1,0
Andhra Pradesh,Groundnut,Zaid,Laterite,2,31.1,43.75,1.407,638.2,909.8,-29.85,27.6,167.6,1,1
Uttar Pradesh,Pulses,Kharif,Alluvial,5,17.41,58.0,3.331,619.7,1089.2,-43.1,25.0,97.4,1,1
Karnataka,Soybean,Kharif,Alluvial,5,1.93,9.41,4.878,877.7,1000.8,-12.3,29.8,273.5,1,0
Punjab,Groundnut,Rabi,Black,4,20.06,26.16,1.304,100.0,1078.2,-90.73,28.7,176.3,1,1
Karnataka,Wheat,Kharif,Laterite,2,46.56,210.76,4.527,660.7,1100.5,-39.96,23.5,236.9,0,1
Madhya Pradesh,Bajra,Kharif,Red,3,31.5,160.61,5.099,626.3,858.4,-27.05,22.5,272.0,0,1
Uttar Pradesh,Pulses,Kharif,Alluvial,5,4.66,20.04,4.304,553.0,921.3,-39.98,22.0,192.7,0,1
Andhra Pradesh,Pulses,Kharif,Sandy,1,44.31,47.17,1.065,846.4,879.2,-3.73,21.2,373.6,1,1
Madhya Pradesh,Rice,Rabi,Black,4,13.81,26.25,1.901,432.6,922.1,-53.09,38.6,189.9,1,1
Rajasthan,Rice,Rabi,Black,4,12.57,34.06,2.711,1100.7,913.3,20.52,22.2,157.6,1,0
Rajasthan,Maize,Kharif,Alluvial,5,15.21,32.97,2.168,1028.4,1107.6,-7.15,32.6,360.0,1,0
Karnataka,Maize,Kharif,Laterite,2,29.07,169.0,5.813,1139.9,893.8,27.54,27.0,97.7,1,0
Tamil Nadu,Rice,Rabi,Black,4,27.46,116.93,4.258,668.2,706.9,-5.48,23.9,93.5,0,0
Maharashtra,Groundnut,Rabi,Alluvial,5,24.82,61.69,2.485,851.9,939.4,-9.31,27.2,377.5,1,0
Tamil Nadu,Cotton,Kharif,Laterite,2,36.02,203.45,5.648,1005.8,959.6,4.81,27.5,123.1,1,0
West Bengal,Pulses,Zaid,Alluvial,5,16.17,76.04,4.703,767.3,726.7,5.59,15.5,102.0,1,0
Tamil Nadu,Wheat,Rabi,Alluvial,5,39.21,95.01,2.423,658.3,720.6,-8.64,25.5,237.3,1,0
West Bengal,Pulses,Rabi,Laterite,2,9.18,26.57,2.894,829.9,992.6,-16.39,26.0,66.4,1,0
West Bengal,Sugarcane,Rabi,Laterite,2,39.24,78.37,1.997,748.7,770.0,-2.77,24.0,267.0,1,1
Andhra Pradesh,Soybean,Kharif,Laterite,2,33.36,195.33,5.855,532.3,788.0,-32.44,13.3,208.5,1,1
Uttar Pradesh,Bajra,Kharif,Alluvial,5,34.32,123.08,3.586,204.9,780.8,-73.76,24.0,274.1,1,1
Andhra Pradesh,Cotton,Rabi,Black,4,24.34,133.37,5.48,569.1,886.8,-35.82,35.7,149.4,1,1
West Bengal,Wheat,Kharif,Red,3,33.52,91.58,2.732,210.1,1015.5,-79.31,29.3,366.9,1,1
Madhya Pradesh,Sugarcane,Kharif,Red,3,4.45,23.6,5.304,582.5,950.3,-38.7,19.7,144.7,1,1
Rajasthan,Maize,Rabi,Alluvial,5,42.65,54.14,1.269,1154.8,780.7,47.92,31.4,273.1,0,1
West Bengal,Wheat,Kharif,Alluvial,5,3.25,19.21,5.91,337.9,1050.7,-67.84,19.4,380.8,0,1
Andhra Pradesh,Rice,Zaid,Black,4,7.86,43.72,5.56,912.2,980.4,-6.96,27.6,190.3,0,0
Madhya Pradesh,Pulses,Kharif,Laterite,2,29.05,81.81,2.816,1105.7,998.9,10.69,27.7,106.5,0,0
Andhra Pradesh,Wheat,Kharif,Alluvial,5,37.1,180.82,4.874,406.8,994.0,-59.07,23.8,73.9,1,1
Tamil Nadu,Soybean,Rabi,Sandy,1,4.27,20.35,4.761,1248.6,772.8,61.56,32.3,387.1,1,0
Punjab,Jowar,Rabi,Laterite,2,46.08,253.72,5.506,780.9,712.0,9.67,30.5,317.3,1,0
Karnataka,Maize,Zaid,Alluvial,5,48.69,123.5,2.536,1139.5,799.2,42.58,21.3,371.6,0,0
Maharashtra,Bajra,Kharif,Sandy,1,30.49,101.47,3.328,867.7,998.6,-13.11,24.3,294.6,0,0
Andhra Pradesh,Bajra,Zaid,Black,4,24.32,129.51,5.325,684.8,673.0,1.76,20.9,169.9,1,0
Maharashtra,Wheat,Zaid,Sandy,1,37.2,182.01,4.893,100.0,652.7,-84.68,22.6,93.1,1,1
Haryana,Jowar,Rabi,Alluvial,5,16.75,49.71,2.967,521.3,577.9,-9.8,29.9,375.3,1,0
Andhra Pradesh,Pulses,Kharif,Red,3,24.92,130.28,5.229,969.9,661.6,46.61,25.9,221.4,1,0
Punjab,Sugarcane,Rabi,Alluvial,5,45.85,56.61,1.235,1184.3,731.6,61.87,32.2,188.8,1,0
Maharashtra,Cotton,Zaid,Red,3,47.8,234.73,4.91,448.8,868.7,-48.33,16.5,252.2,1,1
West Bengal,Pulses,Zaid,Black,4,46.39,94.35,2.034,785.1,677.3,15.92,27.7,87.3,1,0
Andhra Pradesh,Sugarcane,Rabi,Black,4,13.49,32.79,2.431,688.5,949.3,-27.47,31.0,158.2,0,1
Uttar Pradesh,Cotton,Rabi,Laterite,2,12.01,41.62,3.466,904.5,856.8,5.57,26.6,273.3,0,0
Karnataka,Jowar,Rabi,Laterite,2,15.23,49.49,3.249,822.1,543.6,51.24,17.8,85.0,0,0
Punjab,Cotton,Rabi,Red,3,22.34,80.51,3.603,707.1,847.2,-16.54,19.7,97.3,0,0
Maharashtra,Pulses,Rabi,Red,3,16.05,59.77,3.724,959.8,871.2,10.16,31.5,228.7,0,0
Punjab,Soybean,Zaid,Black,4,19.02,50.56,2.658,627.1,1137.5,-44.87,22.8,268.2,1,1
Madhya Pradesh,Wheat,Rabi,Sandy,1,31.22,58.58,1.876,802.8,886.3,-9.42,21.3,115.5,1,1
Karnataka,Sugarcane,Kharif,Red,3,38.25,185.2,4.842,992.5,584.6,69.78,24.0,61.6,1,0
West Bengal,Soybean,Zaid,Red,3,36.91,110.73,3.0,618.4,884.4,-30.08,24.5,385.4,1,1
Andhra Pradesh,Sugarcane,Zaid,Sandy,1,40.81,144.04,3.529,710.3,876.2,-18.93,33.1,59.6,1,0
Andhra Pradesh,Wheat,Kharif,Laterite,2,2.09,8.84,4.223,660.5,940.7,-29.79,15.5,50.7,1,1
Andhra Pradesh,Groundnut,Kharif,Laterite,2,2.86,15.88,5.548,913.0,1245.5,-26.7,29.5,163.2,1,1
Karnataka,Cotton,Zaid,Red,3,39.57,179.58,4.538,887.4,769.5,15.32,34.8,127.9,1,0
Uttar Pradesh,Jowar,Rabi,Laterite,2,26.89,33.0,1.227,670.5,752.1,-10.86,31.7,250.8,1,1
Haryana,Groundnut,Zaid,Laterite,2,29.12,151.2,5.193,885.2,920.4,-3.82,39.9,363.0,1,0
Rajasthan,Groundnut,Zaid,Laterite,2,3.1,18.45,5.947,100.0,1123.8,-91.1,23.3,218.4,1,1
Tamil Nadu,Bajra,Kharif,Black,4,13.14,44.18,3.362,1008.8,950.7,6.12,31.4,320.7,1,0
Maharashtra,Rice,Zaid,Alluvial,5,32.1,187.71,5.848,1023.9,798.6,28.21,25.5,368.2,1,0
Uttar Pradesh,Pulses,Rabi,Red,3,43.03,160.79,3.737,673.4,997.7,-32.51,22.9,116.3,1,1
West Bengal,Soybean,Kharif,Red,3,45.89,151.35,3.298,623.7,1119.1,-44.27,12.7,220.9,1,1
Maharashtra,Soybean,Zaid,Black,4,25.27,67.15,2.657,785.6,734.7,6.93,23.2,274.7,1,0
Andhra Pradesh,Soybean,Zaid,Alluvial,5,27.5,117.92,4.288,572.5,699.9,-18.2,32.4,166.2,1,0
Punjab,Soybean,Rabi,Alluvial,5,41.74,89.69,2.149,611.3,858.4,-28.78,15.7,308.9,1,1
West Bengal,Pulses,Zaid,Black,4,27.11,41.34,1.525,877.0,895.2,-2.03,38.6,296.9,1,0
Maharashtra,Groundnut,Zaid,Sandy,1,26.08,29.64,1.136,1002.3,1057.6,-5.23,28.5,197.4,1,1
Andhra Pradesh,Pulses,Zaid,Sandy,1,45.3,111.53,2.462,879.5,779.7,12.8,19.4,80.8,1,0
Maharashtra,Soybean,Zaid,Alluvial,5,39.6,117.97,2.979,1521.6,910.3,67.16,27.4,54.0,0,0
Punjab,Rice,Rabi,Sandy,1,45.5,171.09,3.76,1112.1,1083.5,2.64,30.1,179.3,1,0
Andhra Pradesh,Maize,Zaid,Sandy,1,11.3,27.85,2.464,983.8,883.6,11.35,23.1,78.7,1,0
Haryana,Wheat,Zaid,Sandy,1,26.46,156.63,5.92,974.8,790.7,23.28,22.3,323.6,1,0
Uttar Pradesh,Soybean,Zaid,Alluvial,5,42.2,103.76,2.459,821.7,935.5,-12.17,37.8,167.0,0,0
Madhya Pradesh,Jowar,Kharif,Sandy,1,6.0,19.24,3.205,926.2,800.4,15.71,24.0,283.1,0,0
Tamil Nadu,Maize,Rabi,Red,3,39.84,60.41,1.516,849.4,900.6,-5.69,25.1,171.2,1,0
Karnataka,Pulses,Kharif,Alluvial,5,9.56,22.01,2.303,1062.7,822.0,29.28,33.9,328.6,0,0
Tamil Nadu,Jowar,Kharif,Black,4,40.5,50.29,1.242,730.2,828.3,-11.85,25.6,360.9,0,1
West Bengal,Jowar,Rabi,Sandy,1,30.79,116.94,3.798,716.9,789.6,-9.21,30.6,343.1,1,0
Tamil Nadu,Sugarcane,Kharif,Laterite,2,10.07,47.86,4.755,1094.5,763.9,43.27,23.2,219.6,1,0
Andhra Pradesh,Jowar,Kharif,Alluvial,5,23.93,47.35,1.979,685.0,999.1,-31.44,21.8,79.4,1,1
Haryana,Soybean,Kharif,Black,4,34.25,97.27,2.84,563.8,878.5,-35.83,28.3,180.1,1,1
Madhya Pradesh,Sugarcane,Rabi,Red,3,31.88,34.52,1.083,613.0,1041.1,-41.12,20.1,198.6,1,1
Uttar Pradesh,Bajra,Zaid,Black,4,21.65,112.52,5.198,987.2,512.4,92.64,28.4,386.1,1,0
Uttar Pradesh,Groundnut,Rabi,Sandy,1,45.02,220.58,4.9,1468.0,772.0,90.14,20.5,247.9,1,0
Punjab,Jowar,Rabi,Laterite,2,26.2,34.49,1.316,578.1,738.9,-21.76,28.4,274.3,0,1
Karnataka,Rice,Rabi,Sandy,1,25.54,72.13,2.824,961.3,811.9,18.4,33.4,323.7,0,0
Maharashtra,Wheat,Kharif,Black,4,3.58,20.69,5.776,838.4,695.2,20.6,14.0,248.9,1,0
Haryana,Jowar,Zaid,Alluvial,5,46.14,136.6,2.96,1082.0,608.9,77.7,23.5,259.5,1,0
Maharashtra,Bajra,Rabi,Laterite,2,9.27,33.65,3.631,959.1,950.8,0.87,14.2,135.9,1,0
Madhya Pradesh,Cotton,Rabi,Laterite,2,26.65,73.99,2.776,1097.5,761.0,44.22,24.2,70.6,0,0
Tamil Nadu,Pulses,Zaid,Black,4,40.28,160.33,3.981,873.0,933.3,-6.46,28.0,302.5,1,0
Uttar Pradesh,Pulses,Zaid,Sandy,1,11.16,65.77,5.891,591.3,673.3,-12.17,24.0,347.0,0,0
Madhya Pradesh,Bajra,Zaid,Black,4,26.6,159.3,5.988,630.0,604.6,4.2,13.2,194.2,0,0
Tamil Nadu,Cotton,Kharif,Laterite,2,12.41,60.5,4.874,853.0,886.2,-3.75,31.4,242.1,1,0
Uttar Pradesh,Pulses,Zaid,Black,4,38.1,115.14,3.022,916.8,944.9,-2.98,17.2,157.5,1,0
Tamil Nadu,Pulses,Kharif,Laterite,2,28.43,98.73,3.472,703.9,757.7,-7.09,31.0,207.6,0,0
Karnataka,Pulses,Rabi,Sandy,1,42.87,119.34,2.784,1303.8,697.4,86.94,21.5,123.1,0,0
Haryana,Bajra,Kharif,Alluvial,5,44.78,265.45,5.928,1035.3,1037.4,-0.2,20.8,316.0,0,0
West Bengal,Groundnut,Zaid,Alluvial,5,32.61,148.02,4.539,279.0,841.4,-66.84,26.1,222.2,1,1
Madhya Pradesh,Wheat,Kharif,Black,4,36.41,118.13,3.245,769.3,700.3,9.85,32.4,241.5,1,0
Madhya Pradesh,Bajra,Zaid,Laterite,2,27.69,29.36,1.061,542.6,625.4,-13.25,37.7,63.0,0,1
Rajasthan,Cotton,Kharif,Alluvial,5,19.53,70.35,3.602,1276.6,746.7,70.95,23.5,267.8,1,0
Andhra Pradesh,Jowar,Rabi,Laterite,2,32.58,192.87,5.92,245.2,790.9,-69.0,18.2,120.9,0,1
Karnataka,Groundnut,Kharif,Sandy,1,45.46,164.35,3.615,904.7,964.4,-6.19,28.1,184.2,0,0
Karnataka,Groundnut,Rabi,Black,4,21.13,40.4,1.912,830.8,847.5,-1.97,18.0,194.5,0,1
Maharashtra,Jowar,Zaid,Laterite,2,16.06,17.84,1.11,1003.5,829.7,20.95,30.5,207.1,0,1
Tamil Nadu,Rice,Rabi,Black,4,19.73,54.71,2.774,880.7,712.7,23.57,28.7,129.6,0,0
Andhra Pradesh,Sugarcane,Zaid,Laterite,2,22.05,123.3,5.591,1317.3,1057.1,24.62,34.1,347.5,0,0
Haryana,Wheat,Zaid,Laterite,2,4.14,24.78,5.983,1029.5,996.5,3.31,32.3,199.7,1,0
Haryana,Wheat,Rabi,Sandy,1,25.17,144.16,5.727,340.5,984.5,-65.42,26.8,264.2,0,1
Karnataka,Rice,Rabi,Black,4,24.97,116.03,4.647,1151.1,840.9,36.89,26.2,264.9,0,0
Haryana,Sugarcane,Kharif,Red,3,29.63,112.31,3.791,850.8,910.2,-6.52,20.7,262.4,0,0
Rajasthan,Wheat,Kharif,Laterite,2,18.46,72.98,3.953,1151.5,463.7,148.3,20.6,245.8,0,0
Madhya Pradesh,Cotton,Rabi,Laterite,2,30.85,113.99,3.695,720.7,880.4,-18.13,25.8,337.9,0,0
Punjab,Maize,Rabi,Alluvial,5,43.97,199.42,4.535,534.4,1138.4,-53.06,19.5,334.4,0,1
West Bengal,Maize,Rabi,Black,4,47.8,147.9,3.094,487.2,762.9,-36.15,24.4,196.0,1,1
Maharashtra,Wheat,Rabi,Red,3,29.39,127.72,4.346,1065.3,702.2,51.72,23.2,272.5,1,0
Tamil Nadu,Soybean,Zaid,Sandy,1,2.61,4.19,1.608,999.3,828.6,20.59,29.6,86.0,1,1
West Bengal,Wheat,Rabi,Red,3,48.48,112.88,2.328,652.0,720.8,-9.54,25.9,81.8,1,0
Tamil Nadu,Jowar,Rabi,Sandy,1,35.44,183.58,5.18,132.5,711.4,-81.38,32.0,218.0,1,1
Uttar Pradesh,Jowar,Rabi,Red,3,17.13,94.54,5.519,1074.9,889.8,20.81,24.2,365.1,1,0
West Bengal,Sugarcane,Rabi,Red,3,7.78,28.76,3.695,290.6,973.7,-70.15,19.0,277.5,1,1
Punjab,Pulses,Zaid,Black,4,7.6,8.8,1.158,1343.5,891.1,50.76,29.3,284.2,1,0
Karnataka,Groundnut,Kharif,Alluvial,5,8.8,49.61,5.635,438.6,678.1,-35.31,25.3,105.2,1,1
Rajasthan,Cotton,Kharif,Red,3,2.76,12.43,4.51,803.5,749.6,7.19,24.4,208.7,0,0
Madhya Pradesh,Rice,Kharif,Laterite,2,45.16,138.64,3.07,857.5,898.2,-4.53,23.5,190.3,0,0
Madhya Pradesh,Wheat,Kharif,Laterite,2,27.27,108.85,3.992,891.2,948.6,-6.05,25.9,324.0,0,0
Rajasthan,Pulses,Kharif,Laterite,2,35.15,110.68,3.149,881.1,818.8,7.61,24.4,98.2,1,0
Andhra Pradesh,Pulses,Zaid,Alluvial,5,41.49,138.03,3.327,832.6,716.0,16.29,29.1,238.7,1,0
Uttar Pradesh,Cotton,Kharif,Red,3,39.68,215.63,5.434,691.5,966.2,-28.43,30.4,369.0,1,1
Tamil Nadu,Rice,Zaid,Sandy,1,44.19,79.78,1.805,744.1,1121.9,-33.67,23.8,362.4,1,1
Punjab,Jowar,Zaid,Sandy,1,48.38,73.46,1.518,637.0,1018.6,-37.46,38.0,348.3,1,1
Haryana,Bajra,Kharif,Black,4,22.23,22.54,1.014,829.0,1147.7,-27.77,22.6,181.2,1,1
West Bengal,Cotton,Kharif,Alluvial,5,47.54,122.18,2.57,361.5,756.8,-52.23,26.1,379.4,1,1
Uttar Pradesh,Pulses,Kharif,Red,3,36.3,63.06,1.737,878.9,1004.7,-12.53,16.3,331.9,1,0
West Bengal,Maize,Rabi,Laterite,2,4.0,8.4,2.1,775.3,1043.3,-25.68,25.4,347.9,0,1
Punjab,Wheat,Zaid,Alluvial,5,34.25,36.17,1.056,1010.4,776.9,30.04,24.8,376.3,1,0
Maharashtra,Sugarcane,Kharif,Alluvial,5,34.49,73.68,2.136,724.1,726.2,-0.29,25.7,378.0,0,0
Maharashtra,Maize,Rabi,Red,3,45.34,120.77,2.664,950.6,705.8,34.67,31.9,134.0,1,0
Uttar Pradesh,Pulses,Zaid,Black,4,18.96,21.95,1.158,938.0,836.3,12.15,36.1,94.7,1,0
Karnataka,Groundnut,Rabi,Black,4,29.45,118.98,4.04,765.2,624.1,22.6,32.6,291.8,1,0
Punjab,Soybean,Rabi,Black,4,1.1,4.24,3.844,888.2,1103.4,-19.5,25.4,247.1,1,0
Punjab,Rice,Kharif,Laterite,2,16.94,25.16,1.485,464.3,657.4,-29.37,27.2,164.6,1,1
Rajasthan,Jowar,Zaid,Laterite,2,3.58,14.23,3.975,1135.4,913.3,24.32,35.1,289.6,0,0
Karnataka,Wheat,Rabi,Red,3,26.33,157.82,5.993,663.6,510.5,29.98,20.0,71.7,1,0
Tamil Nadu,Sugarcane,Zaid,Black,4,40.96,234.41,5.722,755.4,1156.8,-34.7,30.7,66.5,0,1
Tamil Nadu,Bajra,Kharif,Red,3,10.72,10.86,1.013,536.8,1037.4,-48.26,20.7,174.0,1,1
Haryana,Jowar,Zaid,Black,4,26.61,132.43,4.977,607.9,610.9,-0.49,32.9,117.8,0,0
Madhya Pradesh,Wheat,Rabi,Alluvial,5,10.6,29.34,2.768,1210.9,895.8,35.18,25.2,301.5,0,0
Maharashtra,Bajra,Rabi,Sandy,1,6.47,8.53,1.318,834.5,813.8,2.54,20.7,381.8,1,1
Tamil Nadu,Sugarcane,Zaid,Sandy,1,25.79,63.97,2.48,725.8,873.3,-16.89,22.1,281.6,0,0
Karnataka,Pulses,Rabi,Black,4,4.42,11.52,2.609,724.4,945.3,-23.37,23.0,279.2,1,1
Punjab,Soybean,Rabi,Red,3,29.57,106.95,3.616,800.5,729.9,9.67,31.7,52.3,1,0
Tamil Nadu,Maize,Rabi,Laterite,2,2.05,8.83,4.305,980.6,842.0,16.47,34.0,229.3,1,0
Punjab,Maize,Kharif,Black,4,5.78,27.44,4.745,848.5,578.6,46.65,23.6,336.0,0,0
Tamil Nadu,Pulses,Kharif,Black,4,27.72,61.81,2.23,853.8,862.5,-1.01,20.8,278.9,0,0
Maharashtra,Jowar,Rabi,Laterite,2,29.77,77.68,2.609,569.2,541.1,5.19,38.2,129.7,1,0
West Bengal,Pulses,Zaid,Black,4,1.93,4.92,2.542,726.6,1045.9,-30.53,30.9,347.0,1,1
Tamil Nadu,Pulses,Kharif,Alluvial,5,28.88,81.27,2.814,839.1,630.3,33.14,21.3,387.5,1,0
Karnataka,Wheat,Zaid,Laterite,2,42.01,251.96,5.998,792.2,894.1,-11.4,28.2,147.6,1,0
Tamil Nadu,Wheat,Rabi,Alluvial,5,36.25,177.27,4.89,696.0,974.3,-28.56,23.5,122.5,1,1
Madhya Pradesh,Sugarcane,Rabi,Sandy,1,6.99,41.09,5.875,673.1,1129.6,-40.41,18.3,168.5,1,1
Maharashtra,Soybean,Zaid,Laterite,2,29.83,133.2,4.466,908.9,1116.0,-18.56,24.1,72.1,1,0
Karnataka,Wheat,Kharif,Laterite,2,33.78,102.39,3.031,915.0,1059.1,-13.6,17.8,355.7,1,0
Rajasthan,Sugarcane,Zaid,Red,3,2.34,6.91,2.949,1047.4,847.6,23.57,23.1,375.3,1,0
Karnataka,Groundnut,Zaid,Red,3,42.84,147.49,3.443,848.9,1017.3,-16.55,23.7,271.7,1,0
Madhya Pradesh,Pulses,Rabi,Laterite,2,45.36,139.91,3.084,280.9,891.4,-68.48,22.8,317.5,0,1
West Bengal,Pulses,Kharif,Sandy,1,42.6,219.02,5.142,1389.6,904.2,53.68,31.5,284.0,1,0
Maharashtra,Jowar,Zaid,Black,4,41.32,137.39,3.325,797.8,757.0,5.39,28.4,182.1,1,0
Rajasthan,Groundnut,Kharif,Red,3,37.38,92.62,2.478,697.5,1111.2,-37.23,22.2,271.2,0,1
Madhya Pradesh,Jowar,Rabi,Sandy,1,31.85,155.27,4.874,785.5,729.6,7.66,27.9,342.7,1,0
Madhya Pradesh,Bajra,Kharif,Sandy,1,34.09,179.74,5.272,701.0,689.4,1.67,33.8,333.5,1,0
Uttar Pradesh,Sugarcane,Rabi,Red,3,40.42,125.38,3.102,595.3,911.1,-34.66,21.0,78.4,1,1
Maharashtra,Sugarcane,Kharif,Black,4,33.29,144.46,4.339,953.6,581.2,64.08,18.1,211.9,1,0
Karnataka,Pulses,Zaid,Red,3,16.72,21.64,1.294,762.9,867.6,-12.08,19.5,189.1,1,0
Punjab,Cotton,Rabi,Sandy,1,19.11,69.7,3.647,777.6,1095.2,-29.0,28.3,313.2,0,1
West Bengal,Bajra,Zaid,Alluvial,5,44.9,55.0,1.225,174.3,912.3,-80.89,34.9,225.5,1,1
Punjab,Sugarcane,Rabi,Red,3,1.35,1.54,1.146,743.4,854.7,-13.03,31.1,172.4,1,0
Karnataka,Wheat,Kharif,Sandy,1,35.09,142.63,4.065,530.8,724.0,-26.68,33.7,297.2,0,1
Karnataka,Pulses,Kharif,Red,3,47.76,120.2,2.517,669.4,624.7,7.16,12.8,215.8,0,0
Maharashtra,Jowar,Rabi,Sandy,1,35.46,167.1,4.713,859.1,979.5,-12.3,21.0,139.8,0,0
Karnataka,Groundnut,Rabi,Black,4,49.7,272.37,5.48,646.6,854.2,-24.3,19.3,361.6,0,1
Uttar Pradesh,Jowar,Rabi,Sandy,1,34.53,58.6,1.697,681.1,943.7,-27.82,29.4,89.6,1,1
Rajasthan,Maize,Kharif,Laterite,2,2.2,10.17,4.623,824.1,521.2,58.13,24.8,56.3,0,0
Karnataka,Cotton,Rabi,Alluvial,5,41.44,148.04,3.573,673.4,959.8,-29.84,10.0,100.4,0,1
Punjab,Sugarcane,Rabi,Sandy,1,14.59,22.77,1.561,536.2,1147.9,-53.29,30.6,107.3,0,1
Karnataka,Soybean,Zaid,Red,3,22.58,96.14,4.258,369.6,1051.2,-64.84,33.0,238.3,1,1
Uttar Pradesh,Rice,Rabi,Red,3,15.95,64.55,4.047,884.1,894.5,-1.16,38.1,268.7,0,0
Tamil Nadu,Cotton,Zaid,Sandy,1,13.79,49.36,3.578,670.9,693.3,-3.24,27.0,207.0,0,0
Tamil Nadu,Pulses,Zaid,Laterite,2,21.85,123.09,5.632,383.6,868.3,-55.82,29.7,121.5,0,1
Madhya Pradesh,Sugarcane,Zaid,Sandy,1,19.25,69.4,3.605,1111.4,873.1,27.29,19.2,96.3,0,0
West Bengal,Groundnut,Kharif,Black,4,31.85,189.59,5.953,884.5,775.7,14.03,16.1,222.3,0,0
Haryana,Sugarcane,Zaid,Laterite,2,40.75,144.51,3.546,503.0,787.1,-36.09,33.5,247.9,1,1
Rajasthan,Rice,Rabi,Sandy,1,15.21,24.01,1.579,623.8,1164.8,-46.44,29.3,156.4,0,1
Andhra Pradesh,Groundnut,Kharif,Alluvial,5,11.08,37.14,3.352,1061.6,705.1,50.55,33.5,127.2,0,0
Madhya Pradesh,Jowar,Kharif,Laterite,2,33.51,64.06,1.912,756.1,785.7,-3.76,24.5,78.2,0,1
West Bengal,Groundnut,Kharif,Sandy,1,33.68,134.24,3.986,695.4,934.2,-25.56,40.2,59.2,1,1
Tamil Nadu,Cotton,Kharif,Alluvial,5,45.11,201.43,4.466,987.7,1177.1,-16.1,27.9,87.0,0,0
Punjab,Jowar,Kharif,Sandy,1,1.29,4.31,3.342,758.0,804.8,-5.81,21.5,309.7,1,0
Andhra Pradesh,Sugarcane,Kharif,Black,4,42.73,63.6,1.489,1107.4,580.2,90.88,24.1,170.4,1,0
West Bengal,Pulses,Kharif,Red,3,26.29,87.89,3.343,696.8,529.5,31.6,16.4,59.6,1,0
West Bengal,Bajra,Zaid,Sandy,1,31.25,43.98,1.407,657.4,1228.0,-46.47,20.3,227.9,1,1
Madhya Pradesh,Pulses,Rabi,Laterite,2,5.02,22.15,4.411,804.1,563.6,42.68,23.7,237.6,1,0
Andhra Pradesh,Sugarcane,Rabi,Sandy,1,21.91,108.52,4.952,1041.2,861.4,20.87,35.3,200.0,1,0
Maharashtra,Rice,Zaid,Sandy,1,11.75,68.3,5.812,862.4,623.1,38.4,25.6,88.7,1,0
Haryana,Bajra,Zaid,Sandy,1,13.08,22.82,1.744,825.9,731.7,12.87,32.5,314.2,1,1
Maharashtra,Sugarcane,Kharif,Sandy,1,25.45,93.21,3.662,598.2,752.8,-20.54,25.4,291.2,0,1
Andhra Pradesh,Soybean,Kharif,Laterite,2,40.72,156.26,3.838,561.4,556.7,0.85,19.8,188.2,1,0
Maharashtra,Cotton,Zaid,Laterite,2,37.32,209.44,5.612,1041.4,1032.9,0.83,29.3,183.3,1,0
Uttar Pradesh,Soybean,Kharif,Sandy,1,29.75,123.08,4.136,1067.7,914.6,16.74,20.9,104.6,0,0
Tamil Nadu,Jowar,Rabi,Red,3,27.2,46.99,1.728,1059.6,785.9,34.83,23.6,313.7,1,0
Uttar Pradesh,Maize,Rabi,Sandy,1,21.65,68.89,3.182,997.8,763.8,30.64,38.2,259.9,0,0
Karnataka,Sugarcane,Kharif,Laterite,2,48.65,207.92,4.274,911.6,1013.3,-10.03,29.6,80.0,1,0
Maharashtra,Wheat,Kharif,Black,4,28.23,127.07,4.501,907.8,863.5,5.13,21.1,182.3,1,0
Karnataka,Wheat,Kharif,Sandy,1,13.07,69.48,5.315,833.4,1162.9,-28.33,30.4,366.2,1,1
Punjab,Groundnut,Rabi,Sandy,1,11.89,22.62,1.903,940.5,782.9,20.14,20.4,208.3,1,1
Rajasthan,Pulses,Kharif,Sandy,1,30.76,177.12,5.758,789.6,913.8,-13.6,15.5,163.7,1,0
Punjab,Pulses,Zaid,Sandy,1,26.38,34.18,1.296,939.8,665.3,41.26,32.6,275.3,0,1
Andhra Pradesh,Pulses,Kharif,Alluvial,5,0.88,5.21,5.919,1029.4,785.0,31.13,27.8,121.0,1,0
West Bengal,Soybean,Zaid,Sandy,1,41.59,219.95,5.289,485.6,1005.6,-51.72,24.8,233.3,0,1
Tamil Nadu,Cotton,Kharif,Laterite,2,35.35,152.07,4.301,1074.1,1026.8,4.6,16.0,284.3,1,0
Maharashtra,Sugarcane,Kharif,Laterite,2,33.26,155.49,4.675,785.5,1126.2,-30.25,24.1,349.2,1,1
Madhya Pradesh,Rice,Rabi,Alluvial,5,3.9,5.32,1.363,1164.5,916.8,27.03,27.2,292.4,0,1
Rajasthan,Groundnut,Zaid,Sandy,1,18.42,22.24,1.207,1117.6,1035.4,7.94,19.0,184.5,0,1
Haryana,Jowar,Zaid,Red,3,46.8,70.62,1.509,542.3,943.6,-42.53,26.3,318.7,1,1
Haryana,Bajra,Zaid,Sandy,1,43.2,62.07,1.437,800.2,788.0,1.54,35.3,364.4,0,1
Haryana,Jowar,Rabi,Laterite,2,14.63,54.69,3.737,333.5,622.9,-46.45,27.4,217.2,0,1
Maharashtra,Sugarcane,Zaid,Black,4,8.27,17.19,2.077,703.5,815.3,-13.71,29.5,51.6,1,0
Haryana,Maize,Rabi,Black,4,22.73,120.49,5.301,888.9,678.2,31.07,23.4,358.3,1,0
Uttar Pradesh,Pulses,Kharif,Red,3,18.11,58.48,3.229,1011.7,1008.2,0.35,19.7,107.9,1,0
Rajasthan,Bajra,Kharif,Sandy,1,34.27,153.45,4.478,817.3,1016.7,-19.61,22.6,94.2,1,0
Uttar Pradesh,Soybean,Zaid,Alluvial,5,48.34,206.13,4.264,910.7,697.7,30.53,32.3,157.7,1,0
West Bengal,Sugarcane,Kharif,Sandy,1,18.47,48.0,2.599,624.4,1016.8,-38.59,25.4,183.0,1,1
Rajasthan,Maize,Kharif,Red,3,3.58,7.93,2.216,795.2,673.0,18.17,24.8,329.8,1,0
Uttar Pradesh,Soybean,Zaid,Red,3,44.93,121.87,2.712,652.5,1066.7,-38.83,23.0,186.2,0,1
Rajasthan,Maize,Kharif,Red,3,2.38,11.85,4.983,870.6,825.8,5.44,18.4,67.1,0,0
West Bengal,Pulses,Zaid,Black,4,47.66,187.38,3.931,1147.4,918.8,24.88,34.2,272.6,1,0
Karnataka,Soybean,Zaid,Sandy,1,33.4,75.73,2.268,785.8,1067.4,-26.39,24.8,284.9,1,1
Maharashtra,Cotton,Kharif,Sandy,1,47.11,239.77,5.089,457.2,939.5,-51.33,22.8,335.0,1,1
Maharashtra,Wheat,Kharif,Alluvial,5,10.38,13.23,1.274,849.1,830.0,2.3,26.5,189.6,1,0
Haryana,Jowar,Kharif,Red,3,2.51,11.31,4.496,976.4,981.2,-0.49,22.8,80.1,1,0
Punjab,Cotton,Kharif,Red,3,24.67,78.82,3.196,570.5,704.9,-19.07,27.9,243.6,0,0
Haryana,Bajra,Kharif,Laterite,2,22.81,106.19,4.656,1110.5,560.7,98.07,21.9,92.3,1,0
Andhra Pradesh,Groundnut,Rabi,Laterite,2,16.91,95.32,5.637,650.9,1021.9,-36.3,26.7,56.0,1,1
Uttar Pradesh,Wheat,Kharif,Black,4,47.9,227.55,4.75,609.9,653.1,-6.61,25.7,322.5,1,0
Rajasthan,Cotton,Rabi,Sandy,1,41.22,132.3,3.21,354.8,988.3,-64.09,37.1,191.2,1,1
Punjab,Sugarcane,Zaid,Alluvial,5,33.25,58.35,1.755,867.2,871.2,-0.46,37.5,233.8,0,1
West Bengal,Maize,Kharif,Alluvial,5,8.56,43.08,5.032,1254.0,847.8,47.91,30.7,282.0,1,0
Andhra Pradesh,Bajra,Kharif,Red,3,36.85,121.73,3.304,891.7,708.2,25.9,25.5,190.4,1,0
West Bengal,Sugarcane,Kharif,Alluvial,5,36.49,50.23,1.377,616.5,782.5,-21.22,30.8,67.9,0,1
Maharashtra,Wheat,Zaid,Red,3,21.54,98.99,4.595,928.3,852.0,8.95,30.6,138.5,1,0
Maharashtra,Maize,Rabi,Sandy,1,46.28,113.81,2.459,1000.1,879.8,13.67,23.2,118.0,1,0
Haryana,Bajra,Rabi,Alluvial,5,8.77,10.91,1.244,1090.2,714.5,52.57,16.1,392.1,1,0
Uttar Pradesh,Groundnut,Kharif,Red,3,13.73,75.72,5.514,491.3,961.5,-48.91,14.6,308.8,1,1
Punjab,Wheat,Kharif,Sandy,1,3.63,12.4,3.416,1188.3,971.1,22.37,25.3,208.0,1,0
Tamil Nadu,Bajra,Kharif,Sandy,1,39.87,95.89,2.405,853.4,922.6,-7.5,23.0,72.2,1,0
Andhra Pradesh,Cotton,Kharif,Red,3,31.28,143.31,4.582,1238.3,784.2,57.91,22.7,90.5,0,0
Andhra Pradesh,Bajra,Zaid,Red,3,16.09,87.36,5.43,838.9,978.9,-14.3,21.2,334.5,1,0
Haryana,Wheat,Kharif,Black,4,8.61,8.62,1.002,944.2,943.2,0.11,20.9,380.9,0,1
Maharashtra,Pulses,Zaid,Sandy,1,2.49,11.04,4.439,562.8,556.9,1.07,29.9,61.0,0,0
Haryana,Cotton,Kharif,Red,3,8.75,42.33,4.835,1046.2,881.7,18.66,10.0,368.6,0,0
Rajasthan,Sugarcane,Rabi,Sandy,1,22.94,47.01,2.05,530.8,1140.0,-53.44,29.5,183.2,0,1
Punjab,Wheat,Rabi,Alluvial,5,12.74,43.91,3.448,867.2,995.8,-12.91,24.3,124.8,0,0
Uttar Pradesh,Pulses,Kharif,Laterite,2,13.32,19.27,1.446,692.4,1023.0,-32.32,34.6,85.8,1,1
Karnataka,Rice,Kharif,Laterite,2,43.84,207.53,4.734,778.0,744.8,4.45,27.6,320.1,0,0
Madhya Pradesh,Groundnut,Zaid,Red,3,26.0,136.17,5.237,1071.3,868.8,23.3,15.6,214.1,0,0
Madhya Pradesh,Pulses,Kharif,Red,3,36.6,56.4,1.541,711.2,822.5,-13.53,14.8,341.3,1,0
Haryana,Rice,Kharif,Sandy,1,2.27,11.53,5.082,1076.4,849.7,26.69,19.1,129.2,1,0
Rajasthan,Jowar,Kharif,Red,3,18.58,90.24,4.858,698.3,772.9,-9.65,27.6,287.5,1,0
Punjab,Maize,Rabi,Sandy,1,24.22,66.23,2.735,832.7,664.7,25.28,15.7,91.3,0,0
Tamil Nadu,Pulses,Zaid,Red,3,9.73,43.3,4.451,1337.5,859.7,55.58,26.7,81.4,1,0
Madhya Pradesh,Soybean,Rabi,Sandy,1,6.45,6.45,1.0,830.4,732.9,13.31,30.2,96.7,1,1
Punjab,Groundnut,Zaid,Red,3,43.58,246.62,5.659,781.0,937.9,-16.73,22.8,333.1,1,0
Uttar Pradesh,Pulses,Rabi,Black,4,47.0,176.35,3.752,835.0,845.4,-1.23,20.7,279.5,0,0
West Bengal,Rice,Kharif,Sandy,1,4.4,18.05,4.102,717.4,560.9,27.9,13.1,108.1,1,0
Rajasthan,Soybean,Rabi,Black,4,17.78,76.85,4.323,549.7,1057.3,-48.01,35.1,184.7,1,1
Maharashtra,Groundnut,Rabi,Black,4,47.94,182.48,3.807,1314.8,915.3,43.65,37.0,317.3,1,0
Punjab,Soybean,Zaid,Black,4,4.62,24.39,5.284,698.4,781.3,-10.61,33.3,150.0,0,0
Uttar Pradesh,Cotton,Zaid,Black,4,32.36,131.01,4.049,419.4,799.5,-47.55,24.3,372.4,1,1
Tamil Nadu,Rice,Rabi,Alluvial,5,48.62,269.32,5.539,761.1,665.8,14.32,25.7,370.1,0,0
Karnataka,Bajra,Zaid,Laterite,2,48.92,191.37,3.912,889.2,840.6,5.78,30.1,243.5,1,0
Maharashtra,Cotton,Zaid,Alluvial,5,23.83,44.21,1.856,748.1,952.2,-21.44,26.9,271.2,1,1
Karnataka,Groundnut,Zaid,Red,3,8.56,47.64,5.568,787.8,1111.7,-29.14,10.0,278.6,1,1
Tamil Nadu,Groundnut,Zaid,Red,3,10.5,46.3,4.408,759.0,836.7,-9.28,31.5,140.5,1,0
Uttar Pradesh,Wheat,Zaid,Laterite,2,44.54,200.24,4.496,906.4,857.3,5.72,33.3,177.9,1,0
Madhya Pradesh,Rice,Rabi,Laterite,2,45.63,270.46,5.927,1004.7,1028.9,-2.35,32.4,97.6,1,0
Karnataka,Jowar,Zaid,Laterite,2,30.59,42.09,1.376,751.9,676.2,11.2,28.7,373.7,0,1
Maharashtra,Jowar,Kharif,Black,4,38.43,120.77,3.143,1447.4,871.8,66.02,31.7,303.3,1,0
Haryana,Groundnut,Rabi,Alluvial,5,37.13,81.51,2.195,1060.2,736.6,43.94,17.5,66.2,1,0
Andhra Pradesh,Jowar,Rabi,Red,3,33.26,138.1,4.152,798.6,869.7,-8.17,25.4,242.3,0,0
Punjab,Maize,Rabi,Alluvial,5,41.45,208.66,5.034,470.4,990.5,-52.51,22.0,170.1,0,1
Madhya Pradesh,Wheat,Zaid,Alluvial,5,34.43,200.77,5.832,828.6,602.2,37.6,34.7,335.4,1,0
Karnataka,Groundnut,Kharif,Alluvial,5,26.93,88.15,3.273,1003.5,1016.7,-1.3,27.1,170.3,1,0
West Bengal,Jowar,Zaid,Laterite,2,12.23,60.3,4.931,1005.4,904.0,11.22,25.0,275.5,1,0
Punjab,Rice,Rabi,Laterite,2,37.32,208.46,5.585,336.8,871.0,-61.33,19.9,108.0,1,1
Haryana,Pulses,Rabi,Red,3,23.94,105.71,4.417,828.8,1051.9,-21.21,19.6,245.6,1,1
Tamil Nadu,Bajra,Rabi,Red,3,15.09,33.41,2.214,679.9,731.4,-7.05,19.2,152.9,1,0
Andhra Pradesh,Cotton,Rabi,Red,3,40.2,162.36,4.039,1174.3,649.0,80.93,30.5,107.7,0,0
Uttar Pradesh,Cotton,Zaid,Alluvial,5,34.99,204.67,5.85,830.9,696.3,19.33,29.6,266.7,0,0
Haryana,Maize,Kharif,Laterite,2,46.9,278.47,5.938,228.9,929.9,-75.38,27.5,273.5,1,1
Haryana,Soybean,Kharif,Black,4,8.69,36.6,4.212,892.1,775.8,15.0,30.7,394.2,0,0
Tamil Nadu,Rice,Rabi,Alluvial,5,32.63,177.37,5.435,312.5,719.0,-56.53,21.2,284.2,1,1
Rajasthan,Soybean,Kharif,Sandy,1,12.59,25.2,2.002,912.5,703.4,29.73,14.9,230.5,1,0
Tamil Nadu,Wheat,Rabi,Alluvial,5,45.23,100.87,2.23,1446.8,876.2,65.12,30.1,369.4,1,0
Rajasthan,Bajra,Rabi,Laterite,2,5.43,31.27,5.764,1140.1,845.9,34.78,25.7,339.9,1,0
Rajasthan,Wheat,Kharif,Sandy,1,32.98,55.28,1.676,864.7,637.2,35.71,31.0,242.1,0,1
Madhya Pradesh,Groundnut,Rabi,Alluvial,5,39.66,77.55,1.956,635.1,642.2,-1.1,28.6,229.0,1,0
Madhya Pradesh,Rice,Kharif,Laterite,2,18.07,56.06,3.103,1118.5,771.0,45.08,25.6,379.7,1,0
Maharashtra,Groundnut,Rabi,Laterite,2,47.73,188.43,3.948,959.0,987.7,-2.91,27.2,266.0,0,0
Karnataka,Sugarcane,Kharif,Black,4,42.61,171.26,4.019,733.3,786.1,-6.72,34.5,299.8,1,0
Karnataka,Jowar,Rabi,Alluvial,5,15.08,37.1,2.46,665.3,628.5,5.85,24.3,80.3,1,0
Uttar Pradesh,Cotton,Kharif,Laterite,2,0.87,4.89,5.603,573.3,837.0,-31.5,30.4,301.4,1,1
Karnataka,Pulses,Rabi,Red,3,15.18,84.66,5.575,893.7,855.7,4.44,27.9,142.6,1,0
Madhya Pradesh,Groundnut,Rabi,Laterite,2,14.42,42.7,2.96,695.8,627.2,10.93,16.0,90.4,1,0
Maharashtra,Soybean,Rabi,Black,4,44.55,141.3,3.171,842.0,667.3,26.17,18.1,347.4,1,0
Maharashtra,Sugarcane,Kharif,Laterite,2,48.37,218.28,4.512,1031.9,961.6,7.32,25.8,291.9,0,0
Rajasthan,Cotton,Zaid,Alluvial,5,3.99,17.2,4.315,689.6,665.4,3.63,23.0,192.6,0,0
Tamil Nadu,Groundnut,Rabi,Alluvial,5,23.83,69.38,2.911,961.3,967.9,-0.69,20.3,201.0,1,0
Uttar Pradesh,Sugarcane,Rabi,Sandy,1,27.64,84.9,3.071,1105.6,618.0,78.9,32.4,119.0,1,0
Rajasthan,Sugarcane,Kharif,Alluvial,5,5.1,13.97,2.74,898.8,623.6,44.13,17.0,53.3,1,0
Tamil Nadu,Rice,Rabi,Sandy,1,19.19,41.77,2.177,974.9,853.5,14.23,24.8,172.3,1,0
Karnataka,Wheat,Rabi,Red,3,16.2,53.29,3.291,900.7,736.8,22.24,20.8,101.9,1,0
Rajasthan,Sugarcane,Rabi,Black,4,27.03,119.82,4.432,804.1,769.8,4.45,34.9,197.6,0,0
Punjab,Maize,Rabi,Red,3,33.23,156.5,4.71,1009.3,872.7,15.64,41.1,341.8,1,0
Karnataka,Wheat,Zaid,Sandy,1,35.32,172.88,4.894,1202.3,765.4,57.09,24.1,90.2,1,0
Tamil Nadu,Cotton,Zaid,Laterite,2,7.27,20.89,2.874,1013.7,707.8,43.23,31.1,82.1,0,0
Uttar Pradesh,Cotton,Rabi,Laterite,2,40.74,196.5,4.823,751.6,923.6,-18.62,33.6,365.7,1,0
Tamil Nadu,Cotton,Rabi,Red,3,34.09,35.2,1.033,758.1,877.1,-13.56,31.4,310.8,1,0
Rajasthan,Cotton,Rabi,Laterite,2,44.51,150.67,3.385,767.5,856.5,-10.39,30.7,68.6,0,0
Rajasthan,Maize,Zaid,Sandy,1,22.74,113.02,4.97,1036.9,847.3,22.37,15.4,77.8,1,0
Haryana,Groundnut,Zaid,Black,4,44.75,185.71,4.15,668.4,729.7,-8.4,33.1,289.7,1,0
Uttar Pradesh,Bajra,Kharif,Alluvial,5,43.36,146.12,3.37,543.9,698.4,-22.13,28.2,179.6,1,1
West Bengal,Sugarcane,Kharif,Sandy,1,22.2,93.76,4.223,917.2,798.3,14.9,24.6,303.5,1,0
Karnataka,Cotton,Rabi,Sandy,1,19.37,107.19,5.535,805.4,732.2,10.0,25.5,191.6,1,0
Maharashtra,Wheat,Rabi,Alluvial,5,46.67,178.85,3.832,1170.3,848.1,37.99,27.5,388.7,0,0
Uttar Pradesh,Wheat,Zaid,Alluvial,5,35.9,179.46,4.999,235.8,791.3,-70.19,24.5,293.0,1,1
Maharashtra,Sugarcane,Rabi,Black,4,46.45,274.22,5.904,852.0,852.7,-0.08,23.9,66.3,0,0
Uttar Pradesh,Groundnut,Rabi,Black,4,39.95,180.89,4.528,699.1,836.1,-16.39,20.1,165.7,1,0
Uttar Pradesh,Pulses,Zaid,Black,4,30.66,118.55,3.867,1002.6,1114.8,-10.07,29.1,247.3,1,0
Tamil Nadu,Pulses,Zaid,Laterite,2,6.23,7.4,1.187,730.0,642.1,13.69,25.0,99.7,1,1
Uttar Pradesh,Bajra,Zaid,Sandy,1,14.93,42.88,2.872,656.0,821.9,-20.19,21.2,50.9,1,1
Haryana,Groundnut,Zaid,Alluvial,5,48.46,185.46,3.827,1034.0,683.8,51.2,26.6,77.8,0,0
West Bengal,Sugarcane,Kharif,Sandy,1,16.31,81.33,4.986,1119.7,777.5,44.01,26.3,233.5,1,0
Rajasthan,Pulses,Zaid,Sandy,1,5.12,16.32,3.191,775.6,727.4,6.62,29.0,271.3,0,0
Andhra Pradesh,Pulses,Zaid,Black,4,35.52,206.05,5.8,780.4,945.8,-17.49,25.8,82.5,0,0
Maharashtra,Pulses,Rabi,Black,4,36.83,86.89,2.359,1117.6,628.9,77.71,29.7,282.8,1,0
Rajasthan,Soybean,Rabi,Sandy,1,14.63,69.1,4.723,1089.7,967.1,12.68,24.4,266.0,0,0
Andhra Pradesh,Maize,Rabi,Black,4,15.23,47.15,3.095,1057.9,929.5,13.81,24.8,379.0,0,0
West Bengal,Sugarcane,Kharif,Laterite,2,23.71,81.32,3.43,699.3,1158.3,-39.63,27.7,344.2,1,1
West Bengal,Jowar,Zaid,Alluvial,5,1.58,7.91,5.013,635.4,1120.5,-43.29,28.3,380.1,1,1
Maharashtra,Rice,Zaid,Sandy,1,39.57,98.18,2.481,1209.2,730.3,65.57,33.3,388.1,1,0
Maharashtra,Rice,Kharif,Alluvial,5,16.2,24.04,1.484,952.4,1035.5,-8.03,32.3,204.3,1,0
West Bengal,Groundnut,Zaid,Laterite,2,42.76,154.0,3.601,614.6,801.3,-23.3,25.7,220.8,0,1
Andhra Pradesh,Sugarcane,Rabi,Black,4,40.23,146.6,3.644,773.4,895.7,-13.65,17.5,148.6,0,0
Uttar Pradesh,Sugarcane,Kharif,Red,3,33.24,165.73,4.986,821.2,1108.0,-25.88,30.1,228.0,1,1
Karnataka,Rice,Zaid,Laterite,2,16.58,96.86,5.842,773.6,736.3,5.07,29.2,102.8,0,0
Punjab,Bajra,Kharif,Red,3,26.06,33.26,1.277,726.9,858.4,-15.31,27.3,285.0,1,0
Rajasthan,Rice,Kharif,Alluvial,5,22.52,89.14,3.958,1107.7,557.9,98.54,30.6,58.7,0,0
Tamil Nadu,Sugarcane,Zaid,Sandy,1,17.27,76.12,4.406,932.1,983.2,-5.2,23.8,132.5,1,0
Rajasthan,Pulses,Rabi,Black,4,42.48,251.88,5.929,1363.3,1165.4,16.98,16.4,122.8,0,0
Tamil Nadu,Bajra,Zaid,Laterite,2,24.43,139.59,5.713,1121.3,936.0,19.8,20.8,378.3,0,0
Andhra Pradesh,Cotton,Zaid,Black,4,41.72,190.34,4.562,834.1,1055.2,-20.96,10.0,100.7,1,1
Tamil Nadu,Jowar,Rabi,Red,3,5.71,20.6,3.609,1154.3,1021.3,13.02,28.7,361.8,0,0
Maharashtra,Soybean,Zaid,Red,3,7.48,13.52,1.808,888.2,744.0,19.38,25.6,93.5,1,0
Karnataka,Maize,Zaid,Sandy,1,48.88,142.77,2.921,1404.6,898.6,56.3,31.2,277.7,1,0
Karnataka,Cotton,Zaid,Red,3,29.59,116.18,3.926,721.3,924.1,-21.95,30.5,162.0,1,1
Maharashtra,Wheat,Kharif,Sandy,1,25.73,119.04,4.626,913.3,675.0,35.29,23.1,160.6,0,0
Haryana,Rice,Kharif,Laterite,2,26.4,110.26,4.177,649.8,1066.7,-39.08,21.1,399.4,1,1
Andhra Pradesh,Jowar,Kharif,Sandy,1,11.16,50.99,4.571,704.7,774.3,-8.98,21.3,129.1,1,0
Haryana,Rice,Zaid,Red,3,36.08,113.49,3.146,714.7,817.5,-12.58,37.5,120.9,1,0
Haryana,Rice,Rabi,Alluvial,5,4.7,21.78,4.638,1109.1,810.5,36.84,25.1,256.3,1,0
Rajasthan,Cotton,Kharif,Sandy,1,28.88,49.64,1.719,852.0,855.6,-0.42,24.4,309.3,1,1
West Bengal,Pulses,Rabi,Black,4,28.75,52.13,1.813,185.3,1289.5,-85.63,27.7,393.9,1,1
Rajasthan,Pulses,Zaid,Alluvial,5,45.75,83.0,1.814,823.4,759.0,8.48,16.5,295.5,0,1
West Bengal,Soybean,Kharif,Sandy,1,26.55,144.79,5.454,556.5,618.1,-9.96,23.6,246.7,1,0
Punjab,Bajra,Zaid,Black,4,7.28,10.05,1.38,689.8,874.5,-21.12,20.9,193.2,0,1
Tamil Nadu,Rice,Rabi,Alluvial,5,28.85,144.47,5.008,1087.7,720.5,50.95,19.6,258.3,1,0
West Bengal,Groundnut,Kharif,Sandy,1,5.02,10.88,2.168,464.1,788.7,-41.15,24.4,260.3,0,1
Maharashtra,Pulses,Kharif,Laterite,2,10.59,35.39,3.342,493.0,943.0,-47.72,26.3,126.2,1,1
Rajasthan,Sugarcane,Kharif,Black,4,2.04,11.38,5.58,384.9,686.9,-43.97,18.5,284.9,1,1
Andhra Pradesh,Jowar,Kharif,Laterite,2,25.91,101.81,3.93,703.1,795.4,-11.6,23.8,121.5,0,0
Tamil Nadu,Groundnut,Rabi,Red,3,4.68,9.61,2.051,377.6,893.9,-57.76,26.5,221.5,0,1
Punjab,Cotton,Kharif,Sandy,1,23.74,57.45,2.42,398.6,733.2,-45.64,28.7,141.0,1,1
West Bengal,Cotton,Zaid,Sandy,1,46.68,261.52,5.602,742.6,844.1,-12.03,24.4,159.5,1,0
Punjab,Soybean,Kharif,Black,4,36.13,113.29,3.136,878.4,893.9,-1.73,28.0,264.9,0,0
Andhra Pradesh,Soybean,Rabi,Sandy,1,4.33,17.05,3.935,572.2,832.6,-31.27,23.9,72.6,1,1
Haryana,Bajra,Kharif,Red,3,11.6,38.27,3.3,890.3,873.5,1.92,33.7,54.2,1,0
Karnataka,Sugarcane,Rabi,Sandy,1,33.85,97.89,2.892,827.7,903.5,-8.4,29.3,95.7,0,0
Andhra Pradesh,Jowar,Rabi,Alluvial,5,44.79,94.79,2.116,935.0,749.0,24.84,22.0,109.0,1,0
Madhya Pradesh,Sugarcane,Zaid,Laterite,2,2.13,9.44,4.431,539.8,629.8,-14.28,23.0,119.3,0,0
Andhra Pradesh,Wheat,Kharif,Red,3,40.72,186.94,4.591,1296.0,694.7,86.56,28.4,320.9,0,0
Punjab,Soybean,Kharif,Red,3,28.31,67.22,2.374,515.2,670.3,-23.14,22.8,206.4,1,1
Maharashtra,Bajra,Kharif,Laterite,2,27.53,136.14,4.945,643.6,1034.9,-37.8,14.4,214.5,1,1
Rajasthan,Maize,Zaid,Laterite,2,47.91,252.62,5.273,928.7,589.6,57.52,27.8,275.5,1,0
Maharashtra,Rice,Zaid,Red,3,37.51,210.17,5.603,829.5,944.2,-12.15,23.7,305.2,0,0
Punjab,Rice,Rabi,Laterite,2,42.58,76.9,1.806,1011.7,747.3,35.38,30.1,51.2,1,1
Rajasthan,Maize,Rabi,Black,4,18.02,45.41,2.52,722.5,1005.3,-28.13,26.2,349.9,1,1
Madhya Pradesh,Pulses,Rabi,Laterite,2,27.94,148.14,5.302,493.3,786.7,-37.29,29.9,396.0,1,1
Karnataka,Sugarcane,Zaid,Alluvial,5,30.96,61.7,1.993,418.7,854.6,-51.0,41.1,92.6,1,1
Tamil Nadu,Maize,Zaid,Alluvial,5,16.42,16.7,1.017,1244.9,927.6,34.21,33.7,277.9,1,0
Punjab,Bajra,Zaid,Black,4,28.73,153.81,5.354,724.3,1038.1,-30.24,23.9,50.8,1,1
West Bengal,Jowar,Rabi,Laterite,2,12.21,32.15,2.632,758.2,764.5,-0.83,28.5,67.2,1,0
Punjab,Maize,Zaid,Alluvial,5,7.6,23.34,3.072,1250.3,757.5,65.06,26.7,149.8,1,0
Punjab,Bajra,Rabi,Sandy,1,19.01,61.44,3.232,677.0,926.7,-26.95,27.6,346.2,0,1
Rajasthan,Soybean,Rabi,Laterite,2,37.09,194.43,5.241,806.1,611.9,31.72,16.6,278.4,0,0
Uttar Pradesh,Groundnut,Kharif,Black,4,45.85,123.32,2.689,541.9,592.4,-8.53,32.3,206.0,1,0
Andhra Pradesh,Cotton,Kharif,Laterite,2,23.16,126.47,5.461,471.9,905.0,-47.86,12.2,203.5,1,1
Uttar Pradesh,Cotton,Kharif,Red,3,32.32,132.02,4.085,1272.4,950.4,33.89,25.9,213.1,1,0
Madhya Pradesh,Wheat,Rabi,Red,3,5.6,20.37,3.636,1275.9,900.1,41.76,15.5,158.9,0,0
West Bengal,Sugarcane,Kharif,Alluvial,5,45.27,118.98,2.628,1055.3,835.3,26.33,21.8,357.2,1,0
Karnataka,Jowar,Kharif,Red,3,28.65,63.55,2.219,1046.9,769.2,36.09,27.3,248.8,1,0
Haryana,Groundnut,Kharif,Black,4,39.13,161.21,4.12,988.6,1088.1,-9.15,31.2,219.4,1,0
Madhya Pradesh,Groundnut,Zaid,Alluvial,5,39.82,128.81,3.234,615.2,1107.7,-44.46,32.1,212.8,1,1
Haryana,Soybean,Rabi,Black,4,13.2,73.27,5.553,872.7,866.1,0.76,24.8,377.5,0,0
Haryana,Maize,Kharif,Black,4,26.69,92.31,3.458,674.1,747.4,-9.82,31.9,303.3,1,0
Karnataka,Sugarcane,Zaid,Red,3,48.04,170.99,3.559,152.6,698.6,-78.16,25.6,100.7,1,1
Maharashtra,Rice,Zaid,Red,3,4.94,15.22,3.084,1079.8,914.7,18.05,21.7,202.9,1,0
Uttar Pradesh,Groundnut,Zaid,Black,4,34.31,169.71,4.946,938.7,665.7,41.0,28.2,150.9,1,0
Punjab,Bajra,Kharif,Red,3,48.13,150.37,3.124,470.7,669.2,-29.66,20.5,395.4,1,1
Tamil Nadu,Rice,Zaid,Red,3,15.38,36.09,2.347,709.9,777.4,-8.67,25.2,195.4,0,0
Haryana,Wheat,Rabi,Red,3,43.14,229.09,5.31,1063.0,926.1,14.79,23.1,73.8,0,0
West Bengal,Maize,Zaid,Laterite,2,46.72,186.12,3.984,833.0,1070.3,-22.17,16.7,193.9,1,1
Madhya Pradesh,Maize,Zaid,Black,4,37.48,148.33,3.958,375.3,887.6,-57.72,28.0,162.5,0,1
Maharashtra,Jowar,Zaid,Sandy,1,11.95,48.45,4.054,496.7,924.5,-46.27,26.9,259.9,0,1
Haryana,Groundnut,Zaid,Black,4,17.03,78.25,4.594,1264.3,997.4,26.76,32.9,129.1,1,0
Maharashtra,Soybean,Rabi,Alluvial,5,2.27,5.83,2.565,816.5,983.4,-16.98,14.8,62.6,0,0
Maharashtra,Pulses,Kharif,Red,3,41.66,48.71,1.169,1064.6,767.2,38.77,21.7,83.6,1,0
Haryana,Pulses,Rabi,Red,3,42.56,215.03,5.053,1259.6,980.7,28.44,32.8,149.1,1,0
Rajasthan,Cotton,Rabi,Sandy,1,31.82,52.33,1.645,685.3,1004.8,-31.8,29.2,171.9,0,1
Andhra Pradesh,Bajra,Kharif,Alluvial,5,17.95,82.73,4.609,888.0,896.6,-0.96,30.3,342.1,0,0
West Bengal,Rice,Zaid,Laterite,2,4.3,6.07,1.412,308.3,870.5,-64.58,34.7,144.5,0,1
Punjab,Wheat,Kharif,Black,4,37.78,108.67,2.877,648.2,939.9,-31.03,21.4,61.0,1,1
Punjab,Cotton,Kharif,Laterite,2,36.46,47.95,1.315,943.9,924.3,2.13,20.8,323.3,1,1
West Bengal,Maize,Rabi,Alluvial,5,45.67,164.93,3.611,752.0,570.5,31.8,31.1,354.1,0,0
Rajasthan,Rice,Kharif,Sandy,1,36.66,156.39,4.266,913.0,914.3,-0.15,29.8,222.3,1,0
Punjab,Sugarcane,Zaid,Alluvial,5,41.52,77.11,1.857,1032.5,1026.9,0.55,25.2,149.7,1,0
Maharashtra,Groundnut,Rabi,Sandy,1,37.42,106.97,2.858,940.1,998.3,-5.83,25.1,320.2,0,0
Karnataka,Wheat,Zaid,Laterite,2,31.72,179.25,5.651,882.7,906.6,-2.63,20.2,53.1,1,0
Madhya Pradesh,Sugarcane,Rabi,Laterite,2,21.63,69.49,3.212,847.7,872.2,-2.81,35.5,373.4,1,0
Uttar Pradesh,Soybean,Zaid,Alluvial,5,45.15,226.35,5.013,657.9,790.5,-16.76,38.2,352.9,1,0
Punjab,Groundnut,Kharif,Alluvial,5,32.72,184.42,5.636,569.1,832.8,-31.67,32.7,240.7,1,1
West Bengal,Rice,Kharif,Red,3,20.22,118.72,5.872,1138.9,959.1,18.75,29.9,147.2,0,0
Karnataka,Groundnut,Kharif,Sandy,1,4.63,25.44,5.492,998.1,907.7,9.96,29.5,61.5,0,0
Haryana,Cotton,Zaid,Red,3,14.89,38.52,2.587,602.7,985.6,-38.85,28.0,399.9,1,1
Andhra Pradesh,Jowar,Rabi,Black,4,27.41,159.36,5.813,816.0,772.1,5.69,15.4,316.7,0,0
West Bengal,Cotton,Rabi,Black,4,14.14,71.6,5.062,452.0,1012.5,-55.36,23.1,168.5,0,1
Maharashtra,Soybean,Rabi,Alluvial,5,11.45,59.38,5.186,680.5,757.2,-10.13,30.9,56.7,1,0
Andhra Pradesh,Bajra,Kharif,Laterite,2,26.61,28.62,1.076,933.9,880.4,6.08,20.9,273.8,1,1
Madhya Pradesh,Sugarcane,Zaid,Black,4,8.91,51.4,5.771,865.1,765.7,12.97,26.9,395.4,1,0
Madhya Pradesh,Cotton,Rabi,Black,4,40.12,196.21,4.89,828.9,835.2,-0.75,32.9,297.5,0,0
Rajasthan,Jowar,Zaid,Red,3,24.48,118.46,4.84,579.1,1155.1,-49.86,33.0,79.3,0,1
Tamil Nadu,Bajra,Rabi,Red,3,28.91,40.69,1.408,528.4,926.4,-42.96,31.6,190.8,0,1
Rajasthan,Cotton,Kharif,Black,4,7.8,16.86,2.163,1037.5,883.8,17.39,27.7,88.2,1,0
Karnataka,Maize,Zaid,Alluvial,5,16.57,96.27,5.811,1223.4,1061.8,15.22,30.8,369.3,1,0
Andhra Pradesh,Jowar,Rabi,Red,3,20.8,72.87,3.503,937.5,465.3,101.48,24.6,165.6,1,0
Tamil Nadu,Sugarcane,Rabi,Black,4,40.51,121.09,2.989,756.9,826.2,-8.38,36.2,306.7,0,0
Haryana,Wheat,Rabi,Laterite,2,38.62,200.83,5.2,1106.3,775.0,42.73,16.5,79.6,1,0
Maharashtra,Pulses,Rabi,Red,3,11.54,16.58,1.437,589.5,721.4,-18.29,26.4,94.9,1,0
Andhra Pradesh,Bajra,Kharif,Black,4,31.0,95.63,3.085,1063.3,620.7,71.3,23.2,287.8,1,0
Rajasthan,Maize,Rabi,Sandy,1,12.55,36.13,2.879,650.8,817.1,-20.35,30.1,345.2,1,1
Uttar Pradesh,Wheat,Rabi,Red,3,49.42,135.86,2.749,663.1,954.0,-30.49,24.0,120.5,1,1
Tamil Nadu,Rice,Kharif,Sandy,1,47.63,120.91,2.538,716.8,828.0,-13.43,40.5,196.4,1,0
Tamil Nadu,Jowar,Rabi,Red,3,28.38,58.19,2.05,774.7,969.8,-20.12,31.5,266.8,0,1
Maharashtra,Maize,Zaid,Red,3,35.1,65.44,1.865,1028.7,860.7,19.52,20.0,328.7,1,0
Punjab,Groundnut,Zaid,Sandy,1,40.17,168.8,4.202,473.9,1024.9,-53.76,10.0,269.9,1,1
Madhya Pradesh,Rice,Rabi,Alluvial,5,36.19,202.55,5.597,648.9,774.6,-16.23,19.2,83.4,1,0
Madhya Pradesh,Rice,Kharif,Black,4,35.14,124.55,3.544,852.4,569.1,49.78,29.4,240.0,1,0
Uttar Pradesh,Bajra,Kharif,Alluvial,5,47.95,119.39,2.49,939.5,612.9,53.27,24.4,359.6,1,0
Karnataka,Jowar,Kharif,Alluvial,5,30.02,53.92,1.796,373.8,775.3,-51.79,22.6,353.8,1,1
Karnataka,Maize,Rabi,Black,4,32.0,164.81,5.151,602.4,718.0,-16.1,21.7,254.8,0,0
Haryana,Soybean,Rabi,Laterite,2,42.54,249.17,5.857,362.8,761.4,-52.35,31.0,398.5,1,1
Andhra Pradesh,Maize,Zaid,Alluvial,5,33.66,92.42,2.746,625.1,1020.8,-38.76,24.0,86.8,1,1
West Bengal,Cotton,Kharif,Alluvial,5,36.78,90.29,2.455,690.7,624.8,10.54,23.4,217.5,1,0
Punjab,Rice,Rabi,Alluvial,5,12.09,48.46,4.007,925.7,1076.2,-13.99,32.0,321.3,0,0
Rajasthan,Sugarcane,Rabi,Laterite,2,18.88,92.06,4.877,227.3,729.1,-68.83,35.4,99.4,1,1
West Bengal,Rice,Rabi,Red,3,7.79,25.53,3.277,963.3,663.4,45.21,19.3,390.5,1,0
West Bengal,Rice,Kharif,Sandy,1,25.54,105.98,4.15,672.7,829.2,-18.88,33.1,173.9,1,0
Tamil Nadu,Pulses,Kharif,Sandy,1,23.06,105.67,4.583,714.8,1074.9,-33.5,25.3,172.5,1,1
Uttar Pradesh,Groundnut,Zaid,Laterite,2,49.86,289.33,5.803,1042.8,743.2,40.32,31.5,124.6,1,0
Madhya Pradesh,Soybean,Kharif,Alluvial,5,30.75,56.13,1.825,1136.2,759.9,49.53,29.9,150.8,1,0
Haryana,Wheat,Rabi,Sandy,1,39.43,236.06,5.987,636.2,769.9,-17.36,26.1,252.2,0,0
Karnataka,Wheat,Zaid,Laterite,2,17.03,50.43,2.961,634.5,1022.5,-37.94,26.4,200.3,1,1
Uttar Pradesh,Groundnut,Kharif,Black,4,41.66,192.31,4.616,711.4,783.1,-9.15,30.0,117.7,1,0
Tamil Nadu,Rice,Kharif,Sandy,1,30.95,119.52,3.862,633.3,916.9,-30.93,19.4,333.2,0,1
Rajasthan,Wheat,Kharif,Black,4,35.0,120.17,3.433,441.2,868.1,-49.17,19.1,71.8,1,1
Haryana,Jowar,Kharif,Alluvial,5,15.07,67.69,4.49,792.1,833.5,-4.96,38.5,342.1,1,0
Tamil Nadu,Soybean,Rabi,Sandy,1,27.66,82.39,2.979,635.0,775.2,-18.09,33.0,146.2,0,0
Madhya Pradesh,Wheat,Kharif,Laterite,2,31.88,51.99,1.631,824.5,1145.3,-28.02,32.0,223.6,0,1
Madhya Pradesh,Groundnut,Rabi,Red,3,29.66,102.16,3.444,1227.2,1268.8,-3.28,25.1,183.4,1,0
Madhya Pradesh,Cotton,Rabi,Sandy,1,45.8,165.33,3.61,773.6,717.5,7.82,16.2,249.7,1,0
Uttar Pradesh,Wheat,Rabi,Sandy,1,44.96,90.36,2.01,611.1,689.3,-11.35,22.8,328.6,0,0
Uttar Pradesh,Soybean,Zaid,Sandy,1,48.56,275.75,5.678,731.9,856.1,-14.5,28.5,396.3,1,0
Karnataka,Bajra,Rabi,Sandy,1,33.54,71.68,2.137,832.2,509.0,63.48,32.9,157.1,1,0
Karnataka,Bajra,Kharif,Laterite,2,48.61,148.07,3.046,758.6,857.2,-11.5,28.6,243.8,1,0
Rajasthan,Jowar,Zaid,Laterite,2,41.71,74.02,1.775,659.3,1151.1,-42.72,28.7,213.1,0,1
Haryana,Maize,Kharif,Red,3,13.91,51.16,3.679,385.8,760.2,-49.25,25.0,399.6,1,1
Maharashtra,Maize,Rabi,Laterite,2,21.66,54.97,2.538,958.4,1012.1,-5.3,29.9,333.1,1,0
Maharashtra,Wheat,Kharif,Laterite,2,12.3,42.39,3.446,576.7,1070.4,-46.12,20.5,189.0,1,1
Tamil Nadu,Sugarcane,Zaid,Alluvial,5,0.71,1.5,2.123,1165.6,720.8,61.72,26.7,216.9,1,0
Madhya Pradesh,Cotton,Zaid,Alluvial,5,9.81,12.45,1.269,707.8,876.7,-19.27,24.6,136.1,0,1
Haryana,Groundnut,Kharif,Black,4,0.7,3.43,4.896,670.9,903.1,-25.72,34.7,314.3,0,1
West Bengal,Cotton,Kharif,Red,3,36.13,151.95,4.205,682.1,959.3,-28.9,10.0,345.8,1,1
Uttar Pradesh,Bajra,Kharif,Alluvial,5,21.56,58.3,2.704,837.5,970.3,-13.68,25.1,387.7,1,0
Andhra Pradesh,Wheat,Zaid,Red,3,15.97,19.77,1.237,583.4,1018.4,-42.71,27.5,248.0,1,1
Punjab,Soybean,Rabi,Red,3,38.21,203.55,5.328,631.2,732.7,-13.85,14.9,284.7,1,0
Rajasthan,Groundnut,Kharif,Sandy,1,41.71,77.12,1.849,955.6,876.1,9.07,30.4,206.1,0,1
Madhya Pradesh,Cotton,Rabi,Red,3,48.78,275.77,5.654,545.6,1072.4,-49.12,25.2,263.2,1,1
Madhya Pradesh,Soybean,Zaid,Sandy,1,32.28,109.52,3.393,937.1,1088.6,-13.92,20.3,172.1,1,0
Madhya Pradesh,Groundnut,Kharif,Black,4,23.35,63.08,2.702,1006.9,883.8,13.93,32.1,308.2,1,0
Uttar Pradesh,Cotton,Kharif,Black,4,15.61,73.51,4.709,966.9,770.3,25.53,21.5,57.9,1,0
Uttar Pradesh,Jowar,Zaid,Black,4,11.5,61.94,5.384,858.4,1005.3,-14.61,30.9,60.0,1,0
Punjab,Bajra,Kharif,Sandy,1,11.04,31.5,2.854,349.0,930.4,-62.5,27.1,300.6,1,1
West Bengal,Rice,Rabi,Sandy,1,20.75,63.03,3.037,497.3,927.2,-46.36,23.5,375.7,0,1
Haryana,Groundnut,Zaid,Black,4,49.59,157.0,3.166,461.2,966.4,-52.28,19.9,271.3,0,1
Madhya Pradesh,Bajra,Zaid,Sandy,1,0.54,3.04,5.612,705.4,707.4,-0.28,21.7,304.3,0,0
Maharashtra,Pulses,Kharif,Laterite,2,10.26,45.8,4.463,807.8,977.1,-17.32,31.3,338.4,1,0
Karnataka,Sugarcane,Zaid,Laterite,2,9.83,21.99,2.238,502.2,873.2,-42.48,32.9,176.6,1,1
Maharashtra,Wheat,Kharif,Sandy,1,36.0,69.29,1.925,756.8,1021.2,-25.89,30.2,87.8,0,1
Tamil Nadu,Pulses,Kharif,Sandy,1,17.95,38.62,2.152,971.1,853.1,13.83,25.8,376.6,1,0
Maharashtra,Soybean,Zaid,Alluvial,5,23.13,53.62,2.318,550.3,937.5,-41.3,30.2,378.5,1,1
Tamil Nadu,Groundnut,Kharif,Alluvial,5,7.86,16.9,2.151,595.4,918.6,-35.19,27.9,204.6,1,1
Andhra Pradesh,Wheat,Rabi,Red,3,20.55,88.2,4.293,1095.2,768.1,42.59,22.4,126.0,0,0
Karnataka,Wheat,Rabi,Red,3,5.61,8.86,1.58,568.2,714.7,-20.51,20.5,362.3,1,1
Maharashtra,Pulses,Kharif,Red,3,26.89,78.96,2.937,885.6,971.0,-8.8,24.1,297.9,0,0
Andhra Pradesh,Pulses,Rabi,Black,4,5.35,22.06,4.125,1109.8,721.5,53.83,22.2,52.9,0,0
Rajasthan,Rice,Kharif,Laterite,2,39.63,97.26,2.454,504.6,799.6,-36.89,26.8,87.7,1,1
Haryana,Cotton,Rabi,Black,4,28.55,37.86,1.326,523.3,795.1,-34.18,35.6,394.1,0,1
Andhra Pradesh,Groundnut,Zaid,Sandy,1,36.34,51.2,1.409,742.1,905.1,-18.0,27.7,63.3,1,1
Haryana,Bajra,Kharif,Alluvial,5,21.22,34.58,1.63,816.9,951.4,-14.13,34.8,148.9,1,0
Maharashtra,Maize,Kharif,Sandy,1,19.38,100.39,5.179,639.6,616.5,3.74,26.0,242.0,1,0
West Bengal,Groundnut,Kharif,Sandy,1,5.36,23.0,4.289,1292.8,741.2,74.42,25.0,114.5,0,0
Andhra Pradesh,Groundnut,Kharif,Alluvial,5,26.43,34.96,1.323,934.7,734.2,27.31,16.9,131.2,1,0
Karnataka,Groundnut,Kharif,Sandy,1,25.97,76.74,2.955,598.9,815.8,-26.58,29.8,173.5,1,1
Maharashtra,Wheat,Kharif,Red,3,23.67,56.64,2.393,458.5,551.2,-16.81,22.1,144.3,0,0
Madhya Pradesh,Soybean,Zaid,Alluvial,5,37.16,144.54,3.89,784.2,1020.1,-23.12,20.8,331.2,0,1
Uttar Pradesh,Wheat,Zaid,Sandy,1,41.71,150.74,3.614,909.7,859.1,5.9,19.9,225.1,0,0
Andhra Pradesh,Soybean,Rabi,Red,3,37.66,128.27,3.406,1260.1,829.9,51.85,28.1,147.5,0,0
Karnataka,Pulses,Kharif,Red,3,7.62,19.61,2.573,819.0,963.2,-14.98,22.5,159.6,1,0
Rajasthan,Maize,Rabi,Laterite,2,31.29,52.85,1.689,739.3,927.6,-20.3,35.9,64.0,1,1
Madhya Pradesh,Wheat,Rabi,Red,3,4.48,21.09,4.712,555.9,926.0,-39.97,32.7,67.3,0,1
Rajasthan,Soybean,Zaid,Black,4,34.88,188.35,5.399,892.6,847.7,5.3,22.8,301.3,0,0
Maharashtra,Wheat,Rabi,Alluvial,5,19.4,110.99,5.721,1054.2,865.7,21.77,11.8,89.5,0,0
Uttar Pradesh,Sugarcane,Zaid,Alluvial,5,7.06,9.13,1.293,353.2,976.6,-63.84,26.7,216.5,1,1
Andhra Pradesh,Wheat,Rabi,Alluvial,5,43.17,202.89,4.7,818.7,929.8,-11.95,24.1,344.8,0,0
Andhra Pradesh,Maize,Kharif,Sandy,1,30.89,143.11,4.633,545.0,1109.2,-50.87,31.3,179.0,0,1
West Bengal,Maize,Rabi,Sandy,1,18.06,103.58,5.736,460.6,871.0,-47.12,26.1,171.0,0,1
West Bengal,Soybean,Zaid,Black,4,2.02,4.58,2.265,1223.5,947.6,29.11,32.9,355.6,1,0
Maharashtra,Soybean,Zaid,Red,3,27.1,127.65,4.711,1021.8,831.6,22.88,29.0,352.7,1,0
Maharashtra,Pulses,Zaid,Sandy,1,46.2,58.82,1.273,648.4,898.6,-27.83,18.3,358.0,1,1
Uttar Pradesh,Maize,Rabi,Red,3,30.02,124.77,4.156,759.6,906.4,-16.19,21.5,250.2,1,0
West Bengal,Maize,Rabi,Red,3,48.6,133.85,2.754,720.7,783.4,-8.01,23.3,383.3,0,0
Karnataka,Rice,Zaid,Sandy,1,7.25,35.14,4.845,518.6,753.0,-31.13,25.0,336.6,1,1
Karnataka,Groundnut,Kharif,Sandy,1,28.63,152.22,5.317,664.8,946.2,-29.74,24.4,195.5,0,1
Uttar Pradesh,Jowar,Kharif,Black,4,40.01,112.98,2.824,996.0,918.2,8.48,30.3,270.3,1,0
Karnataka,Wheat,Rabi,Laterite,2,26.51,96.19,3.628,658.5,1070.1,-38.46,29.0,92.6,0,1
Tamil Nadu,Cotton,Rabi,Alluvial,5,5.01,7.95,1.587,916.0,850.7,7.68,23.5,243.0,0,1
Haryana,Pulses,Zaid,Sandy,1,29.35,90.54,3.085,660.5,700.8,-5.76,30.0,142.1,1,0
Uttar Pradesh,Groundnut,Rabi,Sandy,1,30.78,86.31,2.804,504.0,851.7,-40.83,19.0,149.2,0,1
Uttar Pradesh,Jowar,Rabi,Red,3,36.57,70.06,1.916,1098.6,965.4,13.79,30.2,94.0,0,1
Punjab,Rice,Zaid,Laterite,2,38.18,208.94,5.472,267.4,531.8,-49.71,31.2,175.4,0,1
Madhya Pradesh,Cotton,Zaid,Sandy,1,38.65,67.27,1.74,1246.2,849.1,46.78,27.7,218.5,1,1
Madhya Pradesh,Soybean,Rabi,Laterite,2,33.34,139.32,4.179,1049.5,950.0,10.48,29.2,260.1,0,0
Tamil Nadu,Maize,Kharif,Alluvial,5,11.18,60.95,5.451,845.7,885.2,-4.47,29.9,156.7,1,0
West Bengal,Sugarcane,Rabi,Red,3,20.51,114.03,5.56,688.5,796.2,-13.53,32.3,327.3,1,0
Maharashtra,Pulses,Kharif,Black,4,38.92,193.28,4.966,708.0,669.6,5.74,30.5,232.3,0,0
Maharashtra,Bajra,Kharif,Alluvial,5,47.69,89.7,1.881,850.6,848.2,0.28,33.2,273.3,1,0
Rajasthan,Maize,Kharif,Laterite,2,4.41,22.42,5.087,846.2,666.4,26.99,16.6,147.4,1,0
Tamil Nadu,Sugarcane,Zaid,Laterite,2,27.01,64.36,2.383,560.2,951.0,-41.09,26.8,334.9,1,1
Uttar Pradesh,Jowar,Zaid,Alluvial,5,15.97,89.62,5.612,816.9,859.2,-4.92,25.7,268.5,1,0
Tamil Nadu,Soybean,Zaid,Laterite,2,11.66,52.99,4.545,864.7,1074.2,-19.51,26.9,351.8,0,0
Tamil Nadu,Cotton,Rabi,Black,4,25.54,125.81,4.926,724.8,557.0,30.13,31.4,106.0,1,0
Tamil Nadu,Jowar,Zaid,Black,4,30.5,43.47,1.425,1359.8,799.0,70.19,26.8,183.2,0,1
Madhya Pradesh,Maize,Zaid,Laterite,2,0.98,3.85,3.914,766.5,960.0,-20.16,26.5,89.6,0,1
Tamil Nadu,Maize,Rabi,Laterite,2,39.12,199.74,5.106,359.2,1021.4,-64.84,28.8,125.4,0,1
Haryana,Cotton,Rabi,Black,4,41.08,218.07,5.308,547.4,966.1,-43.34,17.0,188.1,1,1
Maharashtra,Bajra,Kharif,Laterite,2,48.29,55.21,1.143,975.9,707.0,38.02,35.3,363.1,0,1
Rajasthan,Sugarcane,Rabi,Sandy,1,9.44,53.78,5.696,619.4,777.8,-20.37,25.4,245.0,1,1
Haryana,Jowar,Rabi,Red,3,29.93,36.42,1.217,551.6,514.6,7.17,34.9,165.6,0,1
Rajasthan,Soybean,Zaid,Sandy,1,21.62,88.04,4.073,1148.8,856.8,34.08,20.9,311.4,1,0
Punjab,Maize,Kharif,Laterite,2,17.07,76.27,4.467,842.4,1024.5,-17.77,20.5,56.9,1,0
Rajasthan,Jowar,Kharif,Laterite,2,28.5,43.79,1.537,649.7,851.1,-23.66,24.6,179.5,0,1
Maharashtra,Bajra,Rabi,Red,3,39.23,48.65,1.24,107.8,936.5,-88.49,26.2,260.3,0,1
Maharashtra,Jowar,Zaid,Laterite,2,1.64,8.08,4.925,955.1,932.5,2.42,23.0,254.1,0,0
Tamil Nadu,Cotton,Zaid,Red,3,48.49,141.74,2.923,803.9,802.5,0.17,21.2,262.6,0,0
Andhra Pradesh,Soybean,Zaid,Black,4,40.59,62.33,1.536,1125.2,485.2,131.89,28.2,124.0,1,0
Punjab,Rice,Zaid,Red,3,37.68,181.38,4.813,526.3,1051.1,-49.93,34.7,168.0,1,1
Uttar Pradesh,Cotton,Rabi,Red,3,38.14,200.07,5.246,706.7,914.8,-22.75,36.0,376.0,1,1
Karnataka,Jowar,Zaid,Sandy,1,19.76,77.79,3.937,874.7,662.4,32.05,24.2,390.9,1,0
Rajasthan,Rice,Kharif,Laterite,2,37.71,68.1,1.806,1114.0,905.6,23.01,19.5,159.2,1,1
Andhra Pradesh,Maize,Kharif,Black,4,19.65,21.14,1.076,864.6,880.0,-1.75,24.4,275.6,1,0
Tamil Nadu,Rice,Rabi,Alluvial,5,44.99,202.62,4.504,623.1,1046.7,-40.46,36.3,134.5,0,1
Madhya Pradesh,Bajra,Zaid,Red,3,9.27,34.78,3.751,1124.4,920.8,22.11,32.2,179.0,1,0
Uttar Pradesh,Wheat,Zaid,Alluvial,5,14.97,63.69,4.254,721.9,921.3,-21.64,28.3,327.3,1,1
West Bengal,Bajra,Zaid,Laterite,2,27.79,140.79,5.066,845.0,879.9,-3.97,23.2,225.4,1,0
Andhra Pradesh,Cotton,Zaid,Red,3,16.3,51.69,3.171,987.7,734.5,34.46,31.5,347.4,1,0
Madhya Pradesh,Wheat,Rabi,Alluvial,5,21.5,34.88,1.623,1190.8,950.9,25.23,39.6,270.1,1,0
Punjab,Cotton,Zaid,Sandy,1,24.87,141.78,5.7,892.2,846.2,5.44,25.1,270.1,1,0
Tamil Nadu,Pulses,Rabi,Alluvial,5,42.89,159.82,3.726,1446.8,707.1,104.62,14.2,61.9,1,0
Uttar Pradesh,Soybean,Zaid,Sandy,1,26.4,107.61,4.076,777.6,751.1,3.52,19.8,312.4,1,0
Uttar Pradesh,Groundnut,Zaid,Black,4,18.44,104.51,5.667,873.4,679.6,28.52,26.4,392.3,1,0
Uttar Pradesh,Maize,Kharif,Laterite,2,12.76,72.21,5.658,645.3,1009.0,-36.04,25.1,215.6,1,1
Punjab,Maize,Rabi,Alluvial,5,20.73,80.03,3.86,880.6,1146.8,-23.21,34.2,105.5,1,1
Rajasthan,Pulses,Kharif,Red,3,26.03,64.76,2.488,874.3,1023.3,-14.56,22.5,391.9,0,0
West Bengal,Jowar,Rabi,Laterite,2,37.43,224.06,5.986,1061.4,906.4,17.1,25.0,151.5,1,0
Punjab,Sugarcane,Zaid,Alluvial,5,6.49,28.59,4.404,911.1,840.2,8.44,22.1,193.2,1,0
Karnataka,Cotton,Zaid,Red,3,11.47,34.89,3.042,668.2,806.4,-17.13,30.7,77.1,0,0
West Bengal,Groundnut,Rabi,Red,3,19.29,73.3,3.799,864.1,702.1,23.08,20.8,88.8,0,0
Maharashtra,Groundnut,Kharif,Red,3,18.34,56.47,3.079,631.9,1142.0,-44.67,24.6,125.8,0,1
Tamil Nadu,Bajra,Rabi,Red,3,19.89,108.24,5.442,937.4,694.9,34.89,16.9,242.0,1,0
Punjab,Bajra,Rabi,Alluvial,5,39.78,135.75,3.412,660.2,722.6,-8.63,22.8,245.2,0,0
Madhya Pradesh,Sugarcane,Zaid,Black,4,16.55,84.67,5.118,450.5,820.7,-45.11,36.0,262.2,1,1
West Bengal,Jowar,Kharif,Sandy,1,25.34,131.81,5.201,517.5,833.1,-37.88,36.7,254.3,1,1
Karnataka,Pulses,Rabi,Sandy,1,31.38,160.74,5.122,506.3,940.3,-46.16,30.0,223.3,0,1
Maharashtra,Rice,Kharif,Sandy,1,11.99,55.3,4.611,668.0,749.0,-10.81,28.6,330.7,0,0
Rajasthan,Bajra,Kharif,Black,4,36.08,190.28,5.274,588.2,551.7,6.61,22.2,376.9,1,0
Madhya Pradesh,Jowar,Rabi,Red,3,27.58,80.98,2.936,794.5,815.3,-2.55,27.2,144.4,1,0
West Bengal,Soybean,Kharif,Red,3,22.62,35.58,1.573,702.0,825.4,-14.95,27.0,95.6,0,1
Tamil Nadu,Maize,Zaid,Laterite,2,40.58,211.54,5.212,929.0,813.2,14.24,26.1,198.8,1,0
Madhya Pradesh,Maize,Zaid,Sandy,1,12.55,43.82,3.491,895.7,811.2,10.41,30.8,59.2,1,0
Maharashtra,Jowar,Zaid,Sandy,1,44.22,72.38,1.637,719.0,797.4,-9.83,20.3,359.2,1,1
Madhya Pradesh,Sugarcane,Zaid,Red,3,28.27,44.57,1.577,1110.6,651.3,70.51,41.4,133.9,0,1
Haryana,Pulses,Kharif,Sandy,1,30.65,55.06,1.796,568.4,1069.3,-46.85,35.7,242.3,1,1
Andhra Pradesh,Groundnut,Zaid,Red,3,43.82,208.34,4.755,1051.6,1060.8,-0.87,21.1,90.3,1,0
Rajasthan,Sugarcane,Rabi,Red,3,40.97,186.59,4.554,839.0,1059.3,-20.79,26.6,243.6,0,1
Maharashtra,Jowar,Zaid,Red,3,30.28,61.13,2.019,701.4,672.2,4.35,22.4,63.6,0,0
Madhya Pradesh,Pulses,Rabi,Alluvial,5,37.78,197.78,5.235,1082.4,910.6,18.87,29.8,319.1,0,0
Andhra Pradesh,Pulses,Rabi,Alluvial,5,21.95,52.82,2.406,939.3,786.6,19.42,25.5,384.4,1,0
Andhra Pradesh,Cotton,Zaid,Alluvial,5,27.6,137.01,4.965,531.1,778.4,-31.77,14.7,157.4,0,1
Madhya Pradesh,Wheat,Zaid,Alluvial,5,3.57,12.3,3.444,891.0,710.7,25.37,20.5,140.4,0,0
Tamil Nadu,Maize,Kharif,Black,4,4.95,23.05,4.658,890.7,1234.8,-27.87,34.0,206.8,1,1
Haryana,Jowar,Rabi,Laterite,2,41.56,120.8,2.907,1051.8,812.7,29.43,24.7,267.0,1,0
Punjab,Groundnut,Zaid,Laterite,2,3.45,9.45,2.736,946.3,711.7,32.97,24.6,116.1,0,0
Haryana,Wheat,Kharif,Red,3,8.89,46.26,5.207,964.2,870.7,10.74,30.0,331.2,1,0
Madhya Pradesh,Soybean,Zaid,Sandy,1,39.89,46.94,1.177,689.7,964.5,-28.49,31.6,119.5,1,1
Rajasthan,Bajra,Zaid,Alluvial,5,0.56,3.27,5.874,747.6,828.8,-9.8,25.5,51.9,1,0
Punjab,Cotton,Zaid,Laterite,2,14.48,61.4,4.241,737.0,886.6,-16.88,13.0,233.5,0,0
Maharashtra,Bajra,Rabi,Laterite,2,29.41,93.01,3.162,400.3,1000.3,-59.98,21.2,90.3,0,1
Haryana,Wheat,Zaid,Alluvial,5,29.97,124.1,4.14,1121.7,706.8,58.69,13.1,294.4,1,0
Madhya Pradesh,Wheat,Kharif,Black,4,38.97,62.88,1.614,520.2,876.7,-40.66,17.6,108.6,1,1
Haryana,Bajra,Zaid,Black,4,25.54,91.2,3.57,867.2,754.1,14.99,26.5,336.1,0,0
Punjab,Groundnut,Zaid,Laterite,2,25.72,152.38,5.925,717.2,733.8,-2.27,26.3,214.6,1,0
Karnataka,Groundnut,Kharif,Black,4,36.4,79.23,2.176,740.4,1112.8,-33.47,33.7,248.2,0,1
West Bengal,Rice,Kharif,Alluvial,5,25.18,116.12,4.611,969.4,836.6,15.87,25.8,115.3,0,0
Haryana,Soybean,Rabi,Laterite,2,30.62,97.22,3.175,604.9,690.7,-12.42,20.7,101.3,0,0
Maharashtra,Groundnut,Rabi,Alluvial,5,44.94,191.55,4.262,914.1,833.3,9.71,33.2,271.0,1,0
Maharashtra,Soybean,Rabi,Black,4,20.37,41.24,2.024,916.5,668.6,37.09,36.5,139.4,0,0
Uttar Pradesh,Soybean,Rabi,Alluvial,5,19.56,65.58,3.352,606.1,817.4,-25.85,31.5,185.1,0,1
Haryana,Wheat,Kharif,Black,4,0.68,3.99,5.9,1027.8,748.2,37.36,25.6,217.8,1,0
West Bengal,Soybean,Zaid,Black,4,30.86,61.0,1.976,1141.9,926.6,23.23,24.2,130.4,0,1
Tamil Nadu,Cotton,Zaid,Alluvial,5,1.97,8.25,4.182,1306.2,1140.6,14.52,18.9,328.4,0,0
Andhra Pradesh,Bajra,Zaid,Black,4,25.46,98.72,3.878,734.5,823.8,-10.84,21.3,378.8,0,0
West Bengal,Rice,Rabi,Red,3,40.31,154.19,3.825,847.8,753.9,12.46,23.3,201.2,1,0
Andhra Pradesh,Jowar,Kharif,Alluvial,5,27.72,112.98,4.076,863.0,863.7,-0.07,18.1,371.1,0,0
Andhra Pradesh,Sugarcane,Kharif,Red,3,13.85,48.62,3.511,966.4,1073.7,-9.99,24.0,358.9,1,0
Karnataka,Rice,Kharif,Alluvial,5,39.42,42.75,1.085,1237.1,927.4,33.39,24.3,108.1,0,1
Uttar Pradesh,Cotton,Zaid,Black,4,13.85,76.19,5.5,921.7,828.8,11.2,33.6,110.7,0,0
West Bengal,Rice,Rabi,Black,4,36.79,188.89,5.135,928.5,540.0,71.93,16.3,217.1,1,0
West Bengal,Soybean,Kharif,Laterite,2,30.71,57.45,1.871,526.3,842.2,-37.5,27.0,234.1,1,1
Karnataka,Wheat,Rabi,Laterite,2,8.91,27.34,3.066,1312.2,966.5,35.77,17.8,169.4,0,0
Haryana,Sugarcane,Kharif,Red,3,45.3,219.85,4.853,681.2,993.6,-31.45,14.3,159.5,1,1
Haryana,Groundnut,Rabi,Black,4,10.43,61.55,5.9,135.1,1046.6,-87.09,23.0,201.0,0,1
Haryana,Wheat,Kharif,Laterite,2,49.48,284.82,5.756,231.1,748.8,-69.14,26.1,291.7,1,1
Rajasthan,Soybean,Rabi,Black,4,0.86,4.74,5.497,881.3,789.5,11.62,33.6,79.5,1,0
Andhra Pradesh,Soybean,Kharif,Alluvial,5,13.54,24.27,1.792,481.7,832.0,-42.1,24.4,298.7,0,1
Rajasthan,Sugarcane,Kharif,Laterite,2,10.39,57.91,5.572,813.4,956.4,-14.95,22.8,374.2,1,0
Uttar Pradesh,Sugarcane,Rabi,Red,3,1.19,6.43,5.392,426.3,810.5,-47.4,21.8,317.2,1,1
Karnataka,Maize,Rabi,Laterite,2,36.75,106.02,2.885,876.3,928.7,-5.65,22.9,117.1,0,0
West Bengal,Pulses,Zaid,Black,4,34.82,103.52,2.973,941.1,792.3,18.77,10.0,80.6,0,0
Andhra Pradesh,Pulses,Rabi,Sandy,1,39.72,131.06,3.3,844.0,744.1,13.42,21.1,221.6,1,0
Rajasthan,Wheat,Kharif,Sandy,1,13.21,56.54,4.281,625.9,1016.5,-38.42,30.8,384.7,0,1
Rajasthan,Groundnut,Kharif,Black,4,22.49,51.83,2.304,1019.6,896.9,13.69,11.3,336.7,1,0
Madhya Pradesh,Rice,Rabi,Alluvial,5,33.13,36.93,1.115,700.2,962.0,-27.22,23.5,247.0,1,1
Rajasthan,Soybean,Zaid,Laterite,2,22.27,37.99,1.706,752.9,819.1,-8.08,24.3,100.0,1,1
Tamil Nadu,Soybean,Rabi,Sandy,1,35.02,112.08,3.201,672.6,970.6,-30.71,30.3,299.8,1,1
West Bengal,Maize,Kharif,Alluvial,5,31.88,76.84,2.41,733.0,690.6,6.14,26.7,334.5,0,0
Tamil Nadu,Wheat,Kharif,Black,4,6.18,29.78,4.823,1267.8,714.5,77.44,28.5,377.3,1,0
West Bengal,Wheat,Zaid,Alluvial,5,39.16,60.05,1.533,798.8,991.3,-19.42,21.5,264.2,0,1
Karnataka,Bajra,Rabi,Black,4,36.17,202.11,5.587,482.6,839.5,-42.51,15.5,230.1,1,1
West Bengal,Sugarcane,Kharif,Laterite,2,32.96,180.53,5.477,560.2,813.0,-31.1,22.8,266.7,0,1
Tamil Nadu,Groundnut,Kharif,Alluvial,5,8.18,45.33,5.544,731.0,712.1,2.65,25.1,380.1,0,0
West Bengal,Sugarcane,Kharif,Laterite,2,13.77,64.67,4.698,601.3,970.7,-38.05,32.9,269.8,0,1
Karnataka,Groundnut,Rabi,Alluvial,5,19.96,30.64,1.535,1037.4,1129.8,-8.18,17.4,140.2,0,1
Karnataka,Cotton,Rabi,Black,4,14.36,45.81,3.191,445.8,941.1,-52.64,38.5,272.7,0,1
Uttar Pradesh,Jowar,Zaid,Black,4,11.78,19.51,1.657,770.2,782.6,-1.58,27.0,357.9,1,0
West Bengal,Pulses,Kharif,Alluvial,5,40.37,239.71,5.938,1052.7,1058.0,-0.51,21.4,248.5,1,0
Madhya Pradesh,Pulses,Kharif,Black,4,32.09,85.53,2.665,642.5,903.9,-28.92,21.1,225.9,1,1
Haryana,Groundnut,Zaid,Red,3,28.49,111.87,3.927,909.8,785.1,15.89,25.0,306.7,0,0
Maharashtra,Pulses,Kharif,Red,3,11.68,57.22,4.897,789.9,1041.4,-24.15,25.6,281.3,0,1
Karnataka,Sugarcane,Zaid,Laterite,2,45.94,257.43,5.603,792.1,822.9,-3.75,26.1,69.8,1,0
Punjab,Soybean,Zaid,Red,3,9.96,47.6,4.778,928.0,633.6,46.46,29.8,303.9,0,0
Haryana,Sugarcane,Kharif,Red,3,39.85,174.25,4.373,335.3,802.4,-58.21,22.0,192.6,1,1
Andhra Pradesh,Groundnut,Rabi,Sandy,1,48.35,161.0,3.33,1100.8,929.8,18.39,26.6,379.3,0,0
West Bengal,Wheat,Rabi,Sandy,1,36.49,146.95,4.027,325.8,742.4,-56.12,24.0,389.8,1,1
Tamil Nadu,Sugarcane,Rabi,Sandy,1,49.65,73.02,1.471,1084.0,569.2,90.46,35.9,207.1,0,1
Maharashtra,Pulses,Rabi,Sandy,1,32.73,177.37,5.42,908.5,1070.5,-15.13,15.2,389.1,0,0
Punjab,Maize,Kharif,Black,4,11.26,41.89,3.719,918.3,1299.1,-29.31,38.9,158.8,1,1
Haryana,Bajra,Zaid,Laterite,2,10.59,12.71,1.201,1203.6,778.7,54.57,20.7,288.9,0,1
West Bengal,Soybean,Zaid,Laterite,2,16.57,92.76,5.6,1095.9,755.5,45.05,19.5,76.3,1,0
Uttar Pradesh,Pulses,Kharif,Red,3,0.85,2.94,3.447,1003.5,647.9,54.88,24.2,100.7,0,0
Andhra Pradesh,Maize,Rabi,Laterite,2,34.24,182.96,5.343,726.4,726.8,-0.06,27.3,352.6,1,0
Maharashtra,Groundnut,Zaid,Red,3,13.8,72.92,5.284,709.8,620.8,14.34,23.8,362.8,0,0
Madhya Pradesh,Cotton,Kharif,Laterite,2,40.85,207.48,5.079,1010.4,654.3,54.43,29.6,236.4,1,0
Uttar Pradesh,Maize,Kharif,Alluvial,5,18.28,23.89,1.307,913.2,850.3,7.39,23.3,168.9,1,0
Punjab,Jowar,Rabi,Alluvial,5,24.26,54.22,2.235,875.3,613.1,42.75,22.1,207.9,1,0
Maharashtra,Cotton,Kharif,Laterite,2,48.3,259.75,5.378,785.8,629.7,24.78,20.5,354.4,1,0
Uttar Pradesh,Rice,Zaid,Black,4,12.49,68.62,5.495,698.0,881.1,-20.77,33.6,123.8,1,1
Andhra Pradesh,Soybean,Zaid,Red,3,36.2,119.12,3.29,452.5,757.4,-40.25,28.3,153.2,1,1
Madhya Pradesh,Pulses,Kharif,Laterite,2,37.88,121.22,3.2,960.9,903.5,6.35,19.1,324.9,0,0
Uttar Pradesh,Rice,Zaid,Red,3,11.44,21.46,1.876,754.6,798.7,-5.52,23.3,377.3,1,0
Rajasthan,Sugarcane,Kharif,Sandy,1,25.3,147.8,5.842,738.3,822.2,-10.2,18.1,82.5,0,0
Madhya Pradesh,Groundnut,Zaid,Laterite,2,17.83,36.84,2.066,346.9,967.0,-64.13,42.4,331.3,0,1
Punjab,Soybean,Rabi,Black,4,38.71,75.66,1.955,823.2,767.7,7.23,27.1,275.8,1,0
Andhra Pradesh,Wheat,Zaid,Sandy,1,31.31,134.76,4.304,459.2,956.5,-51.99,14.1,130.8,1,1
West Bengal,Cotton,Rabi,Laterite,2,24.06,53.28,2.214,691.3,787.0,-12.16,17.8,314.5,0,0
Tamil Nadu,Wheat,Rabi,Alluvial,5,39.08,222.51,5.694,998.2,726.9,37.32,18.5,304.8,1,0
Tamil Nadu,Rice,Kharif,Laterite,2,12.14,12.8,1.055,815.8,688.9,18.42,27.8,99.7,1,1
Tamil Nadu,Maize,Rabi,Alluvial,5,37.8,38.89,1.029,773.7,601.5,28.62,15.8,225.8,1,0
Maharashtra,Maize,Zaid,Alluvial,5,43.34,152.73,3.524,618.3,663.9,-6.87,17.8,315.4,1,0
Punjab,Groundnut,Zaid,Laterite,2,43.99,151.35,3.44,663.1,584.0,13.55,24.5,117.0,0,0
Andhra Pradesh,Rice,Rabi,Laterite,2,39.29,71.39,1.817,1196.3,700.8,70.7,25.5,212.0,1,1
Madhya Pradesh,Bajra,Kharif,Alluvial,5,20.7,71.87,3.473,994.9,973.2,2.24,22.7,92.3,0,0
Maharashtra,Soybean,Rabi,Red,3,49.1,150.16,3.058,684.5,848.8,-19.36,23.5,157.4,1,0
Punjab,Cotton,Zaid,Sandy,1,19.29,105.16,5.452,773.6,791.8,-2.3,17.4,126.3,1,0
West Bengal,Maize,Zaid,Black,4,32.11,33.6,1.046,861.8,746.3,15.48,28.7,226.8,1,0
Rajasthan,Maize,Rabi,Laterite,2,8.47,49.83,5.881,909.5,837.8,8.56,14.0,99.4,1,0
Andhra Pradesh,Wheat,Rabi,Sandy,1,49.03,202.11,4.122,793.9,854.5,-7.09,25.0,184.1,1,0
Tamil Nadu,Wheat,Rabi,Sandy,1,35.35,62.18,1.759,357.4,682.7,-47.65,36.7,146.3,1,1
Uttar Pradesh,Pulses,Zaid,Red,3,37.79,46.63,1.234,792.1,919.5,-13.86,23.8,311.1,1,0
Andhra Pradesh,Sugarcane,Zaid,Sandy,1,3.76,13.86,3.691,776.9,801.2,-3.03,17.6,294.9,0,0
Karnataka,Bajra,Zaid,Laterite,2,38.29,83.26,2.174,1314.3,894.5,46.93,25.3,83.2,0,0
Punjab,Wheat,Kharif,Sandy,1,38.85,97.35,2.506,1472.9,845.2,74.27,24.2,383.7,1,0
Haryana,Wheat,Zaid,Laterite,2,33.75,75.12,2.226,960.5,637.2,50.73,27.1,310.6,1,0
West Bengal,Soybean,Zaid,Laterite,2,14.95,63.55,4.251,630.7,1045.1,-39.65,27.0,265.6,1,1
Rajasthan,Pulses,Kharif,Alluvial,5,24.74,93.21,3.768,969.8,848.3,14.32,31.8,217.2,1,0
West Bengal,Wheat,Kharif,Red,3,5.97,8.29,1.39,375.4,794.8,-52.77,23.0,112.3,0,1
Andhra Pradesh,Cotton,Kharif,Black,4,23.84,86.61,3.633,666.8,937.4,-28.86,21.0,386.7,1,1
Haryana,Soybean,Kharif,Alluvial,5,12.57,62.29,4.956,393.4,676.4,-41.84,21.1,52.8,1,1
Karnataka,Sugarcane,Kharif,Black,4,17.78,25.0,1.406,937.6,613.9,52.75,22.1,292.4,1,0
Madhya Pradesh,Rice,Kharif,Laterite,2,8.55,46.58,5.449,497.3,933.5,-46.72,27.7,227.6,0,1
Uttar Pradesh,Soybean,Rabi,Alluvial,5,11.89,46.26,3.892,728.3,1022.0,-28.74,17.7,365.9,1,1
Haryana,Rice,Rabi,Sandy,1,4.29,24.68,5.753,789.0,893.0,-11.65,20.3,183.2,1,0
Punjab,Maize,Rabi,Sandy,1,46.04,80.13,1.741,792.8,970.9,-18.34,26.3,231.5,1,1
Tamil Nadu,Pulses,Rabi,Black,4,26.76,159.67,5.968,681.8,660.1,3.29,33.2,309.8,1,0
Karnataka,Sugarcane,Zaid,Laterite,2,20.14,85.01,4.221,884.2,796.1,11.06,20.7,66.6,1,0
Uttar Pradesh,Pulses,Kharif,Black,4,26.98,103.55,3.837,486.4,751.3,-35.25,28.1,69.1,0,1
Rajasthan,Sugarcane,Zaid,Red,3,31.6,113.02,3.576,1234.8,1004.1,22.97,24.7,124.1,1,0
Tamil Nadu,Pulses,Kharif,Sandy,1,46.13,51.59,1.118,541.5,924.1,-41.4,29.0,101.2,0,1
Andhra Pradesh,Soybean,Kharif,Alluvial,5,9.35,53.25,5.698,809.9,1004.7,-19.38,26.4,52.3,1,0
Haryana,Pulses,Zaid,Alluvial,5,15.13,63.85,4.22,956.2,757.3,26.27,26.2,268.0,0,0
Uttar Pradesh,Jowar,Rabi,Alluvial,5,48.8,71.16,1.458,970.7,680.3,42.69,41.3,328.6,1,0
Maharashtra,Sugarcane,Zaid,Sandy,1,18.87,20.85,1.105,993.8,1049.4,-5.29,43.6,385.0,1,1
Madhya Pradesh,Rice,Zaid,Laterite,2,1.62,2.03,1.254,401.8,853.9,-52.95,24.4,204.3,0,1
Madhya Pradesh,Sugarcane,Kharif,Sandy,1,7.81,31.6,4.047,570.7,1009.7,-43.48,20.5,147.9,1,1
Karnataka,Maize,Kharif,Sandy,1,1.8,7.34,4.07,834.0,840.3,-0.75,27.5,352.4,0,0
Rajasthan,Cotton,Kharif,Alluvial,5,49.5,173.17,3.498,920.3,1180.6,-22.05,29.6,345.5,0,1
Karnataka,Jowar,Rabi,Sandy,1,14.3,36.24,2.534,1114.3,1026.7,8.53,33.9,268.7,1,0
Maharashtra,Groundnut,Zaid,Alluvial,5,46.22,169.09,3.659,671.5,826.0,-18.7,12.5,145.6,1,0
Punjab,Sugarcane,Zaid,Laterite,2,49.8,178.35,3.582,573.8,853.1,-32.74,23.5,368.0,0,1
Rajasthan,Wheat,Rabi,Red,3,30.19,33.12,1.097,663.3,853.6,-22.29,23.0,112.4,1,1
West Bengal,Soybean,Zaid,Alluvial,5,2.14,5.17,2.412,1364.9,679.6,100.84,21.2,65.3,1,0
Punjab,Soybean,Zaid,Black,4,4.54,5.75,1.266,1175.1,777.7,51.1,17.0,328.8,0,1
Rajasthan,Pulses,Kharif,Red,3,24.34,133.88,5.501,757.6,766.3,-1.13,24.7,247.3,1,0
Rajasthan,Pulses,Rabi,Laterite,2,20.61,95.32,4.626,1121.2,884.9,26.71,30.2,136.3,1,0
Maharashtra,Soybean,Kharif,Red,3,30.51,182.44,5.981,656.9,727.7,-9.74,18.5,284.8,0,0
Andhra Pradesh,Bajra,Rabi,Alluvial,5,22.22,55.8,2.511,1038.6,827.5,25.52,26.5,318.4,1,0
Maharashtra,Jowar,Kharif,Laterite,2,46.74,252.02,5.392,455.3,795.1,-42.74,28.5,345.6,1,1
Rajasthan,Jowar,Zaid,Black,4,26.97,108.29,4.015,889.1,861.4,3.22,35.9,148.7,1,0
Uttar Pradesh,Rice,Rabi,Alluvial,5,34.84,113.77,3.266,1054.9,1070.2,-1.43,29.8,59.0,1,0
Punjab,Sugarcane,Rabi,Alluvial,5,44.88,94.82,2.113,718.3,1014.3,-29.18,25.5,228.5,1,1
Maharashtra,Groundnut,Kharif,Laterite,2,7.77,36.46,4.692,953.4,653.4,45.9,27.9,349.6,0,0
Andhra Pradesh,Soybean,Rabi,Laterite,2,11.87,65.54,5.521,659.6,842.2,-21.68,30.6,122.7,1,1
Haryana,Sugarcane,Zaid,Red,3,5.81,12.65,2.177,875.9,804.6,8.86,26.7,197.4,0,0
Karnataka,Jowar,Zaid,Black,4,7.41,13.91,1.877,679.6,753.0,-9.75,30.7,139.7,1,0
Rajasthan,Maize,Zaid,Red,3,25.87,115.94,4.481,1004.8,1173.0,-14.34,24.0,54.7,1,0
West Bengal,Soybean,Kharif,Red,3,16.4,96.5,5.885,483.9,771.0,-37.24,33.2,364.5,1,1
Haryana,Sugarcane,Rabi,Alluvial,5,21.45,101.87,4.75,546.2,781.4,-30.1,22.9,97.3,0,1
Madhya Pradesh,Jowar,Kharif,Laterite,2,49.13,119.05,2.423,1126.4,1113.2,1.19,21.9,318.4,1,0
Tamil Nadu,Cotton,Zaid,Alluvial,5,8.26,25.59,3.1,185.1,995.4,-81.4,23.2,171.3,1,1
Andhra Pradesh,Jowar,Rabi,Black,4,27.27,79.67,2.922,639.7,783.5,-18.35,20.2,147.2,0,0
West Bengal,Pulses,Zaid,Red,3,5.39,28.38,5.26,764.5,964.1,-20.7,30.5,379.4,1,1
Tamil Nadu,Wheat,Rabi,Black,4,16.27,79.0,4.857,888.3,814.1,9.11,16.6,280.0,1,0
Andhra Pradesh,Bajra,Rabi,Laterite,2,26.61,104.98,3.945,680.5,824.1,-17.42,23.4,290.4,1,0
Uttar Pradesh,Bajra,Kharif,Laterite,2,47.36,112.47,2.375,518.6,729.2,-28.89,27.9,315.9,1,1
Karnataka,Pulses,Rabi,Sandy,1,19.87,113.04,5.69,1106.6,485.0,128.14,26.1,169.3,0,0
Haryana,Pulses,Zaid,Black,4,3.71,15.84,4.267,1063.3,636.3,67.12,25.7,247.3,1,0
Punjab,Soybean,Rabi,Alluvial,5,19.71,115.37,5.852,705.2,684.3,3.05,25.1,144.6,0,0
Andhra Pradesh,Cotton,Zaid,Black,4,7.71,30.09,3.901,352.3,912.9,-61.4,27.0,342.1,0,1
Punjab,Cotton,Kharif,Red,3,11.88,60.68,5.106,876.5,873.0,0.4,20.0,259.8,1,0
Karnataka,Soybean,Zaid,Laterite,2,31.1,157.52,5.066,845.4,1012.9,-16.54,23.1,135.2,1,0
Rajasthan,Sugarcane,Rabi,Laterite,2,3.84,10.31,2.687,633.2,669.5,-5.42,24.5,364.9,1,0
Madhya Pradesh,Soybean,Zaid,Black,4,23.5,136.79,5.82,311.2,1118.0,-72.16,28.7,253.3,0,1
Haryana,Groundnut,Zaid,Black,4,30.67,34.03,1.11,732.1,1104.2,-33.69,31.7,223.3,0,1
Karnataka,Groundnut,Rabi,Black,4,21.38,103.56,4.844,991.6,855.3,15.94,25.2,62.1,1,0
Karnataka,Bajra,Zaid,Red,3,1.45,8.43,5.828,1029.3,747.1,37.78,30.4,368.4,1,0
Uttar Pradesh,Jowar,Rabi,Red,3,49.28,132.8,2.695,789.0,754.8,4.52,26.5,383.3,1,0
Tamil Nadu,Soybean,Kharif,Alluvial,5,18.67,79.18,4.241,644.1,879.7,-26.78,25.6,246.9,1,1
Madhya Pradesh,Soybean,Zaid,Black,4,39.04,148.78,3.811,983.6,1132.4,-13.14,30.7,204.9,1,0
Haryana,Sugarcane,Kharif,Alluvial,5,16.62,79.9,4.808,515.7,835.8,-38.29,17.3,175.8,1,1
Rajasthan,Rice,Zaid,Sandy,1,24.01,128.01,5.331,461.3,612.7,-24.71,28.7,143.8,1,1
Rajasthan,Bajra,Zaid,Red,3,19.73,79.22,4.015,777.9,1134.3,-31.42,21.9,251.1,1,1
Maharashtra,Bajra,Kharif,Laterite,2,17.46,88.67,5.08,1186.6,789.9,50.22,32.2,94.8,1,0
Karnataka,Bajra,Zaid,Sandy,1,1.58,4.05,2.561,1196.0,1068.1,11.98,22.1,371.7,1,0
Andhra Pradesh,Jowar,Zaid,Laterite,2,18.32,39.26,2.143,470.6,943.9,-50.15,24.1,111.6,0,1
Uttar Pradesh,Pulses,Kharif,Sandy,1,44.53,140.42,3.153,690.7,827.7,-16.56,16.6,310.9,1,0
Madhya Pradesh,Maize,Zaid,Alluvial,5,34.67,152.18,4.389,1408.5,994.9,41.57,28.2,157.4,0,0
Rajasthan,Rice,Rabi,Alluvial,5,7.7,14.91,1.936,627.9,739.8,-15.12,23.5,129.1,1,0
Haryana,Jowar,Zaid,Red,3,29.76,131.01,4.402,1204.9,806.4,49.43,22.8,245.3,1,0
Maharashtra,Groundnut,Zaid,Laterite,2,44.67,132.68,2.97,1044.0,770.4,35.52,26.2,317.8,1,0
Haryana,Sugarcane,Zaid,Sandy,1,35.15,174.98,4.978,1097.7,819.9,33.88,16.0,304.4,0,0
Uttar Pradesh,Pulses,Kharif,Black,4,7.86,9.31,1.184,688.5,932.2,-26.14,21.8,131.8,0,1
Andhra Pradesh,Groundnut,Rabi,Black,4,43.46,188.6,4.34,695.9,931.0,-25.25,24.9,165.7,0,1
Maharashtra,Pulses,Rabi,Red,3,15.43,65.55,4.249,572.3,616.7,-7.19,34.8,354.1,1,0
Maharashtra,Cotton,Zaid,Laterite,2,22.98,131.08,5.705,999.7,769.7,29.89,27.1,303.1,1,0
Tamil Nadu,Bajra,Kharif,Black,4,26.54,121.22,4.567,390.9,795.6,-50.87,28.4,299.4,1,1
Madhya Pradesh,Pulses,Kharif,Red,3,42.6,212.21,4.982,759.1,937.9,-19.06,26.4,144.1,1,0
Maharashtra,Wheat,Rabi,Red,3,46.61,257.45,5.523,1208.6,640.0,88.86,45.0,327.2,0,0
Tamil Nadu,Bajra,Kharif,Laterite,2,46.52,203.53,4.375,948.6,956.0,-0.77,31.4,175.4,1,0
Tamil Nadu,Bajra,Zaid,Black,4,0.89,2.19,2.451,1050.7,681.0,54.28,13.8,190.5,1,0
Uttar Pradesh,Sugarcane,Zaid,Black,4,46.13,246.76,5.349,389.0,887.3,-56.16,27.3,150.6,0,1
Punjab,Rice,Kharif,Black,4,3.19,15.12,4.738,551.5,1017.2,-45.78,32.5,92.5,1,1
Haryana,Groundnut,Zaid,Alluvial,5,13.66,42.64,3.122,1096.0,666.0,64.58,17.3,197.1,1,0
Andhra Pradesh,Pulses,Rabi,Black,4,25.99,118.33,4.553,831.4,886.3,-6.19,26.6,55.9,0,0
West Bengal,Pulses,Zaid,Sandy,1,24.26,129.49,5.338,540.1,822.2,-34.31,22.8,209.6,1,1
Haryana,Cotton,Kharif,Alluvial,5,30.43,178.89,5.878,956.6,703.4,36.0,20.9,303.8,1,0
Maharashtra,Bajra,Rabi,Alluvial,5,24.23,139.62,5.762,666.6,666.3,0.05,34.0,386.3,0,0
Andhra Pradesh,Soybean,Zaid,Alluvial,5,46.75,122.8,2.627,1434.4,743.9,92.83,22.0,77.5,1,0
Rajasthan,Maize,Rabi,Alluvial,5,12.41,38.57,3.108,949.8,728.4,30.39,22.1,148.5,1,0
Punjab,Soybean,Kharif,Red,3,14.06,21.77,1.548,569.3,819.2,-30.5,20.6,222.9,1,1
Rajasthan,Pulses,Zaid,Sandy,1,46.08,103.11,2.238,1020.3,786.0,29.8,19.5,109.6,1,0
Rajasthan,Soybean,Zaid,Laterite,2,4.3,23.26,5.412,1203.7,913.5,31.76,22.7,90.9,0,0
Madhya Pradesh,Sugarcane,Rabi,Black,4,30.67,86.02,2.804,798.5,971.3,-17.79,22.4,208.3,1,0
Haryana,Wheat,Zaid,Alluvial,5,34.25,140.5,4.103,608.0,620.6,-2.04,18.9,253.3,1,0
West Bengal,Pulses,Zaid,Laterite,2,25.52,110.52,4.33,811.1,812.4,-0.16,25.8,337.1,0,0
Uttar Pradesh,Pulses,Zaid,Red,3,34.86,171.15,4.909,646.8,707.5,-8.58,10.8,399.2,1,0
West Bengal,Wheat,Zaid,Laterite,2,9.05,17.32,1.914,735.4,687.2,7.01,26.6,321.0,1,1
Rajasthan,Groundnut,Kharif,Alluvial,5,42.71,107.79,2.524,452.8,614.7,-26.34,31.9,127.5,1,1
Maharashtra,Wheat,Zaid,Sandy,1,7.43,24.09,3.242,1018.8,603.6,68.79,22.8,311.8,0,0
Punjab,Soybean,Rabi,Laterite,2,20.34,57.44,2.824,512.7,772.1,-33.6,28.1,238.0,0,1
Karnataka,Sugarcane,Kharif,Alluvial,5,4.23,24.99,5.915,952.0,908.9,4.74,24.5,207.8,1,0
West Bengal,Cotton,Rabi,Alluvial,5,27.49,142.24,5.175,724.0,908.4,-20.3,40.1,377.5,1,1
Rajasthan,Groundnut,Rabi,Black,4,33.65,114.37,3.398,855.7,692.1,23.64,31.8,295.7,1,0
Punjab,Jowar,Rabi,Black,4,47.09,254.12,5.396,681.3,676.9,0.65,20.8,288.6,0,0
Andhra Pradesh,Cotton,Kharif,Sandy,1,37.1,101.58,2.738,849.1,885.9,-4.16,33.7,54.1,0,0
Haryana,Rice,Kharif,Black,4,27.28,134.49,4.929,908.2,785.2,15.65,40.5,352.8,1,0
Tamil Nadu,Rice,Kharif,Sandy,1,46.66,98.85,2.118,712.3,983.5,-27.57,24.7,327.7,1,1
Madhya Pradesh,Rice,Zaid,Red,3,24.18,117.57,4.862,367.6,683.4,-46.21,28.9,154.6,1,1
Punjab,Rice,Rabi,Red,3,28.28,92.82,3.282,884.3,571.3,54.77,32.1,152.2,1,0
Maharashtra,Sugarcane,Kharif,Black,4,30.01,46.14,1.537,897.7,941.9,-4.69,19.3,68.7,1,0
Maharashtra,Cotton,Rabi,Red,3,20.79,49.21,2.366,441.8,566.5,-22.01,15.0,67.8,1,1
Punjab,Bajra,Kharif,Laterite,2,42.0,126.49,3.011,554.7,633.1,-12.38,27.0,284.0,1,0
Maharashtra,Maize,Kharif,Laterite,2,9.67,45.88,4.746,713.1,749.6,-4.88,21.1,115.2,0,0
Haryana,Groundnut,Kharif,Laterite,2,27.96,38.17,1.365,226.3,807.3,-71.97,24.7,373.2,1,1
Maharashtra,Jowar,Rabi,Red,3,36.25,155.8,4.298,977.0,940.2,3.91,32.1,344.8,1,0
West Bengal,Soybean,Zaid,Laterite,2,45.25,207.23,4.58,677.8,697.9,-2.88,29.4,172.1,0,0
Tamil Nadu,Pulses,Kharif,Sandy,1,44.25,188.95,4.27,872.1,1047.7,-16.75,29.3,183.0,0,0
Maharashtra,Rice,Kharif,Alluvial,5,25.68,123.36,4.803,534.4,622.6,-14.16,25.2,164.5,0,0
Tamil Nadu,Jowar,Kharif,Black,4,32.34,61.14,1.891,1304.4,794.2,64.24,22.1,82.3,0,1
Rajasthan,Pulses,Zaid,Sandy,1,20.01,78.77,3.936,444.9,974.5,-54.35,21.7,61.0,0,1
Uttar Pradesh,Maize,Rabi,Laterite,2,23.67,135.08,5.706,675.4,982.5,-31.26,36.5,208.2,1,1
Haryana,Jowar,Rabi,Alluvial,5,45.36,183.89,4.054,1099.8,406.7,170.38,39.5,380.1,0,0
Uttar Pradesh,Cotton,Rabi,Black,4,46.57,188.92,4.057,512.6,1256.2,-59.19,32.5,371.0,1,1
Rajasthan,Jowar,Rabi,Sandy,1,44.82,209.87,4.682,822.8,801.7,2.63,24.3,333.4,0,0
Haryana,Rice,Kharif,Black,4,7.35,19.59,2.666,956.7,891.8,7.28,19.3,270.0,1,0
Punjab,Maize,Zaid,Red,3,42.58,191.71,4.502,423.4,800.0,-47.07,42.3,349.7,1,1
Punjab,Soybean,Kharif,Laterite,2,47.44,264.79,5.581,632.8,1170.3,-45.92,28.7,230.3,0,1
Tamil Nadu,Bajra,Zaid,Sandy,1,18.38,19.38,1.054,847.5,1043.4,-18.77,28.6,113.1,1,1
Rajasthan,Wheat,Rabi,Sandy,1,26.17,140.04,5.351,913.3,1166.1,-21.68,22.4,289.5,1,1
Tamil Nadu,Rice,Zaid,Alluvial,5,39.07,81.77,2.093,594.4,921.0,-35.46,30.1,372.2,1,1
Madhya Pradesh,Pulses,Kharif,Alluvial,5,28.32,92.89,3.28,1260.1,986.8,27.7,24.8,56.9,0,0
Maharashtra,Maize,Kharif,Alluvial,5,49.68,261.39,5.262,920.2,693.3,32.73,19.7,138.0,1,0
Karnataka,Cotton,Rabi,Black,4,23.06,118.05,5.12,994.2,810.3,22.69,24.0,142.9,1,0
Madhya Pradesh,Sugarcane,Kharif,Laterite,2,35.84,195.67,5.46,979.5,986.9,-0.75,28.4,84.7,1,0
Maharashtra,Maize,Kharif,Black,4,39.73,226.56,5.702,409.2,897.7,-54.42,35.2,128.9,1,1
Haryana,Pulses,Zaid,Laterite,2,24.96,80.76,3.236,771.3,865.9,-10.92,16.6,184.4,1,0
Tamil Nadu,Wheat,Kharif,Sandy,1,42.92,183.78,4.282,795.9,733.6,8.49,18.6,378.9,1,0
Haryana,Wheat,Rabi,Black,4,27.53,81.29,2.952,736.4,1024.8,-28.14,23.4,351.1,1,1
Haryana,Groundnut,Rabi,Black,4,20.88,57.49,2.754,851.9,1022.7,-16.7,20.4,381.1,0,0
Maharashtra,Bajra,Kharif,Black,4,5.84,18.43,3.158,273.2,1006.3,-72.85,26.0,92.2,1,1
Rajasthan,Pulses,Rabi,Red,3,19.97,94.18,4.715,832.0,893.8,-6.91,23.0,59.8,1,0
Maharashtra,Wheat,Zaid,Laterite,2,36.83,129.17,3.507,724.2,851.5,-14.96,26.7,88.5,0,0
Andhra Pradesh,Groundnut,Zaid,Laterite,2,46.1,233.76,5.07,271.0,1018.6,-73.4,27.0,370.0,0,1
Punjab,Groundnut,Kharif,Black,4,12.96,61.24,4.726,905.6,990.5,-8.57,17.9,105.1,0,0
Punjab,Groundnut,Kharif,Red,3,18.08,19.94,1.102,504.7,716.1,-29.52,24.7,250.4,1,1
Madhya Pradesh,Maize,Zaid,Black,4,8.12,33.71,4.151,704.9,897.5,-21.46,21.2,129.7,1,1
Punjab,Groundnut,Rabi,Laterite,2,34.69,110.42,3.183,736.4,948.7,-22.38,32.8,57.2,1,1
Maharashtra,Rice,Kharif,Sandy,1,48.03,157.69,3.283,338.5,749.0,-54.81,21.9,79.6,1,1
West Bengal,Pulses,Kharif,Red,3,32.23,164.1,5.092,366.4,985.5,-62.82,23.0,298.4,1,1
Tamil Nadu,Rice,Rabi,Red,3,31.05,116.05,3.738,936.3,957.6,-2.22,20.6,113.8,1,0
Maharashtra,Sugarcane,Kharif,Black,4,27.9,151.43,5.428,649.0,787.6,-17.59,25.8,130.2,0,0
Maharashtra,Wheat,Rabi,Sandy,1,4.88,22.27,4.564,701.8,646.5,8.55,25.1,182.0,1,0
Karnataka,Bajra,Rabi,Laterite,2,36.61,137.81,3.764,818.2,937.9,-12.76,34.9,280.0,0,0
Tamil Nadu,Groundnut,Rabi,Alluvial,5,30.3,144.62,4.773,360.4,1144.7,-68.51,25.8,214.3,0,1
Andhra Pradesh,Cotton,Rabi,Laterite,2,33.24,39.62,1.192,698.1,888.3,-21.42,34.1,380.6,0,1
Punjab,Cotton,Rabi,Laterite,2,44.99,51.08,1.135,772.3,946.2,-18.37,35.2,202.0,1,1
Tamil Nadu,Wheat,Zaid,Sandy,1,39.31,55.69,1.417,1241.1,675.2,83.82,23.9,119.7,1,1
Punjab,Sugarcane,Rabi,Red,3,39.16,124.82,3.188,569.9,842.8,-32.38,24.9,237.6,1,1
Madhya Pradesh,Cotton,Zaid,Laterite,2,46.4,101.01,2.177,997.2,833.3,19.67,22.6,207.8,0,0
Tamil Nadu,Rice,Rabi,Red,3,49.5,293.12,5.921,799.6,717.0,11.51,18.6,325.5,1,0
Punjab,Jowar,Kharif,Sandy,1,29.27,108.65,3.711,516.1,916.0,-43.65,40.2,377.3,0,1
Andhra Pradesh,Maize,Zaid,Sandy,1,5.89,25.4,4.312,641.8,910.2,-29.49,22.6,342.7,1,1
Uttar Pradesh,Soybean,Kharif,Black,4,23.23,55.61,2.394,1016.6,805.9,26.14,20.6,186.2,1,0
Haryana,Cotton,Rabi,Alluvial,5,39.49,103.02,2.609,994.2,848.1,17.23,19.6,125.6,1,0
Haryana,Bajra,Rabi,Sandy,1,1.87,5.01,2.677,669.9,1157.9,-42.14,22.2,370.1,0,1
Andhra Pradesh,Groundnut,Kharif,Sandy,1,3.32,14.9,4.494,885.9,756.9,17.05,24.2,185.1,1,0
Karnataka,Bajra,Rabi,Red,3,3.82,12.88,3.369,540.7,680.3,-20.51,33.5,319.6,1,1
Uttar Pradesh,Pulses,Kharif,Sandy,1,36.69,131.65,3.588,755.9,676.7,11.7,36.9,396.3,1,0
Madhya Pradesh,Maize,Rabi,Laterite,2,25.31,100.22,3.96,692.6,887.4,-21.95,13.5,252.1,0,1
Andhra Pradesh,Rice,Rabi,Black,4,18.76,90.88,4.844,1032.9,468.3,120.56,35.5,218.0,1,0
Haryana,Sugarcane,Zaid,Black,4,5.73,8.32,1.452,915.7,773.5,18.39,36.1,295.0,1,0
Haryana,Maize,Kharif,Laterite,2,36.75,179.48,4.884,631.0,704.7,-10.46,22.3,117.9,0,0
Haryana,Soybean,Rabi,Sandy,1,16.39,62.55,3.816,655.9,841.4,-22.05,20.5,220.9,1,1
Rajasthan,Jowar,Kharif,Alluvial,5,13.63,59.24,4.345,792.7,842.0,-5.85,29.1,159.3,1,0
Andhra Pradesh,Cotton,Zaid,Sandy,1,32.79,86.49,2.638,759.7,901.7,-15.75,22.2,107.5,0,0
Maharashtra,Sugarcane,Kharif,Black,4,28.17,85.84,3.047,730.1,942.3,-22.52,35.0,263.5,0,1
Madhya Pradesh,Sugarcane,Zaid,Alluvial,5,18.44,39.75,2.156,712.0,1021.3,-30.28,28.9,251.5,1,1
Haryana,Cotton,Kharif,Red,3,32.25,190.18,5.896,1144.8,797.0,43.65,21.5,316.4,0,0
Punjab,Cotton,Kharif,Red,3,13.93,48.53,3.485,687.0,750.1,-8.4,27.8,355.5,0,0
Andhra Pradesh,Cotton,Zaid,Sandy,1,39.84,238.28,5.98,875.0,977.9,-10.52,26.4,127.1,1,0
Rajasthan,Cotton,Rabi,Sandy,1,11.85,40.87,3.449,1405.7,601.2,133.83,14.5,322.9,1,0
Andhra Pradesh,Cotton,Rabi,Alluvial,5,8.36,17.55,2.099,588.4,963.6,-38.94,20.1,178.6,0,1
Madhya Pradesh,Sugarcane,Rabi,Alluvial,5,39.23,138.77,3.537,848.2,871.5,-2.67,22.1,270.1,1,0
Rajasthan,Wheat,Kharif,Sandy,1,35.54,42.58,1.198,861.1,917.4,-6.13,28.3,347.6,0,1
Madhya Pradesh,Wheat,Kharif,Black,4,9.54,52.7,5.524,797.2,904.7,-11.88,29.4,139.7,0,0
Andhra Pradesh,Bajra,Rabi,Red,3,6.25,31.85,5.093,810.3,870.5,-6.91,33.2,260.3,0,0
Maharashtra,Wheat,Kharif,Alluvial,5,42.0,194.43,4.629,580.3,876.6,-33.8,21.8,218.1,0,1
Madhya Pradesh,Soybean,Kharif,Black,4,38.94,157.68,4.049,889.7,683.4,30.19,17.1,326.7,1,0
Rajasthan,Wheat,Rabi,Sandy,1,16.7,65.11,3.899,340.7,752.3,-54.71,20.9,294.0,1,1
Rajasthan,Sugarcane,Zaid,Laterite,2,33.08,197.94,5.984,1249.5,1116.6,11.9,21.8,319.4,1,0
Madhya Pradesh,Cotton,Kharif,Alluvial,5,6.65,15.88,2.39,1228.3,950.9,29.16,21.2,150.8,1,0
West Bengal,Groundnut,Kharif,Laterite,2,25.6,125.39,4.898,717.7,1009.1,-28.88,25.9,296.5,0,1
Andhra Pradesh,Groundnut,Kharif,Black,4,1.43,5.58,3.907,1062.9,798.2,33.17,30.2,262.0,1,0
West Bengal,Soybean,Kharif,Red,3,19.88,116.91,5.879,726.7,861.9,-15.69,23.5,209.8,0,0
Karnataka,Pulses,Zaid,Black,4,4.2,21.61,5.139,802.5,929.0,-13.62,29.0,182.4,0,0
Andhra Pradesh,Sugarcane,Rabi,Red,3,24.02,143.94,5.993,629.8,1030.9,-38.91,31.8,166.1,0,1
Madhya Pradesh,Rice,Kharif,Black,4,21.37,84.25,3.942,1004.9,827.1,21.5,25.9,53.4,0,0
Uttar Pradesh,Maize,Rabi,Alluvial,5,22.5,45.51,2.023,654.7,921.6,-28.96,19.2,109.3,1,1
Madhya Pradesh,Bajra,Kharif,Alluvial,5,2.74,9.65,3.518,996.3,956.6,4.15,24.3,70.6,0,0
West Bengal,Rice,Zaid,Laterite,2,18.4,83.82,4.556,789.5,990.2,-20.27,32.1,346.9,1,1
Maharashtra,Sugarcane,Rabi,Black,4,37.95,184.87,4.872,795.7,819.8,-2.94,29.8,351.0,1,0
Madhya Pradesh,Wheat,Zaid,Black,4,18.76,18.81,1.003,427.2,1042.3,-59.02,19.6,346.2,0,1
Madhya Pradesh,Cotton,Kharif,Laterite,2,35.9,126.56,3.525,815.0,636.6,28.01,33.1,336.3,1,0
Maharashtra,Rice,Zaid,Sandy,1,18.79,40.89,2.176,513.5,680.6,-24.54,24.0,127.5,1,1
Madhya Pradesh,Maize,Zaid,Black,4,21.45,115.29,5.375,815.4,922.1,-11.57,19.6,222.1,1,0
Haryana,Pulses,Kharif,Black,4,28.41,50.13,1.765,1284.9,918.1,39.95,25.8,367.7,0,1
Uttar Pradesh,Groundnut,Kharif,Black,4,47.56,206.04,4.332,452.6,814.8,-44.45,16.9,315.9,1,1
Punjab,Pulses,Rabi,Sandy,1,5.89,13.72,2.33,763.3,783.7,-2.6,29.9,50.6,0,0
Uttar Pradesh,Maize,Kharif,Alluvial,5,2.13,5.93,2.783,641.1,785.7,-18.4,32.9,210.8,1,0
Madhya Pradesh,Cotton,Rabi,Laterite,2,30.59,174.47,5.703,539.9,715.1,-24.5,20.0,53.7,0,1
Haryana,Wheat,Zaid,Sandy,1,47.48,104.56,2.202,602.2,843.3,-28.59,25.0,148.2,0,1
Andhra Pradesh,Maize,Zaid,Red,3,49.49,73.0,1.475,1167.7,616.6,89.38,31.2,202.5,0,1
Madhya Pradesh,Bajra,Rabi,Red,3,24.47,32.94,1.346,1234.1,1019.8,21.02,18.0,362.5,0,1
West Bengal,Maize,Kharif,Sandy,1,23.67,83.39,3.523,538.4,907.3,-40.66,18.7,279.0,0,1
Haryana,Sugarcane,Kharif,Sandy,1,32.43,136.47,4.209,900.2,1044.1,-13.78,24.6,176.9,1,0
Maharashtra,Wheat,Zaid,Alluvial,5,28.0,73.83,2.636,570.3,874.2,-34.77,24.3,221.7,1,1
Haryana,Cotton,Rabi,Red,3,31.89,141.94,4.451,630.4,844.4,-25.34,26.3,336.1,1,1
Maharashtra,Groundnut,Zaid,Laterite,2,43.76,57.12,1.305,287.7,868.8,-66.89,25.4,154.9,0,1
Karnataka,Groundnut,Zaid,Black,4,37.44,197.94,5.287,1333.0,745.1,78.9,18.0,265.3,0,0
Punjab,Maize,Kharif,Black,4,25.1,127.56,5.083,1074.6,663.5,61.96,16.3,141.8,1,0
Tamil Nadu,Sugarcane,Rabi,Alluvial,5,23.36,138.48,5.927,637.1,702.3,-9.29,18.1,218.0,0,0
Haryana,Rice,Zaid,Alluvial,5,32.16,182.75,5.683,871.2,786.1,10.83,29.0,58.6,1,0
Rajasthan,Pulses,Kharif,Red,3,23.06,64.12,2.781,700.0,717.5,-2.44,31.7,348.3,1,0
West Bengal,Pulses,Zaid,Laterite,2,23.16,69.4,2.996,1036.5,1052.3,-1.5,25.5,66.9,0,0
Madhya Pradesh,Pulses,Zaid,Laterite,2,1.31,6.18,4.73,714.7,744.2,-3.97,30.3,128.5,1,0
West Bengal,Rice,Kharif,Sandy,1,9.12,15.23,1.67,751.3,909.0,-17.35,22.4,166.7,1,1
Uttar Pradesh,Sugarcane,Kharif,Alluvial,5,24.68,63.43,2.57,634.5,937.7,-32.33,23.8,268.8,1,1
Tamil Nadu,Pulses,Rabi,Black,4,41.22,65.65,1.593,951.0,1035.6,-8.17,31.5,302.0,1,0
Uttar Pradesh,Bajra,Zaid,Black,4,14.3,46.81,3.274,1352.3,952.2,42.01,28.8,78.2,1,0
Karnataka,Rice,Rabi,Red,3,26.37,99.15,3.76,728.9,824.0,-11.53,27.1,65.2,1,0
Tamil Nadu,Rice,Kharif,Black,4,17.58,36.13,2.056,726.1,1105.9,-34.35,25.1,329.6,1,1
Tamil Nadu,Cotton,Kharif,Laterite,2,5.69,6.45,1.133,793.7,663.4,19.64,19.1,299.3,1,1
Uttar Pradesh,Cotton,Zaid,Laterite,2,47.94,220.35,4.597,865.1,709.0,22.01,26.5,341.0,1,0
Maharashtra,Wheat,Rabi,Alluvial,5,42.81,47.09,1.1,725.3,883.0,-17.86,27.9,286.8,0,1
Uttar Pradesh,Bajra,Rabi,Red,3,4.39,25.73,5.867,701.9,862.9,-18.65,39.2,312.9,0,0
West Bengal,Bajra,Zaid,Black,4,36.13,76.16,2.108,820.6,972.6,-15.62,25.5,182.7,1,0
Maharashtra,Wheat,Zaid,Alluvial,5,17.71,76.48,4.32,362.2,874.1,-58.56,23.8,256.6,0,1
West Bengal,Bajra,Rabi,Sandy,1,49.75,157.88,3.174,663.1,905.4,-26.75,27.7,331.9,1,1
Karnataka,Soybean,Kharif,Sandy,1,15.47,20.08,1.298,299.8,999.4,-70.01,34.7,110.2,0,1
Madhya Pradesh,Jowar,Kharif,Black,4,12.32,41.4,3.361,676.8,871.1,-22.3,28.1,198.0,0,1
Andhra Pradesh,Pulses,Zaid,Black,4,28.61,102.53,3.584,562.9,951.9,-40.86,24.9,309.2,0,1
Maharashtra,Cotton,Rabi,Black,4,41.84,220.63,5.273,956.7,736.7,29.88,21.3,236.4,0,0
Karnataka,Wheat,Rabi,Laterite,2,10.03,46.76,4.662,616.2,746.5,-17.46,21.0,288.6,1,0
Rajasthan,Wheat,Rabi,Black,4,35.62,49.74,1.397,708.6,982.2,-27.85,30.7,152.5,1,1
Karnataka,Bajra,Kharif,Sandy,1,3.54,7.24,2.046,263.0,868.2,-69.7,24.3,61.3,1,1
Uttar Pradesh,Rice,Kharif,Black,4,45.99,117.7,2.559,1055.6,875.4,20.59,38.0,60.2,1,0
Uttar Pradesh,Groundnut,Rabi,Red,3,4.51,7.14,1.582,528.4,746.0,-29.17,26.5,380.0,1,1
Andhra Pradesh,Maize,Rabi,Sandy,1,45.75,150.28,3.284,679.3,788.7,-13.87,28.9,380.6,1,0
Karnataka,Maize,Zaid,Red,3,24.79,146.82,5.922,994.5,893.0,11.37,22.7,123.9,1,0
Punjab,Wheat,Zaid,Sandy,1,22.68,81.04,3.573,995.5,804.8,23.69,21.1,101.6,0,0
Madhya Pradesh,Pulses,Rabi,Alluvial,5,48.68,229.25,4.709,522.3,720.7,-27.53,30.6,56.3,1,1
Uttar Pradesh,Soybean,Rabi,Sandy,1,49.52,218.63,4.415,931.7,722.5,28.97,33.2,130.9,1,0
Andhra Pradesh,Pulses,Kharif,Sandy,1,32.68,171.58,5.25,512.8,754.4,-32.02,20.0,167.0,1,1
Madhya Pradesh,Wheat,Rabi,Red,3,6.79,14.12,2.079,858.1,799.2,7.37,21.6,134.4,1,0
Karnataka,Pulses,Zaid,Red,3,25.56,121.88,4.769,603.9,808.5,-25.3,22.0,329.1,0,1
Karnataka,Cotton,Kharif,Sandy,1,26.69,144.33,5.407,546.2,1085.3,-49.67,30.1,312.3,1,1
Tamil Nadu,Pulses,Zaid,Sandy,1,25.97,48.23,1.858,808.8,988.6,-18.19,28.2,78.4,0,1
Andhra Pradesh,Bajra,Zaid,Laterite,2,28.69,78.44,2.734,619.1,894.5,-30.79,25.4,294.1,0,1
Uttar Pradesh,Bajra,Kharif,Alluvial,5,1.43,8.35,5.851,1304.6,1129.4,15.52,21.3,232.2,1,0
Punjab,Soybean,Zaid,Alluvial,5,35.71,175.1,4.904,645.6,832.7,-22.47,35.6,96.3,0,1
Karnataka,Cotton,Rabi,Black,4,35.76,86.3,2.413,502.0,921.3,-45.51,31.9,308.8,1,1
Punjab,Groundnut,Zaid,Sandy,1,6.22,23.74,3.82,575.3,899.3,-36.03,14.0,80.1,1,1
Karnataka,Rice,Kharif,Sandy,1,28.73,86.8,3.022,795.7,920.9,-13.6,31.1,112.0,1,0
Uttar Pradesh,Cotton,Kharif,Sandy,1,28.63,98.78,3.45,828.0,737.7,12.23,24.3,102.2,1,0
Madhya Pradesh,Sugarcane,Kharif,Sandy,1,34.28,95.16,2.776,877.4,804.3,9.08,22.4,378.7,1,0
Haryana,Jowar,Zaid,Alluvial,5,4.73,11.33,2.397,1027.9,728.3,41.14,30.6,294.4,1,0
Madhya Pradesh,Wheat,Rabi,Red,3,31.51,137.83,4.374,382.3,911.1,-58.04,28.1,194.0,1,1
Karnataka,Sugarcane,Kharif,Laterite,2,14.4,70.44,4.893,1039.3,850.5,22.2,26.5,337.8,1,0
West Bengal,Soybean,Rabi,Red,3,25.6,137.45,5.37,571.5,567.7,0.68,20.6,125.6,1,0
Haryana,Sugarcane,Kharif,Red,3,38.78,68.9,1.777,900.4,927.0,-2.87,32.1,375.9,0,1
Haryana,Bajra,Rabi,Alluvial,5,35.43,181.2,5.114,1230.3,882.5,39.41,18.6,293.9,0,0
Punjab,Pulses,Rabi,Laterite,2,6.39,14.52,2.274,600.4,1105.6,-45.69,30.6,245.9,1,1
Andhra Pradesh,Rice,Rabi,Sandy,1,29.76,93.36,3.137,590.1,989.1,-40.34,26.5,328.1,1,1
Punjab,Maize,Kharif,Alluvial,5,48.47,266.94,5.507,543.9,1016.9,-46.51,25.8,275.7,1,1
Punjab,Wheat,Zaid,Alluvial,5,8.26,27.03,3.273,715.5,680.7,5.12,22.7,360.5,1,0
West Bengal,Maize,Zaid,Laterite,2,42.72,84.81,1.985,1116.3,1017.7,9.69,27.0,340.2,0,1
Madhya Pradesh,Pulses,Zaid,Black,4,35.28,63.47,1.799,521.4,820.8,-36.47,17.7,119.2,0,1
Madhya Pradesh,Bajra,Rabi,Alluvial,5,38.81,130.6,3.365,676.6,746.2,-9.33,33.4,133.9,1,0
Rajasthan,Bajra,Kharif,Red,3,14.46,69.59,4.813,1043.9,498.2,109.55,23.6,72.8,1,0
Karnataka,Pulses,Rabi,Red,3,14.75,88.3,5.986,956.0,1047.0,-8.69,21.9,127.1,1,0
West Bengal,Wheat,Kharif,Sandy,1,45.35,223.88,4.937,675.1,807.3,-16.38,24.8,170.2,1,0
Rajasthan,Maize,Rabi,Alluvial,5,18.31,98.61,5.385,747.3,831.7,-10.15,23.8,60.1,1,0
Uttar Pradesh,Cotton,Kharif,Sandy,1,3.62,17.15,4.739,1029.0,898.2,14.56,33.5,160.2,1,0
Karnataka,Bajra,Kharif,Alluvial,5,30.23,165.57,5.477,1195.4,1129.3,5.85,15.6,320.0,1,0
Karnataka,Maize,Kharif,Laterite,2,6.68,9.23,1.381,1225.3,816.1,50.13,25.6,344.1,1,1
Tamil Nadu,Groundnut,Rabi,Alluvial,5,39.93,225.6,5.65,1145.0,847.7,35.07,35.5,53.1,0,0
Tamil Nadu,Maize,Zaid,Black,4,32.27,96.22,2.982,632.5,995.3,-36.45,26.4,52.5,1,1
Maharashtra,Groundnut,Rabi,Red,3,43.8,245.63,5.608,1254.7,808.1,55.25,27.1,101.2,0,0
Maharashtra,Groundnut,Rabi,Laterite,2,39.35,54.25,1.379,615.3,725.3,-15.17,25.8,355.4,1,1
Punjab,Bajra,Kharif,Red,3,6.05,27.68,4.576,387.2,521.7,-25.78,22.1,214.2,1,1
Uttar Pradesh,Wheat,Kharif,Sandy,1,19.36,90.59,4.678,828.1,1050.4,-21.17,29.2,394.0,1,1
Haryana,Soybean,Zaid,Laterite,2,38.84,232.44,5.985,1169.1,885.8,31.98,24.8,360.6,0,0
Haryana,Bajra,Zaid,Black,4,21.16,102.5,4.844,965.9,931.9,3.65,26.8,361.5,1,0
Tamil Nadu,Wheat,Kharif,Red,3,48.63,141.66,2.913,781.6,777.1,0.58,29.3,95.0,0,0
Tamil Nadu,Wheat,Zaid,Alluvial,5,36.92,139.78,3.786,872.8,952.0,-8.31,28.7,216.3,0,0
Tamil Nadu,Sugarcane,Zaid,Alluvial,5,1.27,3.59,2.833,933.0,762.4,22.38,26.6,397.8,1,0
West Bengal,Pulses,Kharif,Alluvial,5,44.06,87.24,1.98,836.9,874.4,-4.29,31.4,102.2,1,0
Andhra Pradesh,Pulses,Rabi,Laterite,2,5.49,12.31,2.243,726.2,866.2,-16.16,32.1,251.0,0,0
Maharashtra,Pulses,Zaid,Black,4,7.46,15.73,2.11,614.8,1019.4,-39.69,30.7,170.5,0,1
West Bengal,Jowar,Kharif,Black,4,36.86,138.0,3.744,828.1,947.1,-12.56,32.3,185.8,1,0
Madhya Pradesh,Bajra,Zaid,Black,4,43.32,239.57,5.531,769.4,756.0,1.76,34.1,361.8,0,0
Haryana,Wheat,Zaid,Red,3,27.05,150.49,5.564,800.9,940.2,-14.82,18.8,255.8,0,0
Karnataka,Sugarcane,Kharif,Laterite,2,14.81,18.86,1.274,1061.5,794.9,33.53,42.5,315.6,1,1
Maharashtra,Groundnut,Zaid,Alluvial,5,17.89,25.04,1.399,738.1,728.2,1.36,26.9,285.6,1,0
Rajasthan,Soybean,Zaid,Red,3,17.47,38.89,2.226,748.0,932.6,-19.8,24.5,235.2,1,0
Madhya Pradesh,Soybean,Zaid,Black,4,16.67,37.93,2.275,847.5,879.1,-3.6,27.0,327.1,0,0
Maharashtra,Groundnut,Rabi,Alluvial,5,12.52,18.47,1.474,1456.5,670.6,117.18,17.1,389.8,0,1
West Bengal,Maize,Rabi,Laterite,2,30.64,90.15,2.942,527.0,772.7,-31.8,27.4,388.4,0,1
Uttar Pradesh,Maize,Zaid,Sandy,1,45.07,177.51,3.939,1073.0,961.8,11.56,21.2,326.3,0,0
Karnataka,Pulses,Kharif,Black,4,15.7,61.09,3.891,725.3,908.4,-20.16,26.4,220.6,0,1
Maharashtra,Bajra,Zaid,Black,4,9.74,36.21,3.717,784.8,914.7,-14.2,26.9,107.1,1,0
Andhra Pradesh,Jowar,Zaid,Black,4,42.01,113.15,2.693,472.0,1126.8,-58.12,22.4,65.6,0,1
Tamil Nadu,Sugarcane,Rabi,Black,4,37.22,168.68,4.532,1270.1,999.4,27.09,15.2,131.0,0,0
Tamil Nadu,Soybean,Rabi,Alluvial,5,46.58,239.05,5.132,855.6,832.5,2.78,27.6,169.1,0,0
Karnataka,Pulses,Rabi,Laterite,2,8.69,23.74,2.731,964.7,789.4,22.21,26.0,95.4,1,0
West Bengal,Rice,Zaid,Red,3,7.64,10.91,1.428,425.3,748.0,-43.14,27.2,128.7,0,1
Tamil Nadu,Pulses,Zaid,Alluvial,5,27.3,67.75,2.482,639.4,781.0,-18.13,23.5,79.2,0,0
Maharashtra,Rice,Kharif,Laterite,2,30.91,52.15,1.687,903.1,610.1,48.02,22.1,233.3,0,1
Rajasthan,Cotton,Zaid,Red,3,24.27,80.98,3.337,759.8,667.6,13.81,24.7,94.2,1,0
Haryana,Wheat,Zaid,Black,4,30.15,53.66,1.78,911.7,948.7,-3.9,26.8,310.0,1,0
Haryana,Groundnut,Rabi,Laterite,2,9.43,31.25,3.314,1325.7,1080.2,22.73,30.0,166.4,1,0
Madhya Pradesh,Wheat,Rabi,Black,4,24.24,51.03,2.105,926.2,858.3,7.91,21.1,285.2,0,0
Punjab,Pulses,Rabi,Laterite,2,33.08,155.25,4.694,687.8,744.6,-7.63,30.7,358.9,0,0
Uttar Pradesh,Wheat,Rabi,Sandy,1,21.92,24.94,1.138,637.2,400.0,59.29,29.9,80.1,1,1
Karnataka,Sugarcane,Rabi,Black,4,34.13,128.81,3.774,608.7,1105.6,-44.95,29.1,396.2,0,1
Madhya Pradesh,Cotton,Kharif,Black,4,22.83,42.18,1.847,693.1,649.2,6.76,37.0,275.8,1,0
Punjab,Jowar,Kharif,Black,4,17.01,17.1,1.005,703.6,629.2,11.83,15.4,68.7,1,0
West Bengal,Cotton,Kharif,Alluvial,5,15.53,83.02,5.346,829.7,805.4,3.02,37.7,159.9,1,0
Andhra Pradesh,Soybean,Rabi,Red,3,20.84,90.81,4.358,932.1,843.7,10.48,22.1,360.2,1,0
Andhra Pradesh,Sugarcane,Rabi,Black,4,1.64,2.46,1.495,908.9,851.6,6.73,27.4,258.7,0,1
Uttar Pradesh,Wheat,Rabi,Black,4,33.59,145.13,4.32,833.0,721.8,15.42,26.3,150.5,1,0
Tamil Nadu,Jowar,Kharif,Alluvial,5,42.33,171.8,4.058,850.3,912.4,-6.8,18.0,379.2,1,0
Maharashtra,Wheat,Rabi,Alluvial,5,18.05,60.78,3.367,1433.9,771.7,85.8,29.2,325.5,1,0
Madhya Pradesh,Bajra,Kharif,Sandy,1,2.78,8.6,3.096,619.4,775.5,-20.13,31.2,307.4,0,1
Madhya Pradesh,Bajra,Rabi,Laterite,2,49.35,268.21,5.435,790.8,808.2,-2.15,28.5,360.9,1,0
Karnataka,Maize,Zaid,Black,4,13.55,30.17,2.226,353.7,748.5,-52.75,17.1,319.4,1,1
Karnataka,Cotton,Kharif,Laterite,2,6.77,20.25,2.992,704.3,661.9,6.41,18.6,150.4,1,0
Andhra Pradesh,Jowar,Zaid,Alluvial,5,18.8,49.74,2.646,575.3,671.6,-14.35,21.8,254.4,1,0
Andhra Pradesh,Bajra,Kharif,Alluvial,5,37.06,179.96,4.856,617.5,684.2,-9.75,33.6,344.8,1,0
Rajasthan,Maize,Rabi,Sandy,1,15.05,84.01,5.582,503.6,918.4,-45.17,26.6,113.3,1,1
Rajasthan,Sugarcane,Rabi,Red,3,28.95,151.94,5.249,462.0,909.9,-49.23,14.0,107.1,1,1
Tamil Nadu,Jowar,Zaid,Alluvial,5,21.07,105.11,4.989,830.6,809.7,2.58,38.4,105.6,1,0
Rajasthan,Maize,Rabi,Black,4,6.33,37.56,5.934,977.6,817.1,19.64,35.0,118.0,1,0
Maharashtra,Groundnut,Kharif,Sandy,1,16.85,75.58,4.486,607.1,1025.1,-40.78,19.5,86.1,1,1
Maharashtra,Jowar,Rabi,Red,3,36.38,173.0,4.755,293.1,927.1,-68.39,23.5,343.2,0,1
Madhya Pradesh,Pulses,Rabi,Sandy,1,30.79,182.12,5.914,827.8,1084.7,-23.69,24.3,336.4,1,1
Haryana,Maize,Kharif,Alluvial,5,6.43,6.65,1.035,917.4,763.4,20.17,29.1,103.0,0,1
Maharashtra,Wheat,Zaid,Red,3,8.58,35.8,4.17,968.4,675.3,43.42,27.2,296.9,1,0
Punjab,Pulses,Zaid,Laterite,2,32.22,151.25,4.695,544.7,999.5,-45.51,21.9,269.4,1,1
Andhra Pradesh,Groundnut,Rabi,Red,3,40.76,227.84,5.589,648.5,846.9,-23.43,33.9,146.7,1,1
Karnataka,Bajra,Kharif,Black,4,17.8,96.46,5.419,522.5,729.6,-28.38,36.5,129.6,0,1
Rajasthan,Rice,Zaid,Laterite,2,29.97,156.13,5.21,615.2,923.3,-33.37,25.7,137.7,0,1
Madhya Pradesh,Maize,Zaid,Laterite,2,8.95,51.26,5.729,602.6,744.2,-19.04,22.6,305.7,0,0
Uttar Pradesh,Sugarcane,Rabi,Black,4,15.91,58.67,3.687,672.6,953.3,-29.45,35.6,161.8,1,1
Karnataka,Maize,Kharif,Laterite,2,1.5,1.56,1.035,737.1,922.9,-20.13,12.8,147.3,1,1
Punjab,Rice,Zaid,Alluvial,5,38.53,40.66,1.055,828.7,816.1,1.54,20.6,57.9,1,0
Rajasthan,Groundnut,Rabi,Red,3,20.35,75.77,3.723,588.6,597.0,-1.4,31.9,367.9,0,0
Punjab,Groundnut,Rabi,Red,3,40.9,129.91,3.176,765.1,711.5,7.52,34.3,313.4,0,0
Andhra Pradesh,Pulses,Rabi,Black,4,35.56,115.81,3.256,573.3,1077.8,-46.81,24.1,215.5,1,1
Andhra Pradesh,Jowar,Rabi,Alluvial,5,41.52,124.65,3.002,361.2,1111.8,-67.51,39.7,380.0,0,1
Tamil Nadu,Sugarcane,Zaid,Laterite,2,14.64,81.82,5.589,935.2,1239.0,-24.52,11.3,152.7,1,1
Madhya Pradesh,Pulses,Kharif,Red,3,9.66,27.02,2.796,634.3,910.1,-30.3,32.6,286.1,1,1
Karnataka,Sugarcane,Rabi,Red,3,48.61,256.71,5.281,366.7,686.5,-46.58,26.5,156.8,1,1
West Bengal,Sugarcane,Rabi,Red,3,36.01,198.56,5.514,940.1,1050.9,-10.54,23.1,160.1,1,0
West Bengal,Rice,Zaid,Red,3,41.79,146.14,3.498,737.3,810.4,-9.02,31.3,345.6,0,0
Karnataka,Pulses,Rabi,Sandy,1,1.15,3.72,3.235,913.2,747.7,22.14,23.7,325.5,1,0
Uttar Pradesh,Sugarcane,Rabi,Black,4,18.05,86.71,4.805,904.6,900.2,0.49,19.5,152.9,0,0
Madhya Pradesh,Soybean,Kharif,Laterite,2,37.27,169.2,4.54,526.4,1134.5,-53.6,26.7,78.5,0,1
Punjab,Rice,Rabi,Laterite,2,4.36,11.52,2.643,1032.6,834.2,23.79,25.7,175.2,1,0
Uttar Pradesh,Groundnut,Zaid,Black,4,28.58,43.24,1.513,341.8,852.6,-59.91,21.3,316.0,0,1
Haryana,Rice,Kharif,Alluvial,5,21.74,50.53,2.324,700.7,620.2,12.99,22.6,85.2,1,0
Karnataka,Wheat,Zaid,Black,4,1.37,2.27,1.655,684.2,866.2,-21.01,23.5,285.2,1,1
Punjab,Wheat,Kharif,Red,3,12.18,30.13,2.474,605.8,949.8,-36.21,16.2,361.4,0,1
West Bengal,Sugarcane,Kharif,Red,3,14.6,33.71,2.309,1106.5,836.9,32.22,15.9,112.7,0,0
Maharashtra,Pulses,Rabi,Black,4,6.04,25.29,4.189,875.3,848.0,3.22,31.6,351.8,0,0
Tamil Nadu,Groundnut,Rabi,Black,4,31.76,183.34,5.772,448.0,883.8,-49.31,17.5,68.0,0,1
West Bengal,Rice,Rabi,Laterite,2,12.5,55.35,4.429,484.1,692.6,-30.1,25.9,283.4,0,1
Madhya Pradesh,Pulses,Zaid,Laterite,2,14.24,80.23,5.633,1338.6,508.3,163.32,14.8,326.9,1,0
Andhra Pradesh,Rice,Rabi,Sandy,1,44.96,221.25,4.921,680.8,834.5,-18.42,35.0,205.7,0,0
Maharashtra,Rice,Rabi,Sandy,1,23.62,109.59,4.639,601.0,816.2,-26.36,24.4,121.3,0,1
Tamil Nadu,Soybean,Kharif,Red,3,19.91,61.13,3.07,1089.1,935.5,16.42,32.7,373.7,0,0
Tamil Nadu,Wheat,Rabi,Sandy,1,36.33,95.33,2.624,355.7,1209.6,-70.59,38.7,57.0,1,1
Haryana,Rice,Rabi,Sandy,1,45.53,238.16,5.231,1146.8,1044.4,9.8,18.3,244.3,1,0
Haryana,Soybean,Rabi,Alluvial,5,1.74,9.61,5.527,600.5,541.5,10.91,21.9,180.5,1,0
Rajasthan,Wheat,Rabi,Black,4,22.69,73.95,3.259,928.7,1228.1,-24.38,31.2,211.4,1,1
West Bengal,Soybean,Kharif,Laterite,2,30.73,32.13,1.045,680.3,949.6,-28.36,22.2,237.8,0,1
West Bengal,Pulses,Rabi,Sandy,1,16.27,80.74,4.963,406.4,810.3,-49.84,27.7,237.2,0,1
West Bengal,Jowar,Kharif,Laterite,2,38.73,93.94,2.425,844.6,1071.5,-21.17,26.6,121.3,0,1
Rajasthan,Wheat,Zaid,Sandy,1,48.59,50.99,1.049,1036.9,467.0,122.03,11.9,287.9,1,1
Uttar Pradesh,Bajra,Rabi,Sandy,1,47.2,237.18,5.025,212.9,768.3,-72.29,31.7,56.7,1,1
Tamil Nadu,Jowar,Rabi,Red,3,13.67,49.02,3.587,511.1,879.6,-41.9,25.2,57.4,0,1
Maharashtra,Pulses,Rabi,Alluvial,5,11.7,51.8,4.426,1109.5,860.1,28.99,18.8,217.5,1,0
Madhya Pradesh,Rice,Kharif,Black,4,47.9,266.94,5.573,899.4,1077.1,-16.5,35.3,239.7,1,0
Tamil Nadu,Groundnut,Rabi,Black,4,23.2,85.98,3.706,916.0,1027.1,-10.81,21.8,146.2,1,0
Haryana,Pulses,Rabi,Red,3,10.81,38.01,3.516,1032.7,952.3,8.44,21.5,243.1,0,0
Punjab,Soybean,Zaid,Red,3,35.5,87.08,2.453,917.0,808.5,13.42,15.2,230.6,0,0
Andhra Pradesh,Soybean,Kharif,Black,4,14.58,36.83,2.526,836.9,994.2,-15.83,29.6,172.2,0,0
Rajasthan,Soybean,Kharif,Black,4,13.73,68.41,4.983,1079.0,760.3,41.92,26.3,278.1,1,0
Karnataka,Soybean,Zaid,Alluvial,5,44.02,142.86,3.245,702.5,965.8,-27.27,15.6,385.3,1,1
Punjab,Pulses,Kharif,Sandy,1,8.54,15.53,1.818,795.9,740.7,7.45,27.5,221.8,1,1
Madhya Pradesh,Groundnut,Rabi,Alluvial,5,3.69,5.43,1.473,1006.5,894.1,12.56,31.0,325.1,0,1
West Bengal,Maize,Rabi,Black,4,13.82,46.51,3.365,608.8,631.6,-3.62,28.8,136.7,1,0
Haryana,Soybean,Zaid,Sandy,1,30.54,101.55,3.325,1156.2,1005.3,15.01,33.9,316.7,1,0
Haryana,Maize,Kharif,Black,4,6.59,28.13,4.267,872.8,783.3,11.43,22.4,277.1,0,0
Haryana,Groundnut,Kharif,Alluvial,5,23.84,80.0,3.355,512.8,644.6,-20.46,36.6,273.9,0,1
West Bengal,Groundnut,Kharif,Alluvial,5,31.55,54.19,1.717,751.6,705.5,6.54,26.0,362.6,1,0
Karnataka,Jowar,Zaid,Alluvial,5,42.51,150.45,3.539,453.6,804.0,-43.59,30.8,131.7,1,1
Rajasthan,Wheat,Rabi,Sandy,1,11.88,65.74,5.534,821.5,713.2,15.19,33.7,179.0,1,0
Punjab,Bajra,Zaid,Laterite,2,40.96,73.61,1.797,705.3,958.0,-26.38,41.9,79.1,1,1
West Bengal,Sugarcane,Rabi,Laterite,2,12.13,53.95,4.449,583.8,808.3,-27.77,19.5,304.1,1,1
Madhya Pradesh,Bajra,Zaid,Black,4,34.0,134.96,3.969,355.0,990.2,-64.15,21.6,345.4,1,1
Rajasthan,Pulses,Rabi,Sandy,1,21.82,103.48,4.743,602.1,807.6,-25.45,27.1,192.0,0,1
Madhya Pradesh,Sugarcane,Kharif,Red,3,6.18,10.83,1.753,754.9,957.6,-21.17,23.8,174.9,1,1
Rajasthan,Groundnut,Kharif,Laterite,2,35.86,204.67,5.708,707.0,851.3,-16.96,21.2,280.5,1,0
Karnataka,Bajra,Kharif,Sandy,1,11.28,46.3,4.105,445.0,811.1,-45.14,16.9,76.5,0,1
Andhra Pradesh,Cotton,Zaid,Sandy,1,9.24,48.39,5.235,805.4,693.9,16.06,26.8,152.8,0,0
Madhya Pradesh,Wheat,Zaid,Laterite,2,18.24,40.72,2.233,553.6,860.2,-35.64,30.8,178.2,1,1
West Bengal,Bajra,Zaid,Sandy,1,32.84,154.24,4.697,1030.5,960.3,7.31,28.1,231.5,1,0
Rajasthan,Wheat,Kharif,Sandy,1,12.08,59.27,4.905,1067.3,746.9,42.9,16.2,216.8,0,0
Haryana,Maize,Rabi,Laterite,2,9.59,28.65,2.987,735.7,848.1,-13.25,16.4,123.0,1,0
Tamil Nadu,Pulses,Kharif,Alluvial,5,0.99,2.9,2.92,1194.0,767.3,55.62,26.4,239.3,1,0
Haryana,Wheat,Kharif,Black,4,23.85,102.28,4.289,764.8,1140.4,-32.94,24.6,374.1,1,1
Uttar Pradesh,Maize,Rabi,Red,3,21.72,31.86,1.467,474.9,896.8,-47.05,24.1,59.5,1,1
Andhra Pradesh,Soybean,Rabi,Black,4,12.08,56.5,4.678,1096.3,863.5,26.96,24.3,288.1,1,0
Andhra Pradesh,Maize,Rabi,Alluvial,5,3.16,3.83,1.214,1203.5,777.1,54.87,23.0,268.6,0,1
Haryana,Pulses,Rabi,Alluvial,5,21.75,42.47,1.953,1048.7,982.6,6.72,26.9,373.5,0,1
Punjab,Jowar,Kharif,Sandy,1,39.52,170.74,4.321,609.0,849.9,-28.34,32.6,275.9,0,1
Karnataka,Soybean,Zaid,Black,4,35.91,53.56,1.492,491.2,840.3,-41.55,20.4,268.7,0,1
Madhya Pradesh,Groundnut,Kharif,Alluvial,5,43.11,252.59,5.859,712.4,839.0,-15.09,28.7,319.4,0,0
West Bengal,Rice,Rabi,Black,4,0.97,5.2,5.342,1419.1,684.1,107.44,26.5,143.7,0,0
Andhra Pradesh,Maize,Zaid,Alluvial,5,48.34,199.71,4.132,505.8,1074.4,-52.92,15.3,258.5,1,1
Haryana,Maize,Zaid,Red,3,17.4,88.66,5.095,1005.2,987.9,1.75,22.1,231.8,1,0
Haryana,Wheat,Kharif,Alluvial,5,49.52,269.31,5.438,776.9,851.3,-8.75,26.1,203.5,1,0
Karnataka,Groundnut,Kharif,Black,4,13.0,29.88,2.297,1036.0,834.5,24.15,39.0,77.8,0,0
Karnataka,Bajra,Kharif,Sandy,1,23.84,125.1,5.247,485.0,717.8,-32.43,21.6,152.4,0,1
Maharashtra,Cotton,Zaid,Black,4,18.02,35.57,1.974,737.6,628.6,17.34,22.3,148.0,0,1
Maharashtra,Sugarcane,Zaid,Laterite,2,18.11,55.54,3.067,575.5,717.9,-19.83,28.5,303.5,0,0
Punjab,Maize,Zaid,Black,4,42.19,159.97,3.791,589.7,1021.5,-42.27,25.3,372.2,0,1
Punjab,Bajra,Rabi,Red,3,37.45,171.12,4.569,984.2,792.0,24.26,18.4,130.8,0,0
Uttar Pradesh,Cotton,Rabi,Red,3,49.61,57.09,1.151,520.2,1012.4,-48.61,15.6,76.1,1,1
Punjab,Sugarcane,Kharif,Red,3,30.87,75.71,2.453,872.5,845.5,3.19,14.8,400.0,0,0
Rajasthan,Rice,Zaid,Alluvial,5,23.43,94.72,4.043,813.9,719.7,13.09,31.1,291.9,0,0
Karnataka,Wheat,Kharif,Red,3,4.96,13.82,2.787,561.5,739.9,-24.1,19.8,360.3,0,1
West Bengal,Bajra,Zaid,Black,4,49.83,242.93,4.875,615.6,887.0,-30.6,40.2,100.4,1,1
Rajasthan,Wheat,Kharif,Sandy,1,27.8,118.38,4.258,883.5,607.1,45.53,22.8,330.3,0,0
Madhya Pradesh,Sugarcane,Rabi,Red,3,35.17,76.4,2.172,793.7,734.9,8.0,30.6,334.7,0,0
Haryana,Jowar,Zaid,Black,4,20.63,35.69,1.73,809.6,782.0,3.53,19.0,103.0,0,1
Punjab,Maize,Rabi,Alluvial,5,27.61,114.46,4.145,741.8,973.1,-23.76,27.1,106.5,1,1
Haryana,Soybean,Zaid,Alluvial,5,47.16,153.37,3.252,725.7,892.4,-18.69,34.5,153.4,1,0
Andhra Pradesh,Cotton,Kharif,Sandy,1,8.74,16.12,1.845,794.6,878.1,-9.51,23.9,125.9,0,1
Uttar Pradesh,Groundnut,Zaid,Sandy,1,14.97,39.41,2.632,1159.8,919.5,26.13,19.5,391.4,1,0
Andhra Pradesh,Pulses,Rabi,Black,4,8.03,20.19,2.515,932.3,1005.1,-7.25,23.8,177.0,1,0
Uttar Pradesh,Maize,Zaid,Sandy,1,39.71,61.19,1.541,767.3,857.6,-10.53,24.7,316.5,0,1
Maharashtra,Soybean,Kharif,Sandy,1,3.57,13.34,3.735,529.5,694.9,-23.79,20.1,331.8,0,1
Haryana,Pulses,Zaid,Alluvial,5,4.54,21.88,4.818,695.2,878.2,-20.83,35.9,185.1,1,1
Uttar Pradesh,Bajra,Rabi,Black,4,15.28,59.23,3.877,569.9,723.9,-21.27,26.1,288.9,1,1
Tamil Nadu,Pulses,Kharif,Sandy,1,25.95,133.17,5.131,600.9,539.6,11.34,33.7,87.7,1,0
Rajasthan,Rice,Rabi,Black,4,20.61,33.76,1.638,332.4,878.3,-62.16,32.4,188.9,0,1
Uttar Pradesh,Maize,Zaid,Red,3,2.72,8.64,3.178,797.2,927.5,-14.05,36.2,388.6,1,0
Uttar Pradesh,Wheat,Rabi,Alluvial,5,47.9,193.84,4.047,1316.9,902.0,46.0,18.4,109.0,0,0
Rajasthan,Jowar,Zaid,Alluvial,5,47.67,208.78,4.38,849.0,925.8,-8.29,29.9,185.0,0,0
Haryana,Groundnut,Kharif,Alluvial,5,14.33,64.17,4.479,981.9,1017.2,-3.48,23.0,326.7,1,0
Haryana,Wheat,Rabi,Laterite,2,36.71,170.51,4.645,1039.9,704.6,47.59,25.1,282.9,1,0
Rajasthan,Soybean,Rabi,Black,4,29.14,124.05,4.257,728.3,791.8,-8.02,19.5,271.0,1,0
Andhra Pradesh,Maize,Zaid,Red,3,12.26,18.03,1.471,745.1,656.9,13.41,40.0,348.6,0,1
Tamil Nadu,Jowar,Rabi,Sandy,1,13.48,60.33,4.477,450.8,917.4,-50.86,21.6,60.2,1,1
West Bengal,Pulses,Rabi,Red,3,24.81,114.73,4.624,849.2,1034.3,-17.9,29.9,319.9,0,0
Madhya Pradesh,Maize,Kharif,Black,4,21.25,126.82,5.967,814.0,768.3,5.94,18.3,358.9,1,0
Tamil Nadu,Pulses,Zaid,Alluvial,5,14.92,66.63,4.467,586.0,958.3,-38.86,24.5,55.7,0,1
Haryana,Bajra,Zaid,Laterite,2,40.47,179.46,4.434,1087.1,734.6,47.99,32.4,245.6,1,0
West Bengal,Rice,Kharif,Black,4,24.33,86.97,3.574,605.8,946.8,-36.01,28.1,172.0,0,1
Maharashtra,Sugarcane,Kharif,Black,4,32.91,175.75,5.34,1511.8,514.9,193.61,20.4,67.8,1,0
Punjab,Maize,Zaid,Sandy,1,9.87,59.06,5.984,900.9,1078.4,-16.46,21.7,196.2,1,0
Uttar Pradesh,Soybean,Kharif,Red,3,26.91,131.72,4.895,794.5,686.5,15.74,27.0,275.4,0,0
Rajasthan,Pulses,Kharif,Red,3,16.24,65.97,4.063,1284.7,875.3,46.77,25.9,371.7,1,0
Rajasthan,Wheat,Kharif,Sandy,1,26.56,37.04,1.395,229.2,1060.7,-78.39,18.1,267.2,0,1
Uttar Pradesh,Bajra,Zaid,Laterite,2,39.15,181.41,4.634,728.4,674.8,7.95,23.7,349.9,1,0
Punjab,Soybean,Kharif,Alluvial,5,38.56,175.18,4.543,691.6,1113.9,-37.91,25.1,92.6,1,1
Madhya Pradesh,Groundnut,Rabi,Alluvial,5,18.03,87.97,4.878,754.7,1165.5,-35.24,29.4,123.7,1,1
Punjab,Sugarcane,Rabi,Laterite,2,34.87,56.58,1.623,856.5,953.3,-10.16,32.1,389.6,0,1
West Bengal,Bajra,Zaid,Sandy,1,47.09,201.03,4.269,747.4,852.5,-12.34,30.0,360.6,0,0
Punjab,Rice,Kharif,Black,4,31.47,78.0,2.479,1150.3,822.3,39.89,28.0,132.3,0,0
West Bengal,Sugarcane,Rabi,Red,3,7.85,37.67,4.801,908.8,936.1,-2.92,28.2,267.3,0,0
Punjab,Pulses,Zaid,Black,4,34.15,75.18,2.202,921.0,961.9,-4.26,28.9,176.9,0,0
Madhya Pradesh,Soybean,Rabi,Red,3,5.69,25.16,4.42,915.6,548.0,67.07,31.7,214.0,0,0
Madhya Pradesh,Groundnut,Kharif,Black,4,43.67,108.08,2.475,477.9,807.3,-40.8,36.2,351.3,1,1
Haryana,Cotton,Zaid,Sandy,1,26.07,27.25,1.045,850.5,762.3,11.57,20.2,307.5,1,1
Uttar Pradesh,Rice,Rabi,Sandy,1,19.56,81.52,4.167,859.1,740.6,16.01,23.3,133.5,1,0
Madhya Pradesh,Jowar,Zaid,Laterite,2,3.32,5.2,1.566,518.9,743.5,-30.21,32.1,160.6,1,1
West Bengal,Pulses,Rabi,Black,4,19.35,83.13,4.296,1021.5,655.9,55.74,20.0,151.4,0,0
Madhya Pradesh,Cotton,Rabi,Black,4,45.21,254.44,5.628,290.6,1082.5,-73.15,18.2,323.2,1,1
Haryana,Maize,Kharif,Laterite,2,1.54,9.0,5.846,1429.9,761.9,87.68,22.2,221.5,1,0
Rajasthan,Groundnut,Kharif,Laterite,2,24.0,52.3,2.18,790.6,828.3,-4.55,26.4,382.8,0,0
West Bengal,Wheat,Rabi,Sandy,1,46.59,235.12,5.046,586.1,803.1,-27.02,23.1,335.8,1,1
Haryana,Jowar,Zaid,Sandy,1,20.04,55.48,2.768,954.4,767.7,24.33,28.2,123.9,1,0
Andhra Pradesh,Soybean,Zaid,Black,4,21.69,119.37,5.502,956.5,912.5,4.82,24.3,325.1,1,0
Andhra Pradesh,Groundnut,Kharif,Sandy,1,29.14,143.87,4.937,1311.5,803.2,63.29,23.9,227.1,1,0
Maharashtra,Sugarcane,Rabi,Sandy,1,23.42,32.07,1.37,1245.5,940.8,32.39,16.0,138.8,1,1
Punjab,Bajra,Kharif,Black,4,8.85,26.85,3.036,467.5,1085.5,-56.93,29.6,177.2,1,1
Uttar Pradesh,Sugarcane,Rabi,Laterite,2,1.42,3.81,2.687,732.5,685.0,6.94,29.7,390.2,1,0
Karnataka,Sugarcane,Rabi,Black,4,30.69,151.15,4.926,572.6,898.4,-36.27,24.9,219.4,1,1
Tamil Nadu,Maize,Kharif,Alluvial,5,46.08,140.61,3.051,985.5,894.0,10.24,26.9,301.9,0,0
Haryana,Rice,Zaid,Black,4,5.77,25.5,4.423,1153.8,673.7,71.26,26.9,217.0,1,0
Rajasthan,Wheat,Kharif,Alluvial,5,10.94,43.9,4.012,470.9,946.9,-50.28,32.3,180.0,0,1
Tamil Nadu,Jowar,Rabi,Black,4,18.83,110.66,5.878,784.2,810.7,-3.26,27.3,328.7,1,0
Rajasthan,Rice,Kharif,Alluvial,5,40.53,230.59,5.689,642.0,1086.9,-40.93,18.0,346.9,1,1
Tamil Nadu,Groundnut,Zaid,Alluvial,5,13.83,43.4,3.138,1011.1,999.9,1.13,37.4,75.2,1,0
Haryana,Sugarcane,Zaid,Black,4,44.16,203.93,4.618,902.4,849.9,6.17,33.7,147.6,1,0
Karnataka,Maize,Rabi,Sandy,1,3.22,16.58,5.147,1094.0,817.5,33.81,26.3,227.8,0,0
Tamil Nadu,Groundnut,Kharif,Red,3,47.08,258.66,5.494,694.7,1109.9,-37.41,26.9,160.8,0,1
Haryana,Bajra,Zaid,Sandy,1,28.26,37.88,1.341,770.8,763.1,1.01,27.7,324.3,1,1
Madhya Pradesh,Wheat,Kharif,Alluvial,5,33.11,83.12,2.51,898.5,889.7,1.0,21.4,90.2,1,0
Karnataka,Jowar,Zaid,Black,4,18.7,48.64,2.601,732.2,840.2,-12.85,32.7,329.2,1,0
West Bengal,Bajra,Rabi,Black,4,39.21,124.38,3.172,874.8,1029.2,-15.01,32.1,266.3,1,0
Rajasthan,Maize,Rabi,Black,4,8.75,16.15,1.846,1117.5,1040.8,7.38,25.5,151.3,1,0
Andhra Pradesh,Wheat,Kharif,Black,4,2.92,10.17,3.481,1333.4,931.4,43.17,30.0,170.6,1,0
Punjab,Groundnut,Rabi,Red,3,20.08,86.66,4.316,677.9,770.8,-12.05,32.3,114.0,1,0
Andhra Pradesh,Sugarcane,Zaid,Laterite,2,42.76,149.09,3.487,1336.9,826.5,61.75,27.4,138.4,0,0
Karnataka,Sugarcane,Rabi,Alluvial,5,37.87,163.93,4.329,674.4,665.5,1.35,19.8,301.0,1,0
West Bengal,Pulses,Zaid,Red,3,26.1,34.77,1.332,1017.2,887.3,14.64,30.1,181.6,0,1
Rajasthan,Sugarcane,Zaid,Sandy,1,28.82,155.05,5.38,676.4,729.0,-7.22,26.3,290.6,0,0
West Bengal,Cotton,Rabi,Laterite,2,6.93,39.47,5.695,542.6,1185.8,-54.24,19.4,229.9,1,1
Tamil Nadu,Sugarcane,Zaid,Laterite,2,42.11,172.23,4.09,1105.7,767.9,44.0,32.2,100.9,1,0
Rajasthan,Cotton,Zaid,Black,4,39.45,213.33,5.407,787.7,1003.9,-21.53,27.4,224.7,1,1
Tamil Nadu,Soybean,Kharif,Red,3,33.0,54.68,1.657,1121.0,1079.3,3.87,24.6,314.8,0,1
Haryana,Cotton,Kharif,Sandy,1,23.58,117.58,4.987,988.0,974.3,1.4,38.4,154.2,1,0
Karnataka,Wheat,Kharif,Black,4,48.24,76.98,1.596,902.8,774.0,16.64,22.7,276.8,1,0
Haryana,Bajra,Rabi,Black,4,44.01,133.8,3.04,937.8,763.3,22.86,20.3,119.7,1,0
Maharashtra,Wheat,Kharif,Alluvial,5,32.4,84.86,2.619,1072.2,1291.6,-16.99,26.9,97.5,0,0
West Bengal,Bajra,Zaid,Laterite,2,18.9,74.25,3.928,1031.6,1146.1,-9.99,25.1,176.1,1,0
Tamil Nadu,Pulses,Rabi,Sandy,1,31.09,77.97,2.508,698.9,895.5,-21.96,22.6,186.2,1,1
Madhya Pradesh,Soybean,Rabi,Laterite,2,28.98,121.34,4.187,905.7,799.2,13.32,34.5,316.4,1,0
Haryana,Bajra,Rabi,Red,3,20.01,56.78,2.837,1175.2,719.5,63.33,19.3,211.0,0,0
Maharashtra,Bajra,Rabi,Alluvial,5,15.68,83.17,5.304,811.3,757.0,7.17,27.9,78.4,0,0
Uttar Pradesh,Maize,Zaid,Black,4,20.65,86.09,4.169,676.5,956.5,-29.28,26.5,271.9,0,1
Andhra Pradesh,Rice,Zaid,Alluvial,5,28.91,60.03,2.076,644.7,1196.9,-46.14,25.9,214.2,1,1
Rajasthan,Rice,Kharif,Black,4,21.69,58.15,2.681,1012.3,832.2,21.64,32.9,166.1,1,0
Maharashtra,Maize,Rabi,Alluvial,5,13.55,70.95,5.237,739.9,1029.8,-28.15,38.3,330.8,1,1
Karnataka,Sugarcane,Kharif,Black,4,38.17,111.92,2.932,890.6,984.8,-9.57,26.0,104.0,1,0
Haryana,Maize,Zaid,Laterite,2,26.81,98.63,3.679,728.0,806.1,-9.69,31.3,369.6,0,0
Karnataka,Bajra,Rabi,Laterite,2,3.85,16.34,4.245,1093.5,999.9,9.36,26.2,166.9,0,0
Andhra Pradesh,Bajra,Zaid,Laterite,2,18.73,51.31,2.739,837.6,1004.5,-16.62,26.5,211.3,0,0
Madhya Pradesh,Maize,Kharif,Laterite,2,44.3,109.42,2.47,1157.0,987.5,17.17,28.7,375.2,0,0
West Bengal,Maize,Zaid,Alluvial,5,37.88,127.91,3.376,1147.9,788.1,45.65,27.0,316.4,1,0
West Bengal,Sugarcane,Rabi,Black,4,16.5,34.23,2.074,778.0,957.6,-18.76,20.5,76.0,0,0
Karnataka,Wheat,Rabi,Laterite,2,46.94,113.64,2.421,1133.3,1028.4,10.21,34.0,252.4,1,0
Tamil Nadu,Soybean,Kharif,Alluvial,5,4.29,5.62,1.31,715.6,993.4,-27.97,28.7,158.6,0,1
Madhya Pradesh,Groundnut,Rabi,Black,4,48.08,121.16,2.52,866.5,1011.7,-14.35,25.7,228.0,1,0
West Bengal,Bajra,Zaid,Alluvial,5,12.66,32.97,2.604,605.1,819.5,-26.17,22.2,310.0,1,1
Madhya Pradesh,Soybean,Zaid,Laterite,2,0.95,5.52,5.809,948.4,1010.9,-6.18,27.8,223.7,0,0
Maharashtra,Maize,Zaid,Red,3,21.97,86.77,3.949,875.3,1043.5,-16.12,24.5,74.9,1,0
Madhya Pradesh,Sugarcane,Zaid,Alluvial,5,18.27,90.19,4.937,928.5,781.5,18.82,27.1,235.5,0,0
Punjab,Cotton,Kharif,Laterite,2,27.18,33.35,1.227,460.0,642.4,-28.4,24.9,58.4,1,1
Andhra Pradesh,Sugarcane,Zaid,Sandy,1,39.94,61.22,1.533,302.7,1095.3,-72.37,21.0,171.9,1,1
West Bengal,Jowar,Kharif,Black,4,42.2,214.07,5.073,516.8,780.6,-33.79,35.7,217.3,1,1
Madhya Pradesh,Jowar,Zaid,Laterite,2,20.36,83.84,4.118,924.8,738.6,25.21,20.3,275.6,1,0
Karnataka,Soybean,Kharif,Sandy,1,21.78,42.57,1.955,968.4,881.8,9.81,21.3,227.2,0,1
Uttar Pradesh,Rice,Zaid,Alluvial,5,7.83,23.69,3.024,1082.3,809.5,33.7,30.1,103.2,0,0
Punjab,Jowar,Zaid,Alluvial,5,2.85,10.54,3.693,698.9,561.1,24.56,27.9,376.3,0,0
Punjab,Jowar,Kharif,Sandy,1,32.24,168.23,5.218,852.2,983.8,-13.38,30.0,277.6,0,0
Tamil Nadu,Wheat,Rabi,Sandy,1,3.69,4.8,1.302,624.7,980.0,-36.25,29.0,160.9,1,1
Madhya Pradesh,Cotton,Rabi,Black,4,36.82,146.69,3.984,1141.8,695.3,64.23,21.5,388.1,1,0
Tamil Nadu,Wheat,Rabi,Alluvial,5,27.18,124.65,4.585,622.7,846.2,-26.41,30.0,358.9,1,1
Tamil Nadu,Cotton,Kharif,Sandy,1,10.33,60.84,5.889,1094.6,697.4,56.96,22.1,100.2,1,0
Uttar Pradesh,Pulses,Rabi,Red,3,27.21,137.01,5.036,737.2,721.2,2.22,32.3,279.4,1,0
Maharashtra,Groundnut,Rabi,Red,3,9.56,22.76,2.381,1193.8,759.7,57.14,20.0,246.0,1,0
Madhya Pradesh,Bajra,Kharif,Sandy,1,22.22,101.04,4.548,845.7,929.3,-8.99,21.2,117.5,0,0
Haryana,Jowar,Rabi,Black,4,40.08,193.03,4.816,840.3,1151.7,-27.04,21.4,131.7,1,1
West Bengal,Bajra,Rabi,Alluvial,5,23.37,108.62,4.649,611.5,788.0,-22.4,27.9,247.3,0,1
Tamil Nadu,Jowar,Rabi,Red,3,7.86,40.09,5.101,1341.8,975.8,37.5,25.7,162.5,1,0
Andhra Pradesh,Wheat,Kharif,Sandy,1,36.33,200.49,5.519,1047.7,969.6,8.05,26.7,342.2,1,0
Rajasthan,Groundnut,Kharif,Sandy,1,9.75,14.54,1.492,928.0,530.5,74.92,25.3,84.2,1,1
Andhra Pradesh,Wheat,Rabi,Laterite,2,37.06,56.47,1.524,859.9,642.2,33.89,25.7,369.9,0,1
Uttar Pradesh,Wheat,Rabi,Sandy,1,24.23,120.7,4.982,634.8,1156.9,-45.13,23.1,344.2,1,1
Uttar Pradesh,Cotton,Kharif,Black,4,22.96,51.93,2.262,968.3,774.1,25.09,16.9,308.5,0,0
Karnataka,Rice,Rabi,Red,3,42.65,55.13,1.293,783.3,918.0,-14.67,17.6,141.9,1,0
Maharashtra,Sugarcane,Kharif,Laterite,2,35.58,106.95,3.006,814.4,900.5,-9.57,21.2,300.2,1,0
West Bengal,Soybean,Rabi,Red,3,2.13,10.86,5.099,1022.7,530.8,92.68,24.1,203.6,1,0
Tamil Nadu,Bajra,Kharif,Red,3,15.16,24.75,1.633,871.1,747.7,16.51,34.8,271.8,0,1
Andhra Pradesh,Pulses,Zaid,Black,4,43.61,190.11,4.359,804.5,959.0,-16.11,19.9,159.4,1,0
Rajasthan,Jowar,Zaid,Sandy,1,1.41,1.43,1.018,1158.9,709.3,63.38,19.4,342.6,1,1
Uttar Pradesh,Wheat,Kharif,Black,4,27.49,42.57,1.549,595.3,793.3,-24.96,15.1,64.2,0,1
Uttar Pradesh,Rice,Zaid,Sandy,1,36.53,100.61,2.754,386.3,669.4,-42.29,29.0,292.0,1,1
Maharashtra,Wheat,Rabi,Laterite,2,31.28,44.36,1.418,601.0,723.9,-16.98,24.7,340.0,1,1
Rajasthan,Groundnut,Kharif,Black,4,38.15,199.49,5.23,838.0,771.0,8.69,18.2,276.2,0,0
Rajasthan,Cotton,Kharif,Black,4,36.42,193.78,5.32,973.6,571.1,70.48,25.8,117.2,0,0
Maharashtra,Pulses,Rabi,Alluvial,5,34.76,166.06,4.778,614.0,1025.7,-40.14,22.5,149.7,0,1
Uttar Pradesh,Sugarcane,Rabi,Black,4,41.17,91.08,2.212,1721.9,641.7,168.32,33.8,230.2,0,0
West Bengal,Groundnut,Kharif,Alluvial,5,32.46,117.39,3.616,845.5,824.1,2.6,22.0,165.3,0,0
Madhya Pradesh,Maize,Rabi,Sandy,1,20.42,39.23,1.921,837.9,738.3,13.5,36.2,51.7,0,1
Madhya Pradesh,Pulses,Kharif,Sandy,1,23.86,57.42,2.406,477.6,1011.5,-52.79,27.0,64.2,0,1
Maharashtra,Wheat,Rabi,Sandy,1,35.98,128.8,3.58,439.3,665.1,-33.95,23.6,318.7,0,1
Rajasthan,Groundnut,Kharif,Alluvial,5,43.88,205.13,4.675,354.2,732.7,-51.65,24.5,79.3,1,1
Tamil Nadu,Sugarcane,Rabi,Sandy,1,13.97,20.59,1.473,1142.9,649.4,75.98,27.8,374.8,1,1
Maharashtra,Rice,Rabi,Red,3,17.43,43.29,2.483,1103.1,488.8,125.68,24.4,205.0,1,0
West Bengal,Rice,Zaid,Black,4,46.57,262.34,5.633,799.6,926.4,-13.68,20.4,315.4,1,0
Maharashtra,Bajra,Zaid,Alluvial,5,29.14,91.65,3.146,496.3,854.8,-41.95,29.8,93.9,0,1
Punjab,Sugarcane,Zaid,Sandy,1,9.36,53.29,5.694,730.6,882.9,-17.24,31.9,374.3,1,0
Andhra Pradesh,Rice,Rabi,Red,3,33.35,198.68,5.957,1155.4,971.6,18.92,32.2,61.8,1,0
Rajasthan,Groundnut,Kharif,Black,4,49.54,180.0,3.633,674.0,866.2,-22.19,25.0,64.7,1,1
Karnataka,Bajra,Rabi,Black,4,41.26,100.69,2.44,574.5,783.4,-26.67,32.6,69.1,1,1
Karnataka,Rice,Zaid,Sandy,1,37.41,185.35,4.954,704.7,888.9,-20.72,27.9,86.2,1,1
Rajasthan,Pulses,Rabi,Red,3,10.8,19.4,1.797,726.8,774.0,-6.1,24.2,220.4,0,1
West Bengal,Cotton,Zaid,Alluvial,5,43.87,99.15,2.26,984.5,1016.9,-3.18,22.6,325.9,1,0
Punjab,Maize,Zaid,Sandy,1,26.53,130.63,4.924,248.2,795.7,-68.81,31.5,149.7,1,1
Punjab,Sugarcane,Kharif,Black,4,44.52,141.05,3.168,842.3,832.1,1.23,15.9,311.0,1,0
Uttar Pradesh,Groundnut,Kharif,Black,4,16.83,33.78,2.008,625.8,945.5,-33.81,34.3,320.9,0,1
Andhra Pradesh,Jowar,Zaid,Black,4,3.57,15.2,4.256,666.1,1200.4,-44.51,26.8,367.9,1,1
Madhya Pradesh,Wheat,Zaid,Sandy,1,24.06,112.22,4.664,988.6,696.7,41.91,22.4,102.3,1,0
Haryana,Groundnut,Rabi,Laterite,2,13.86,22.52,1.625,474.5,667.2,-28.88,21.7,97.4,1,1
West Bengal,Rice,Zaid,Laterite,2,35.9,85.63,2.385,845.0,813.2,3.9,23.3,92.7,0,0
Haryana,Groundnut,Rabi,Laterite,2,47.88,100.85,2.106,920.3,737.8,24.74,30.2,175.8,0,0
Haryana,Jowar,Zaid,Red,3,34.7,100.61,2.899,944.9,955.0,-1.06,27.9,221.3,0,0
Rajasthan,Wheat,Kharif,Sandy,1,44.4,213.9,4.817,976.7,879.6,11.04,23.2,211.6,1,0
Karnataka,Bajra,Kharif,Black,4,22.92,104.73,4.569,943.0,682.1,38.25,22.8,140.0,0,0
Karnataka,Rice,Zaid,Red,3,38.7,166.88,4.313,979.8,962.4,1.81,27.9,267.7,0,0
Madhya Pradesh,Soybean,Rabi,Laterite,2,42.23,43.56,1.031,579.8,1127.2,-48.56,42.5,168.4,1,1
Rajasthan,Rice,Rabi,Alluvial,5,35.69,61.05,1.711,1141.4,730.1,56.33,42.4,178.1,1,0
Haryana,Maize,Rabi,Red,3,25.63,54.26,2.116,503.9,898.8,-43.94,32.3,86.9,1,1
Tamil Nadu,Soybean,Zaid,Red,3,31.48,74.29,2.36,892.6,520.8,71.39,21.4,257.3,1,0
Karnataka,Maize,Zaid,Sandy,1,35.18,60.93,1.732,629.8,794.8,-20.76,30.5,279.3,1,1
West Bengal,Jowar,Kharif,Red,3,13.03,39.75,3.052,370.5,896.4,-58.67,21.5,315.3,0,1
West Bengal,Sugarcane,Kharif,Sandy,1,40.57,55.83,1.376,657.5,828.8,-20.67,24.6,366.4,1,1
Uttar Pradesh,Wheat,Zaid,Alluvial,5,47.54,225.83,4.75,770.4,866.9,-11.13,34.2,318.1,1,0
Maharashtra,Cotton,Kharif,Black,4,23.53,116.2,4.939,1146.7,733.3,56.38,24.5,132.5,0,0
Tamil Nadu,Bajra,Rabi,Black,4,35.2,136.28,3.871,1254.9,1039.0,20.78,24.3,132.5,0,0
Karnataka,Cotton,Rabi,Laterite,2,36.98,53.57,1.449,767.6,788.4,-2.64,23.0,370.3,0,1
Punjab,Pulses,Zaid,Laterite,2,33.28,181.4,5.45,452.7,665.6,-31.98,21.1,326.5,1,1
Karnataka,Pulses,Rabi,Alluvial,5,27.58,160.75,5.828,473.5,844.2,-43.91,24.4,323.8,0,1
Uttar Pradesh,Jowar,Zaid,Black,4,44.14,88.8,2.012,993.0,988.4,0.46,30.4,301.9,1,0
West Bengal,Sugarcane,Rabi,Laterite,2,22.72,102.78,4.523,977.0,933.2,4.7,30.1,143.5,0,0
Haryana,Pulses,Zaid,Red,3,3.52,18.36,5.21,648.2,772.3,-16.08,27.8,346.6,1,0
Punjab,Rice,Rabi,Sandy,1,42.31,156.5,3.699,506.4,1116.0,-54.62,33.1,100.0,1,1
Rajasthan,Groundnut,Rabi,Laterite,2,33.86,88.6,2.617,1048.1,838.8,24.95,15.7,172.5,1,0
Andhra Pradesh,Maize,Kharif,Alluvial,5,42.54,144.32,3.393,493.0,593.1,-16.88,26.3,171.3,1,0
Haryana,Pulses,Kharif,Black,4,7.36,26.2,3.561,688.9,939.2,-26.64,21.7,246.0,0,1
Andhra Pradesh,Jowar,Kharif,Alluvial,5,2.02,6.07,3.003,918.4,829.4,10.73,37.9,212.2,1,0
Tamil Nadu,Maize,Kharif,Sandy,1,46.75,264.11,5.649,299.8,838.9,-64.27,24.5,210.9,1,1
Maharashtra,Rice,Kharif,Sandy,1,7.81,36.87,4.719,1038.3,983.3,5.59,30.4,243.8,1,0
Punjab,Sugarcane,Kharif,Alluvial,5,40.58,89.54,2.207,1395.1,810.8,72.05,32.0,195.4,1,0
Madhya Pradesh,Wheat,Zaid,Laterite,2,41.25,162.02,3.928,828.5,806.5,2.73,23.8,137.5,0,0
Punjab,Cotton,Zaid,Laterite,2,35.58,158.1,4.443,791.3,662.0,19.54,31.6,282.4,1,0
Karnataka,Rice,Kharif,Black,4,7.0,11.9,1.701,811.1,770.6,5.26,32.3,326.7,0,1
West Bengal,Bajra,Zaid,Black,4,33.54,93.64,2.792,856.2,886.7,-3.44,30.7,217.6,0,0
Karnataka,Soybean,Kharif,Red,3,44.51,246.04,5.528,617.5,761.8,-18.94,22.9,277.3,1,0
Karnataka,Jowar,Zaid,Red,3,21.56,82.72,3.836,518.9,599.6,-13.46,17.4,237.4,1,0
Tamil Nadu,Cotton,Rabi,Black,4,20.97,43.72,2.085,711.7,947.7,-24.9,38.8,70.6,1,1
Haryana,Bajra,Zaid,Red,3,22.42,36.19,1.614,838.4,953.9,-12.11,24.3,198.1,1,0
Madhya Pradesh,Wheat,Zaid,Alluvial,5,4.57,16.42,3.591,550.4,955.0,-42.37,32.0,53.4,1,1
Madhya Pradesh,Bajra,Zaid,Laterite,2,44.66,166.94,3.738,463.3,711.2,-34.85,23.2,281.7,1,1
Karnataka,Sugarcane,Rabi,Red,3,43.52,116.3,2.672,689.9,846.9,-18.54,38.6,227.9,1,0
Andhra Pradesh,Soybean,Kharif,Red,3,49.9,207.17,4.152,466.6,885.9,-47.33,23.0,94.4,1,1
Tamil Nadu,Maize,Zaid,Alluvial,5,29.47,39.59,1.343,967.9,939.2,3.06,26.6,239.8,1,0
Karnataka,Cotton,Zaid,Sandy,1,37.68,65.03,1.726,100.0,942.5,-89.39,39.9,364.4,1,1
Maharashtra,Soybean,Rabi,Black,4,10.53,39.3,3.731,508.0,638.1,-20.39,16.4,169.2,1,1
West Bengal,Groundnut,Kharif,Alluvial,5,33.54,43.91,1.309,1153.4,1108.3,4.07,33.2,393.8,1,0
Haryana,Rice,Zaid,Sandy,1,32.66,176.52,5.405,744.6,668.7,11.34,25.8,385.8,1,0
Rajasthan,Groundnut,Rabi,Alluvial,5,45.11,77.17,1.711,846.0,605.3,39.76,30.2,324.9,1,0
Maharashtra,Rice,Kharif,Laterite,2,41.62,181.88,4.37,767.8,409.9,87.29,23.9,334.8,1,0
Andhra Pradesh,Sugarcane,Kharif,Alluvial,5,46.95,138.8,2.956,643.2,954.8,-32.64,35.8,193.7,1,1
Punjab,Soybean,Zaid,Alluvial,5,43.51,130.48,2.999,1073.8,1067.3,0.61,21.1,190.9,0,0
Punjab,Wheat,Zaid,Laterite,2,43.5,209.87,4.824,657.0,755.1,-12.99,26.2,384.0,1,0
Maharashtra,Pulses,Zaid,Black,4,3.65,12.78,3.497,592.9,584.8,1.38,31.6,178.2,1,0
Karnataka,Bajra,Zaid,Sandy,1,42.38,196.12,4.628,964.2,981.2,-1.73,21.1,83.9,0,0
Rajasthan,Pulses,Rabi,Red,3,30.57,107.79,3.526,317.3,655.3,-51.58,26.8,103.4,1,1
Uttar Pradesh,Soybean,Rabi,Black,4,19.33,76.64,3.965,728.6,942.8,-22.72,19.8,298.6,1,1
Uttar Pradesh,Groundnut,Zaid,Alluvial,5,3.3,15.84,4.804,670.3,711.3,-5.77,23.6,184.0,0,0
Andhra Pradesh,Pulses,Kharif,Red,3,34.04,137.42,4.037,724.0,784.1,-7.67,41.7,119.8,0,0
Karnataka,Jowar,Zaid,Laterite,2,16.75,68.29,4.078,677.9,897.9,-24.5,34.0,334.8,1,1
Madhya Pradesh,Pulses,Kharif,Black,4,23.65,117.0,4.946,893.8,899.0,-0.58,30.0,221.0,0,0
Madhya Pradesh,Rice,Kharif,Sandy,1,34.25,196.76,5.745,1074.9,866.0,24.12,28.2,248.7,1,0
Haryana,Jowar,Kharif,Black,4,45.63,131.59,2.884,914.8,1070.5,-14.54,16.6,103.9,0,0
Rajasthan,Cotton,Rabi,Black,4,41.36,160.7,3.886,715.8,1107.1,-35.35,24.9,117.5,1,1
Rajasthan,Pulses,Kharif,Red,3,22.8,32.64,1.431,957.9,1118.8,-14.39,31.5,94.0,1,0
Punjab,Jowar,Kharif,Laterite,2,19.7,55.03,2.794,987.1,823.6,19.86,23.3,230.1,0,0
Tamil Nadu,Soybean,Rabi,Laterite,2,12.37,37.85,3.06,890.2,865.9,2.81,28.2,321.5,1,0
Andhra Pradesh,Bajra,Kharif,Black,4,18.94,98.01,5.176,1062.2,1056.7,0.51,20.0,306.3,1,0
Uttar Pradesh,Cotton,Kharif,Laterite,2,6.0,21.39,3.567,213.2,752.2,-71.66,19.5,141.4,1,1
Andhra Pradesh,Wheat,Zaid,Red,3,48.57,226.11,4.655,806.7,785.5,2.69,39.7,348.0,0,0
Madhya Pradesh,Wheat,Kharif,Red,3,28.91,31.66,1.095,877.0,853.1,2.79,38.8,87.0,1,0
Madhya Pradesh,Sugarcane,Kharif,Sandy,1,6.83,22.68,3.322,429.7,847.1,-49.28,25.5,89.9,0,1
Maharashtra,Pulses,Kharif,Laterite,2,17.96,98.92,5.507,855.2,807.0,5.97,21.3,347.3,1,0
Haryana,Bajra,Kharif,Sandy,1,27.58,58.51,2.122,1028.7,709.8,44.94,20.3,135.5,0,0
Rajasthan,Maize,Kharif,Alluvial,5,26.88,31.11,1.158,744.0,978.1,-23.93,28.4,297.8,1,1
West Bengal,Jowar,Rabi,Red,3,2.26,7.15,3.167,964.1,791.9,21.75,37.6,53.2,0,0
Andhra Pradesh,Cotton,Kharif,Black,4,47.57,215.1,4.522,1055.7,873.5,20.86,21.8,82.8,1,0
Madhya Pradesh,Soybean,Kharif,Red,3,14.13,46.24,3.272,1135.6,848.9,33.77,27.2,263.3,0,0
Tamil Nadu,Pulses,Rabi,Alluvial,5,1.3,4.29,3.3,1090.5,951.3,14.64,26.9,113.8,1,0
Punjab,Soybean,Rabi,Black,4,4.28,18.63,4.349,1141.4,918.4,24.28,36.0,59.9,1,0
Uttar Pradesh,Maize,Kharif,Laterite,2,29.22,66.39,2.272,675.1,811.7,-16.83,27.7,213.4,0,0
Haryana,Sugarcane,Kharif,Laterite,2,7.32,34.84,4.759,702.5,787.8,-10.83,17.6,165.7,1,0
Tamil Nadu,Maize,Kharif,Red,3,2.57,4.53,1.766,181.6,833.4,-78.2,30.5,330.8,0,1
Haryana,Rice,Zaid,Black,4,19.29,57.46,2.979,533.7,683.5,-21.92,27.0,336.6,1,1
Maharashtra,Groundnut,Zaid,Black,4,31.33,134.08,4.28,1104.6,729.4,51.45,20.8,265.0,1,0
West Bengal,Cotton,Kharif,Sandy,1,6.04,31.04,5.142,648.8,929.6,-30.21,32.4,152.6,1,1
Madhya Pradesh,Groundnut,Rabi,Alluvial,5,16.01,79.37,4.958,899.4,894.9,0.5,24.1,211.6,0,0
Punjab,Maize,Kharif,Laterite,2,21.18,97.6,4.608,860.2,705.1,22.0,28.0,295.8,0,0
Tamil Nadu,Sugarcane,Rabi,Red,3,8.39,23.46,2.795,1110.2,832.0,33.43,26.9,74.3,0,0
Haryana,Sugarcane,Rabi,Black,4,25.55,41.18,1.612,294.9,615.5,-52.09,24.2,166.4,1,1
Rajasthan,Wheat,Rabi,Laterite,2,4.72,9.83,2.084,888.2,870.3,2.05,21.1,337.8,1,0
Maharashtra,Pulses,Kharif,Red,3,2.8,14.92,5.324,884.1,799.6,10.57,29.4,192.1,1,0
Rajasthan,Wheat,Kharif,Laterite,2,26.23,138.68,5.287,585.6,1164.3,-49.71,18.7,268.6,1,1
Punjab,Cotton,Rabi,Red,3,12.77,73.53,5.758,1040.1,938.1,10.87,31.6,83.7,1,0
Tamil Nadu,Cotton,Zaid,Laterite,2,5.22,7.2,1.38,450.2,707.0,-36.32,20.9,322.0,1,1
Maharashtra,Cotton,Zaid,Sandy,1,21.48,79.15,3.684,1066.1,705.0,51.23,19.0,85.2,0,0
Tamil Nadu,Soybean,Zaid,Alluvial,5,45.8,194.35,4.243,261.1,945.7,-72.39,34.4,351.5,1,1
Madhya Pradesh,Wheat,Rabi,Laterite,2,36.35,165.5,4.553,573.8,981.9,-41.57,26.6,87.3,0,1
Karnataka,Soybean,Kharif,Alluvial,5,40.87,172.46,4.219,765.0,1128.8,-32.23,14.6,361.8,1,1
Maharashtra,Groundnut,Rabi,Laterite,2,43.66,211.75,4.85,854.4,1023.5,-16.52,25.9,177.3,1,0
Rajasthan,Pulses,Zaid,Black,4,48.65,136.08,2.797,333.0,921.6,-63.87,29.7,268.6,1,1
Punjab,Maize,Kharif,Sandy,1,38.28,72.62,1.897,1060.7,1063.5,-0.26,29.8,346.3,0,1
West Bengal,Jowar,Rabi,Sandy,1,30.62,61.93,2.023,988.4,861.2,14.77,21.4,53.6,0,0
Madhya Pradesh,Wheat,Rabi,Alluvial,5,18.59,19.7,1.06,1275.8,854.5,49.31,22.2,143.0,1,0
Karnataka,Jowar,Zaid,Black,4,9.49,26.12,2.752,975.5,668.1,46.02,27.0,367.9,1,0
West Bengal,Sugarcane,Rabi,Red,3,34.49,50.31,1.459,615.9,1076.3,-42.77,32.2,185.9,1,1
Uttar Pradesh,Wheat,Kharif,Sandy,1,49.75,129.72,2.607,532.2,869.9,-38.82,18.1,297.2,1,1
Madhya Pradesh,Groundnut,Zaid,Black,4,23.63,97.87,4.141,694.9,835.2,-16.8,18.5,99.0,0,0
Punjab,Wheat,Zaid,Black,4,36.32,198.77,5.472,1345.2,730.9,84.05,34.2,287.4,0,0
Haryana,Soybean,Kharif,Alluvial,5,25.01,129.99,5.198,811.9,1033.8,-21.46,33.3,75.6,0,1
Maharashtra,Pulses,Zaid,Black,4,21.88,49.52,2.263,822.6,998.0,-17.58,20.3,301.1,0,0
Tamil Nadu,Maize,Rabi,Black,4,20.81,34.76,1.67,1144.9,714.7,60.2,23.7,163.3,0,1
Punjab,Bajra,Rabi,Red,3,25.48,50.08,1.965,508.9,926.6,-45.08,38.6,213.0,0,1
Maharashtra,Maize,Zaid,Alluvial,5,18.66,109.26,5.855,934.7,969.4,-3.58,31.3,108.2,1,0
West Bengal,Maize,Kharif,Alluvial,5,37.56,140.77,3.747,929.1,663.1,40.12,25.7,269.7,0,0
Tamil Nadu,Sugarcane,Rabi,Black,4,43.78,83.72,1.913,1039.3,946.2,9.85,32.9,168.1,0,1
Andhra Pradesh,Groundnut,Kharif,Red,3,44.2,230.02,5.204,1013.1,916.1,10.58,23.1,184.2,1,0
Rajasthan,Jowar,Rabi,Laterite,2,11.77,35.03,2.976,785.3,943.5,-16.76,26.9,278.3,0,0
Uttar Pradesh,Groundnut,Rabi,Sandy,1,44.85,246.49,5.496,454.2,1148.0,-60.43,24.1,112.6,0,1
Madhya Pradesh,Bajra,Zaid,Alluvial,5,17.41,40.09,2.303,658.8,1294.2,-49.1,30.2,348.2,0,1
Punjab,Sugarcane,Zaid,Red,3,15.81,46.9,2.966,1010.5,1035.4,-2.41,30.2,308.8,1,0
Uttar Pradesh,Pulses,Kharif,Red,3,36.47,128.56,3.525,1263.6,889.1,42.12,27.3,252.2,1,0
Haryana,Maize,Zaid,Black,4,15.58,85.13,5.463,494.3,945.7,-47.74,29.0,94.9,1,1
Maharashtra,Soybean,Rabi,Sandy,1,3.12,16.68,5.344,477.8,915.1,-47.79,32.8,290.5,0,1
Maharashtra,Sugarcane,Rabi,Alluvial,5,18.99,73.54,3.872,406.5,1202.8,-66.2,28.8,56.3,1,1
Punjab,Cotton,Kharif,Laterite,2,36.21,76.37,2.109,608.2,870.6,-30.14,27.4,331.5,0,1
Karnataka,Wheat,Kharif,Black,4,16.68,50.33,3.017,1036.9,787.9,31.61,28.6,156.3,0,0
Karnataka,Groundnut,Rabi,Alluvial,5,31.66,186.12,5.878,1129.0,932.3,21.1,33.3,91.0,1,0
Andhra Pradesh,Sugarcane,Zaid,Alluvial,5,33.18,133.99,4.039,280.3,1163.2,-75.9,20.5,107.6,1,1
Rajasthan,Cotton,Zaid,Red,3,36.82,180.62,4.905,498.7,704.7,-29.23,28.5,387.1,0,1
Tamil Nadu,Jowar,Kharif,Sandy,1,44.91,145.92,3.249,451.9,749.2,-39.68,14.7,320.8,1,1
Haryana,Bajra,Kharif,Laterite,2,21.91,80.2,3.66,583.1,740.9,-21.3,24.3,133.3,0,1
Uttar Pradesh,Bajra,Rabi,Sandy,1,8.74,27.48,3.145,744.4,670.4,11.03,37.3,387.2,0,0
Karnataka,Maize,Rabi,Red,3,16.29,73.53,4.515,700.6,707.3,-0.94,21.3,99.0,0,0
Andhra Pradesh,Maize,Kharif,Laterite,2,21.89,115.1,5.257,928.5,991.1,-6.32,16.2,306.7,1,0
Andhra Pradesh,Sugarcane,Rabi,Laterite,2,35.84,126.75,3.537,318.3,883.0,-63.95,20.3,279.9,0,1
Punjab,Sugarcane,Kharif,Black,4,1.15,3.91,3.404,669.9,655.9,2.13,30.3,337.5,1,0
Haryana,Pulses,Kharif,Laterite,2,16.13,43.58,2.701,1141.6,952.9,19.81,25.2,183.6,0,0
West Bengal,Wheat,Zaid,Alluvial,5,39.1,73.73,1.885,1151.1,901.8,27.65,20.0,190.6,1,0
Tamil Nadu,Rice,Kharif,Sandy,1,33.71,192.01,5.696,1216.2,992.7,22.51,33.2,268.6,1,0
Rajasthan,Jowar,Rabi,Sandy,1,36.72,94.76,2.58,898.3,759.4,18.29,28.6,189.4,0,0
Madhya Pradesh,Maize,Zaid,Black,4,40.68,203.56,5.003,636.2,665.9,-4.46,19.1,64.5,1,0
Punjab,Rice,Zaid,Laterite,2,39.27,179.73,4.577,843.7,952.0,-11.37,24.7,305.4,1,0
Tamil Nadu,Rice,Rabi,Red,3,34.27,169.78,4.955,1431.9,973.8,47.05,38.8,274.3,0,0
Madhya Pradesh,Wheat,Rabi,Alluvial,5,22.26,126.54,5.684,667.4,684.3,-2.48,24.1,198.3,1,0
Madhya Pradesh,Soybean,Rabi,Black,4,49.19,202.5,4.117,1258.2,885.7,42.06,15.8,156.0,0,0
Haryana,Soybean,Kharif,Laterite,2,28.67,157.39,5.49,190.8,757.6,-74.81,28.8,162.3,1,1
Haryana,Maize,Zaid,Red,3,10.54,19.37,1.838,943.0,995.7,-5.29,28.3,309.4,1,0
Uttar Pradesh,Cotton,Kharif,Laterite,2,14.99,61.98,4.134,961.8,949.3,1.32,34.0,305.2,0,0
Andhra Pradesh,Wheat,Kharif,Black,4,34.83,169.33,4.861,893.4,1032.8,-13.5,23.6,336.6,1,0
Tamil Nadu,Wheat,Kharif,Red,3,46.27,109.13,2.358,909.8,723.8,25.69,28.7,316.8,0,0
Punjab,Groundnut,Kharif,Red,3,9.35,43.96,4.704,930.8,746.5,24.68,27.5,315.3,0,0
Maharashtra,Rice,Zaid,Red,3,4.58,22.39,4.892,942.5,794.4,18.64,26.0,138.1,1,0
Punjab,Groundnut,Zaid,Red,3,44.14,227.56,5.156,717.3,770.5,-6.9,27.9,85.6,0,0
Uttar Pradesh,Rice,Kharif,Laterite,2,45.81,117.47,2.564,732.2,905.3,-19.11,29.6,316.6,0,0
Rajasthan,Soybean,Rabi,Red,3,14.18,62.51,4.408,459.8,688.4,-33.21,29.3,84.5,0,1
Andhra Pradesh,Maize,Zaid,Laterite,2,19.18,48.35,2.521,983.1,1078.2,-8.82,31.5,393.7,1,0
Maharashtra,Jowar,Kharif,Red,3,33.18,155.78,4.695,1125.6,1111.6,1.26,12.3,356.3,0,0
Karnataka,Soybean,Rabi,Red,3,16.83,55.79,3.315,1236.1,1016.4,21.61,17.0,236.7,0,0
Rajasthan,Wheat,Rabi,Black,4,43.92,175.14,3.988,594.7,925.0,-35.71,27.3,173.3,0,1
Haryana,Jowar,Kharif,Laterite,2,5.83,17.94,3.079,369.0,831.5,-55.63,26.7,234.4,0,1
Madhya Pradesh,Sugarcane,Zaid,Laterite,2,2.38,4.31,1.81,894.1,878.3,1.79,19.9,307.0,1,1
Karnataka,Jowar,Rabi,Sandy,1,10.82,20.45,1.89,511.1,736.6,-30.61,24.0,314.7,1,1
Punjab,Jowar,Zaid,Black,4,14.66,20.35,1.388,942.9,873.6,7.94,21.0,75.8,1,0
Punjab,Soybean,Zaid,Laterite,2,6.09,24.91,4.09,248.7,900.3,-72.38,29.5,331.7,1,1
Haryana,Wheat,Rabi,Black,4,3.75,19.67,5.243,1071.8,726.2,47.59,20.7,274.5,0,0
Uttar Pradesh,Jowar,Kharif,Black,4,37.9,41.85,1.104,838.3,1093.2,-23.32,27.3,64.2,1,1
Tamil Nadu,Soybean,Rabi,Black,4,8.63,11.49,1.331,319.7,837.4,-61.82,32.2,159.6,1,1
Karnataka,Soybean,Rabi,Alluvial,5,45.74,150.36,3.287,876.0,695.7,25.92,20.8,228.7,1,0
Karnataka,Jowar,Zaid,Laterite,2,18.72,87.75,4.689,823.7,819.2,0.55,18.0,116.0,1,0
West Bengal,Rice,Kharif,Black,4,33.69,60.26,1.789,930.7,759.6,22.52,21.4,104.3,1,0
Rajasthan,Wheat,Zaid,Alluvial,5,11.66,27.49,2.358,1000.5,724.0,38.2,20.8,55.0,1,0
Andhra Pradesh,Bajra,Rabi,Alluvial,5,12.4,26.78,2.16,195.9,1085.7,-81.95,26.2,369.0,1,1
Rajasthan,Jowar,Kharif,Red,3,28.95,86.71,2.995,682.2,851.5,-19.88,15.8,69.6,1,0
Tamil Nadu,Groundnut,Kharif,Red,3,28.25,60.03,2.125,777.7,1004.5,-22.57,35.6,178.1,0,1
Punjab,Groundnut,Kharif,Laterite,2,38.55,106.52,2.763,726.2,911.7,-20.35,18.5,122.0,1,1
Punjab,Sugarcane,Kharif,Red,3,38.01,176.48,4.643,712.2,921.5,-22.71,17.9,309.4,0,1
Punjab,Wheat,Kharif,Laterite,2,33.7,136.65,4.055,1063.6,847.9,25.43,26.4,297.5,0,0
West Bengal,Soybean,Rabi,Alluvial,5,22.73,31.96,1.406,367.2,785.2,-53.24,25.3,332.2,1,1
Punjab,Pulses,Rabi,Alluvial,5,44.59,186.76,4.189,727.1,1045.0,-30.42,34.2,265.9,0,1
Tamil Nadu,Maize,Rabi,Laterite,2,31.32,106.02,3.385,746.9,948.1,-21.22,24.4,257.1,0,1
Haryana,Cotton,Zaid,Red,3,49.51,280.89,5.673,772.6,822.9,-6.1,24.3,192.5,1,0
Andhra Pradesh,Pulses,Kharif,Red,3,41.06,100.45,2.447,555.7,999.2,-44.39,29.9,272.7,0,1
Tamil Nadu,Wheat,Kharif,Laterite,2,2.69,12.47,4.631,1335.4,1076.5,24.05,31.7,90.3,0,0
Andhra Pradesh,Wheat,Rabi,Sandy,1,16.37,76.19,4.654,1044.6,904.9,15.44,14.3,289.6,1,0
Tamil Nadu,Jowar,Kharif,Red,3,28.81,60.71,2.108,1352.9,1082.7,24.95,26.4,86.4,0,0
Punjab,Jowar,Zaid,Black,4,36.21,199.75,5.516,960.1,778.4,23.34,38.9,351.6,1,0
Haryana,Pulses,Kharif,Red,3,27.74,95.87,3.456,990.6,715.1,38.53,22.3,227.0,1,0
Karnataka,Soybean,Kharif,Sandy,1,39.41,173.2,4.394,798.9,798.6,0.04,26.9,235.6,1,0
Rajasthan,Sugarcane,Zaid,Alluvial,5,14.49,25.06,1.729,1190.8,856.2,39.08,32.1,254.7,0,1
Madhya Pradesh,Jowar,Rabi,Alluvial,5,9.6,21.98,2.289,941.4,1083.3,-13.1,28.9,321.6,1,0
Haryana,Cotton,Rabi,Alluvial,5,3.17,12.46,3.931,752.3,792.9,-5.11,19.7,217.5,0,0
Karnataka,Cotton,Kharif,Red,3,28.88,74.95,2.595,1261.6,907.6,39.0,25.6,199.7,1,0
Uttar Pradesh,Sugarcane,Zaid,Alluvial,5,34.59,121.0,3.498,474.3,1015.1,-53.28,18.6,150.9,1,1
Tamil Nadu,Rice,Rabi,Sandy,1,16.64,47.77,2.87,617.0,920.1,-32.95,19.6,94.8,1,1
Uttar Pradesh,Rice,Rabi,Sandy,1,30.87,129.75,4.203,1502.7,776.0,93.65,32.7,116.6,1,0
Karnataka,Wheat,Rabi,Red,3,3.08,10.59,3.436,967.7,658.2,47.02,31.1,50.2,1,0
Haryana,Jowar,Kharif,Black,4,5.42,5.54,1.023,141.7,1032.8,-86.28,36.7,354.3,1,1
Tamil Nadu,Groundnut,Zaid,Red,3,35.24,149.7,4.248,1054.7,692.1,52.39,31.5,317.7,0,0
Madhya Pradesh,Pulses,Kharif,Alluvial,5,18.72,58.23,3.111,544.2,793.2,-31.39,25.1,126.5,1,1
Punjab,Bajra,Rabi,Red,3,33.73,91.36,2.708,656.4,855.1,-23.23,19.9,50.8,1,1
Tamil Nadu,Sugarcane,Zaid,Sandy,1,41.67,61.29,1.471,1437.7,1039.5,38.31,34.4,222.2,1,1
Tamil Nadu,Wheat,Kharif,Red,3,42.7,89.76,2.102,1213.9,999.7,21.43,29.8,194.4,1,0
Haryana,Groundnut,Rabi,Red,3,9.02,19.12,2.119,1299.5,872.3,48.99,30.8,321.6,0,0
Haryana,Jowar,Rabi,Black,4,24.57,139.49,5.677,648.2,1031.9,-37.19,29.4,191.0,0,1
Karnataka,Groundnut,Kharif,Sandy,1,36.83,116.48,3.163,727.2,1064.9,-31.71,33.1,352.4,1,1
Maharashtra,Groundnut,Rabi,Laterite,2,38.81,46.98,1.21,854.7,778.5,9.78,16.9,83.5,1,1
Tamil Nadu,Sugarcane,Rabi,Laterite,2,39.34,66.65,1.694,1017.1,791.0,28.58,18.7,178.1,0,1
Rajasthan,Wheat,Zaid,Sandy,1,11.79,16.45,1.395,714.5,962.4,-25.76,20.8,376.9,0,1
Tamil Nadu,Soybean,Rabi,Laterite,2,10.03,39.56,3.944,1269.6,1104.5,14.94,28.2,54.1,1,0
Karnataka,Cotton,Kharif,Alluvial,5,29.71,57.42,1.933,922.8,745.8,23.74,23.3,186.8,1,0
Andhra Pradesh,Pulses,Zaid,Laterite,2,37.18,129.87,3.493,1172.7,573.7,104.42,32.8,140.9,0,0
Uttar Pradesh,Wheat,Kharif,Alluvial,5,16.3,46.45,2.85,605.0,947.4,-36.14,25.9,236.2,1,1
Punjab,Bajra,Rabi,Sandy,1,5.68,28.52,5.019,695.3,1054.7,-34.07,39.9,147.6,1,1
Maharashtra,Groundnut,Zaid,Laterite,2,35.98,93.63,2.602,861.4,869.4,-0.92,36.3,354.5,0,0
Madhya Pradesh,Soybean,Zaid,Laterite,2,15.34,50.47,3.291,685.2,1245.1,-44.97,26.8,378.0,0,1
Madhya Pradesh,Sugarcane,Zaid,Alluvial,5,8.73,40.24,4.606,1061.9,724.4,46.59,17.9,347.2,1,0
Madhya Pradesh,Maize,Zaid,Alluvial,5,7.81,24.74,3.167,1066.9,738.7,44.44,30.1,189.5,0,0
Haryana,Pulses,Kharif,Red,3,16.09,79.89,4.966,740.2,736.6,0.49,19.3,396.5,1,0
Madhya Pradesh,Pulses,Rabi,Black,4,29.84,128.55,4.308,964.5,863.1,11.75,20.2,307.3,1,0
Punjab,Cotton,Rabi,Laterite,2,18.24,55.68,3.053,1310.5,866.5,51.24,23.6,174.5,0,0
Uttar Pradesh,Maize,Zaid,Black,4,1.52,5.36,3.52,1061.1,734.5,44.47,23.5,82.8,0,0
Madhya Pradesh,Jowar,Rabi,Black,4,5.3,30.91,5.836,963.0,1018.5,-5.45,29.3,283.5,1,0
Tamil Nadu,Maize,Kharif,Laterite,2,14.88,64.1,4.308,1123.8,890.2,26.25,28.0,305.0,1,0
Tamil Nadu,Groundnut,Rabi,Alluvial,5,33.16,183.18,5.525,1220.2,694.8,75.63,19.9,92.9,0,0
Haryana,Groundnut,Kharif,Red,3,5.38,10.18,1.894,1179.5,942.1,25.2,24.2,242.4,1,0
Punjab,Groundnut,Kharif,Sandy,1,28.25,96.52,3.416,782.0,786.9,-0.63,17.8,395.5,1,0
Uttar Pradesh,Groundnut,Rabi,Laterite,2,6.43,35.67,5.543,1025.6,865.2,18.53,28.4,164.2,0,0
Maharashtra,Wheat,Kharif,Laterite,2,10.97,28.68,2.613,725.5,983.1,-26.2,14.8,155.7,1,1
Karnataka,Pulses,Kharif,Sandy,1,9.02,52.68,5.838,786.4,999.9,-21.35,24.6,366.2,0,1
Uttar Pradesh,Maize,Kharif,Black,4,3.83,5.69,1.485,919.8,987.5,-6.85,22.1,91.1,1,0
Karnataka,Pulses,Kharif,Red,3,33.73,185.97,5.513,437.9,857.5,-48.93,29.3,376.7,1,1
Andhra Pradesh,Bajra,Zaid,Black,4,23.44,75.61,3.226,892.2,703.8,26.77,21.1,322.8,1,0
Karnataka,Maize,Rabi,Sandy,1,41.64,56.99,1.369,627.1,802.2,-21.82,20.9,186.8,0,1
Rajasthan,Wheat,Zaid,Sandy,1,5.4,29.12,5.398,503.5,853.5,-41.01,28.4,79.2,1,1
Tamil Nadu,Bajra,Kharif,Red,3,7.66,17.32,2.26,998.7,1081.9,-7.69,28.7,56.7,1,0
Punjab,Pulses,Rabi,Sandy,1,15.67,17.41,1.111,734.8,771.1,-4.71,19.7,181.5,1,1
West Bengal,Bajra,Kharif,Sandy,1,38.41,64.49,1.679,855.0,880.3,-2.87,29.5,296.9,1,1
Haryana,Cotton,Rabi,Red,3,15.64,67.16,4.296,740.9,665.1,11.41,40.7,220.6,1,0
Rajasthan,Bajra,Zaid,Laterite,2,20.72,122.0,5.889,645.8,901.1,-28.33,23.2,308.5,1,1
Karnataka,Maize,Rabi,Black,4,15.43,24.03,1.557,829.4,843.2,-1.64,18.6,284.7,0,1
Madhya Pradesh,Groundnut,Kharif,Laterite,2,4.47,14.8,3.31,459.4,830.6,-44.69,26.3,250.5,1,1
Punjab,Groundnut,Rabi,Laterite,2,47.0,89.45,1.903,775.9,977.0,-20.58,17.7,388.6,0,1
Rajasthan,Jowar,Rabi,Black,4,27.65,130.66,4.725,1295.2,747.1,73.35,24.4,304.9,1,0
Haryana,Pulses,Zaid,Laterite,2,39.5,62.81,1.59,500.1,1060.1,-52.82,23.0,370.1,1,1
Tamil Nadu,Cotton,Kharif,Red,3,33.09,72.77,2.199,1156.5,736.1,57.13,30.2,134.8,1,0
Punjab,Maize,Rabi,Black,4,25.96,51.44,1.982,1321.7,1054.9,25.29,15.5,299.8,1,0
Haryana,Maize,Zaid,Alluvial,5,4.94,18.58,3.763,603.6,610.6,-1.14,16.5,259.2,1,0
Andhra Pradesh,Sugarcane,Rabi,Laterite,2,32.32,173.4,5.366,881.9,895.9,-1.56,28.3,373.5,1,0
Andhra Pradesh,Rice,Kharif,Sandy,1,8.19,29.12,3.555,475.1,941.5,-49.54,29.3,228.7,1,1
Haryana,Pulses,Rabi,Black,4,21.01,27.13,1.291,437.7,796.0,-45.02,13.1,147.9,0,1
Rajasthan,Maize,Rabi,Alluvial,5,31.64,120.77,3.817,841.8,891.7,-5.59,35.1,184.7,1,0
Punjab,Soybean,Rabi,Sandy,1,39.22,195.62,4.988,902.3,795.5,13.43,31.3,126.6,1,0
Rajasthan,Maize,Rabi,Alluvial,5,34.41,57.15,1.661,658.3,917.2,-28.23,22.0,127.0,1,1
Maharashtra,Sugarcane,Kharif,Laterite,2,33.74,46.01,1.364,517.3,887.6,-41.72,26.6,214.6,0,1
Karnataka,Bajra,Zaid,Sandy,1,7.88,15.27,1.939,604.0,1182.5,-48.92,14.2,362.4,0,1
Maharashtra,Wheat,Zaid,Laterite,2,17.63,83.41,4.73,1022.8,643.2,59.01,30.2,117.2,1,0
Andhra Pradesh,Wheat,Rabi,Sandy,1,2.62,10.39,3.958,1024.5,880.1,16.4,20.9,150.8,0,0
Tamil Nadu,Soybean,Kharif,Black,4,36.11,133.73,3.703,960.6,786.9,22.08,23.9,348.5,0,0
Uttar Pradesh,Soybean,Kharif,Red,3,47.65,107.1,2.247,703.6,868.7,-19.0,25.3,168.7,0,0
Karnataka,Jowar,Kharif,Red,3,13.57,36.12,2.661,531.1,829.6,-35.98,33.2,386.8,1,1
Andhra Pradesh,Wheat,Kharif,Alluvial,5,4.84,28.22,5.829,1128.2,797.7,41.43,28.8,144.1,1,0
Rajasthan,Bajra,Kharif,Sandy,1,24.04,52.96,2.203,1210.3,771.5,56.87,23.8,204.8,1,0
Rajasthan,Wheat,Kharif,Laterite,2,42.91,236.34,5.508,668.8,957.2,-30.13,22.5,83.5,0,1
Rajasthan,Rice,Rabi,Black,4,27.82,108.58,3.903,760.3,794.0,-4.25,27.4,397.3,0,0
Tamil Nadu,Pulses,Zaid,Black,4,2.82,4.55,1.616,433.2,846.7,-48.83,25.5,361.5,0,1
Maharashtra,Wheat,Zaid,Black,4,48.73,162.58,3.337,933.5,877.9,6.34,24.5,336.1,1,0
Uttar Pradesh,Groundnut,Rabi,Red,3,41.52,238.43,5.743,1318.9,741.3,77.92,26.0,105.1,1,0
Rajasthan,Jowar,Zaid,Laterite,2,7.01,21.69,3.093,1035.9,941.4,10.04,24.4,389.3,0,0
West Bengal,Sugarcane,Kharif,Black,4,46.13,245.26,5.317,1353.0,706.2,91.59,16.6,375.2,0,0
Karnataka,Soybean,Kharif,Black,4,22.81,52.05,2.282,702.4,924.0,-23.98,25.7,202.5,0,1
Punjab,Rice,Zaid,Alluvial,5,18.91,72.89,3.855,473.1,910.3,-48.03,25.9,288.6,1,1
West Bengal,Soybean,Kharif,Sandy,1,23.32,121.72,5.219,1176.1,830.0,41.69,26.8,397.4,1,0
Uttar Pradesh,Jowar,Kharif,Sandy,1,41.81,234.29,5.603,843.0,685.8,22.92,20.0,193.4,1,0
Tamil Nadu,Maize,Zaid,Sandy,1,33.14,113.66,3.429,576.7,851.0,-32.23,21.2,89.6,1,1
Uttar Pradesh,Rice,Rabi,Alluvial,5,3.43,14.41,4.198,1268.1,695.1,82.42,35.8,353.7,0,0
Punjab,Cotton,Zaid,Red,3,47.9,48.62,1.015,648.5,833.2,-22.17,21.6,216.8,1,1
Karnataka,Rice,Zaid,Alluvial,5,7.82,17.71,2.266,520.1,968.3,-46.29,29.1,395.4,0,1
Punjab,Jowar,Zaid,Black,4,37.41,89.53,2.394,950.4,847.7,12.12,21.2,242.8,0,0
Haryana,Sugarcane,Zaid,Laterite,2,31.99,46.94,1.467,474.6,1038.1,-54.29,14.7,60.3,0,1
Karnataka,Rice,Rabi,Black,4,9.78,23.46,2.398,1055.6,894.3,18.04,25.4,222.1,0,0
Uttar Pradesh,Jowar,Rabi,Black,4,8.95,23.32,2.606,511.9,966.0,-47.01,29.7,301.3,0,1
Rajasthan,Bajra,Kharif,Laterite,2,43.58,254.68,5.844,862.9,957.5,-9.88,24.0,59.1,1,0
Uttar Pradesh,Pulses,Kharif,Sandy,1,21.27,92.4,4.343,879.2,1061.1,-17.14,14.0,194.7,0,0
Uttar Pradesh,Wheat,Zaid,Alluvial,5,32.9,102.98,3.13,866.2,654.2,32.4,12.6,104.4,1,0
Karnataka,Bajra,Kharif,Red,3,25.45,151.19,5.94,478.1,771.6,-38.04,32.9,275.1,1,1
Haryana,Jowar,Rabi,Black,4,36.5,64.47,1.766,751.4,854.2,-12.04,25.9,385.1,1,0
Uttar Pradesh,Groundnut,Kharif,Black,4,24.22,81.88,3.38,1143.4,970.1,17.86,29.6,268.6,0,0
West Bengal,Maize,Kharif,Red,3,14.73,62.37,4.235,749.5,875.3,-14.37,27.4,293.2,1,0
Andhra Pradesh,Wheat,Kharif,Alluvial,5,18.49,23.63,1.278,512.3,849.0,-39.66,19.1,188.8,1,1
Madhya Pradesh,Groundnut,Zaid,Black,4,43.02,197.27,4.585,688.7,1004.6,-31.44,24.5,247.1,0,1
Madhya Pradesh,Sugarcane,Kharif,Red,3,23.67,35.49,1.499,485.4,799.3,-39.27,15.8,240.4,1,1
Uttar Pradesh,Soybean,Rabi,Black,4,11.07,18.83,1.701,254.6,792.4,-67.87,31.7,315.9,1,1
West Bengal,Cotton,Rabi,Sandy,1,46.76,84.1,1.798,755.9,928.1,-18.56,27.9,349.9,1,1
Rajasthan,Wheat,Rabi,Sandy,1,39.93,225.39,5.644,825.0,1209.1,-31.77,30.4,282.0,1,1
Tamil Nadu,Bajra,Rabi,Black,4,3.26,14.38,4.416,974.7,847.0,15.07,33.7,392.9,0,0
Tamil Nadu,Maize,Kharif,Black,4,49.95,213.63,4.277,916.8,753.1,21.75,23.9,339.9,1,0
Karnataka,Groundnut,Zaid,Sandy,1,34.9,131.83,3.777,953.7,765.0,24.67,21.6,93.6,0,0
Madhya Pradesh,Jowar,Rabi,Black,4,8.43,20.78,2.464,789.7,795.1,-0.68,25.4,227.6,0,0
Uttar Pradesh,Wheat,Rabi,Alluvial,5,12.24,50.24,4.104,1331.9,1048.9,26.98,33.6,366.1,1,0
Tamil Nadu,Soybean,Zaid,Alluvial,5,34.78,106.09,3.051,589.6,795.1,-25.84,16.6,380.4,1,1
Uttar Pradesh,Jowar,Zaid,Laterite,2,39.1,67.53,1.727,720.7,895.7,-19.53,26.1,183.1,1,1
Karnataka,Groundnut,Rabi,Alluvial,5,12.33,54.85,4.448,1214.7,836.2,45.26,30.8,304.0,0,0
Madhya Pradesh,Maize,Rabi,Black,4,13.22,21.79,1.648,702.5,653.0,7.58,27.8,193.7,0,1
Punjab,Rice,Zaid,Black,4,15.7,30.67,1.953,772.4,800.8,-3.55,32.4,93.3,1,0
Andhra Pradesh,Soybean,Rabi,Red,3,30.1,153.17,5.088,901.0,478.8,88.18,16.8,359.6,0,0
Andhra Pradesh,Jowar,Rabi,Alluvial,5,9.0,38.73,4.301,1091.9,876.3,24.6,32.5,376.2,0,0
Tamil Nadu,Soybean,Kharif,Sandy,1,5.66,23.52,4.155,835.5,923.4,-9.52,22.3,226.7,1,0
Andhra Pradesh,Sugarcane,Zaid,Sandy,1,34.1,105.42,3.091,579.1,723.2,-19.93,13.4,56.4,1,0
Punjab,Jowar,Kharif,Laterite,2,39.07,116.47,2.981,697.5,768.7,-9.26,24.0,335.6,1,0
Uttar Pradesh,Wheat,Kharif,Red,3,25.3,112.6,4.451,935.0,648.9,44.09,21.0,216.9,1,0
Karnataka,Rice,Zaid,Sandy,1,18.51,87.0,4.7,726.2,517.6,40.32,25.0,76.3,1,0
Punjab,Rice,Kharif,Laterite,2,21.89,77.72,3.551,683.2,624.1,9.47,16.9,116.3,1,0
Karnataka,Cotton,Rabi,Alluvial,5,19.73,115.33,5.846,567.0,947.8,-40.18,25.3,103.2,0,1
Karnataka,Soybean,Kharif,Red,3,48.02,277.48,5.778,1098.4,802.9,36.81,22.6,290.2,1,0
Madhya Pradesh,Bajra,Zaid,Red,3,38.52,117.96,3.062,769.6,881.4,-12.68,37.9,154.8,0,0
Uttar Pradesh,Rice,Rabi,Black,4,10.8,55.12,5.103,771.2,1156.1,-33.3,27.0,94.7,1,1
West Bengal,Rice,Rabi,Alluvial,5,19.52,72.53,3.716,970.0,999.8,-2.99,27.4,371.2,1,0
Andhra Pradesh,Sugarcane,Rabi,Red,3,27.43,97.61,3.559,459.4,930.9,-50.65,24.6,384.8,0,1
West Bengal,Pulses,Rabi,Laterite,2,30.84,39.32,1.275,810.5,777.3,4.27,33.5,98.5,1,1
Madhya Pradesh,Sugarcane,Kharif,Sandy,1,23.68,91.62,3.87,1176.3,1083.9,8.53,28.9,130.6,0,0
Karnataka,Sugarcane,Kharif,Alluvial,5,40.6,223.42,5.503,784.0,1035.3,-24.27,35.1,257.2,1,1
Tamil Nadu,Pulses,Rabi,Alluvial,5,38.5,188.66,4.901,854.9,984.0,-13.12,32.3,102.7,1,0
Andhra Pradesh,Soybean,Zaid,Red,3,25.51,125.78,4.932,849.3,849.3,0.0,23.7,105.5,1,0
Andhra Pradesh,Jowar,Rabi,Red,3,42.79,77.01,1.8,1065.3,711.3,49.77,30.4,167.8,1,0
Uttar Pradesh,Maize,Kharif,Red,3,37.68,105.21,2.792,850.3,1077.6,-21.09,30.9,382.2,0,1
Haryana,Bajra,Rabi,Laterite,2,39.04,84.56,2.166,1417.1,980.6,44.52,31.7,386.9,1,0
Maharashtra,Rice,Kharif,Black,4,47.84,123.41,2.58,857.8,819.5,4.68,28.4,344.6,1,0
Maharashtra,Cotton,Rabi,Red,3,13.69,53.36,3.898,691.1,808.5,-14.52,17.9,293.5,1,0
Maharashtra,Bajra,Zaid,Black,4,13.75,38.82,2.824,1178.0,666.8,76.67,25.8,302.2,1,0
Haryana,Jowar,Rabi,Black,4,44.5,169.27,3.803,747.3,964.1,-22.48,26.7,214.4,1,1
Uttar Pradesh,Pulses,Zaid,Alluvial,5,38.73,123.63,3.193,650.1,875.6,-25.75,26.4,235.6,1,1
Haryana,Bajra,Zaid,Sandy,1,46.36,112.81,2.433,502.9,909.7,-44.72,32.9,272.1,1,1
Maharashtra,Rice,Rabi,Sandy,1,3.62,5.35,1.477,919.7,989.5,-7.06,22.1,306.0,1,1
Madhya Pradesh,Bajra,Zaid,Laterite,2,31.57,172.37,5.459,685.6,958.3,-28.45,26.8,83.9,1,1
Punjab,Maize,Zaid,Laterite,2,7.66,8.09,1.057,605.7,718.8,-15.73,25.6,128.7,0,1
Karnataka,Pulses,Kharif,Sandy,1,25.44,25.65,1.008,658.5,853.4,-22.83,30.1,387.0,1,1
Haryana,Bajra,Kharif,Sandy,1,8.21,42.15,5.134,709.2,911.9,-22.23,36.9,167.3,0,1
Uttar Pradesh,Rice,Zaid,Alluvial,5,6.84,40.93,5.984,1008.2,923.2,9.2,29.7,144.0,0,0
Uttar Pradesh,Rice,Rabi,Alluvial,5,1.1,5.11,4.636,920.9,611.5,50.6,29.3,197.7,1,0
West Bengal,Bajra,Zaid,Sandy,1,31.7,34.12,1.076,763.9,699.1,9.26,19.9,151.8,1,1
Punjab,Soybean,Rabi,Red,3,18.27,38.98,2.133,940.2,948.6,-0.88,16.7,81.9,1,0
Tamil Nadu,Cotton,Kharif,Red,3,5.71,33.44,5.859,773.4,946.3,-18.27,27.5,122.8,1,0
Andhra Pradesh,Groundnut,Rabi,Alluvial,5,16.48,83.11,5.043,851.6,1091.5,-21.97,24.9,274.1,1,1
Maharashtra,Sugarcane,Zaid,Black,4,8.86,33.98,3.834,633.3,617.5,2.55,28.8,128.1,0,0
Tamil Nadu,Pulses,Zaid,Sandy,1,47.11,102.91,2.184,635.6,984.6,-35.45,22.3,276.7,0,1
West Bengal,Groundnut,Zaid,Laterite,2,16.34,17.51,1.072,837.8,906.4,-7.57,34.4,85.0,0,1
Maharashtra,Jowar,Zaid,Red,3,17.03,18.81,1.104,838.4,692.4,21.09,18.8,64.7,1,0
Punjab,Jowar,Zaid,Black,4,42.07,170.81,4.06,1052.8,584.9,80.0,24.8,351.5,0,0
West Bengal,Rice,Rabi,Red,3,32.56,36.12,1.109,924.8,991.1,-6.69,23.7,316.0,1,0
Maharashtra,Jowar,Zaid,Black,4,35.65,212.79,5.968,677.0,702.5,-3.62,32.6,283.1,0,0
Punjab,Soybean,Kharif,Sandy,1,31.98,61.31,1.917,480.0,652.9,-26.48,24.6,60.8,0,1
Rajasthan,Cotton,Zaid,Sandy,1,47.34,215.55,4.554,1020.6,918.0,11.18,22.5,133.8,0,0
Tamil Nadu,Jowar,Rabi,Sandy,1,10.75,19.08,1.775,882.9,848.6,4.05,26.5,334.3,1,1
Tamil Nadu,Maize,Zaid,Alluvial,5,49.46,183.02,3.7,1042.3,936.2,11.33,21.3,100.6,1,0
Andhra Pradesh,Cotton,Zaid,Black,4,41.63,58.41,1.403,914.7,914.6,0.01,25.9,334.5,1,0
Punjab,Soybean,Rabi,Laterite,2,29.65,143.34,4.834,1251.2,1351.8,-7.44,25.2,254.5,1,0
Haryana,Groundnut,Zaid,Laterite,2,33.29,130.64,3.925,745.9,958.5,-22.18,43.3,309.1,0,1
Rajasthan,Cotton,Rabi,Sandy,1,32.62,46.67,1.431,810.4,948.9,-14.6,23.2,275.6,1,1
Madhya Pradesh,Cotton,Zaid,Laterite,2,3.39,17.78,5.243,997.6,717.7,39.01,25.5,195.9,1,0
Maharashtra,Groundnut,Kharif,Red,3,11.29,42.18,3.735,1015.8,1084.4,-6.33,27.3,152.2,0,0
Rajasthan,Soybean,Zaid,Black,4,48.09,269.7,5.608,881.8,774.2,13.89,27.6,285.5,1,0
Punjab,Jowar,Rabi,Black,4,26.95,150.47,5.583,402.2,713.4,-43.62,32.3,332.4,0,1
Karnataka,Rice,Kharif,Black,4,19.23,107.73,5.603,358.0,818.3,-56.25,37.5,65.7,0,1
Maharashtra,Pulses,Rabi,Red,3,38.22,53.09,1.389,703.5,916.0,-23.2,21.2,183.0,0,1
Uttar Pradesh,Groundnut,Zaid,Alluvial,5,26.46,42.47,1.605,805.5,780.7,3.17,28.6,172.8,1,0
Tamil Nadu,Groundnut,Kharif,Red,3,1.15,6.84,5.939,333.0,718.5,-53.66,25.0,245.8,1,1
Punjab,Groundnut,Rabi,Black,4,36.94,127.01,3.438,792.5,715.3,10.79,28.0,89.9,0,0
Uttar Pradesh,Groundnut,Kharif,Black,4,36.74,80.51,2.191,962.8,880.9,9.3,32.7,376.7,1,0
Andhra Pradesh,Pulses,Kharif,Black,4,8.67,42.06,4.848,785.2,934.0,-15.94,35.8,242.0,1,0
West Bengal,Pulses,Rabi,Laterite,2,47.85,111.09,2.321,873.8,946.4,-7.67,31.2,373.3,1,0
Madhya Pradesh,Jowar,Kharif,Alluvial,5,11.58,53.7,4.636,947.0,616.7,53.56,27.9,335.9,1,0
Madhya Pradesh,Bajra,Rabi,Red,3,23.16,120.11,5.186,399.7,725.4,-44.9,32.2,117.1,0,1
Uttar Pradesh,Bajra,Kharif,Black,4,6.18,30.41,4.921,963.1,989.7,-2.68,21.0,96.3,1,0
Tamil Nadu,Wheat,Kharif,Sandy,1,30.36,71.97,2.37,616.6,786.4,-21.59,21.6,351.4,1,1
Andhra Pradesh,Groundnut,Kharif,Alluvial,5,19.08,57.41,3.008,740.5,880.4,-15.89,27.0,237.6,1,0
Karnataka,Groundnut,Zaid,Sandy,1,17.98,55.14,3.066,634.7,1243.9,-48.97,33.0,56.9,1,1
Tamil Nadu,Cotton,Zaid,Alluvial,5,41.44,143.22,3.456,1068.5,511.8,108.76,24.2,377.0,0,0
Rajasthan,Bajra,Rabi,Black,4,0.97,1.79,1.837,506.9,830.6,-38.97,24.9,215.6,1,1
Madhya Pradesh,Jowar,Kharif,Alluvial,5,40.0,130.49,3.262,1145.3,956.2,19.78,14.1,155.3,1,0
Rajasthan,Rice,Rabi,Alluvial,5,28.79,102.31,3.554,1398.0,702.7,98.93,40.3,230.8,1,0
Maharashtra,Wheat,Zaid,Black,4,49.31,180.41,3.659,412.2,829.8,-50.32,24.6,338.0,0,1
Haryana,Wheat,Zaid,Sandy,1,29.68,151.34,5.1,653.5,670.0,-2.46,10.0,88.6,1,0
Punjab,Jowar,Zaid,Sandy,1,3.24,11.63,3.587,953.1,936.7,1.76,27.0,175.6,0,0
Andhra Pradesh,Rice,Zaid,Laterite,2,3.01,6.48,2.154,551.6,749.3,-26.38,28.8,161.6,0,1
Tamil Nadu,Cotton,Rabi,Sandy,1,44.22,190.82,4.316,732.0,785.4,-6.79,24.6,343.9,1,0
Madhya Pradesh,Pulses,Kharif,Sandy,1,42.14,210.13,4.987,844.0,984.5,-14.28,20.5,322.5,0,0
Rajasthan,Sugarcane,Rabi,Alluvial,5,17.62,45.76,2.597,621.8,933.4,-33.39,31.4,190.0,1,1
West Bengal,Bajra,Kharif,Laterite,2,31.09,131.41,4.227,820.5,996.0,-17.62,30.7,282.6,0,0
Maharashtra,Groundnut,Zaid,Black,4,24.73,42.91,1.735,1037.2,1113.6,-6.86,29.2,188.1,1,0
Punjab,Jowar,Kharif,Black,4,48.37,131.08,2.71,780.4,861.1,-9.36,21.4,250.0,1,0
Punjab,Bajra,Zaid,Red,3,47.52,263.57,5.546,540.3,1167.5,-53.72,22.3,396.9,0,1
Tamil Nadu,Groundnut,Rabi,Laterite,2,49.2,273.38,5.557,1091.2,879.1,24.14,23.9,237.5,1,0
Andhra Pradesh,Sugarcane,Kharif,Alluvial,5,43.39,168.2,3.877,1147.3,1047.6,9.51,23.5,396.0,0,0
Karnataka,Sugarcane,Rabi,Red,3,45.52,205.39,4.512,892.1,845.7,5.49,29.8,311.5,1,0
West Bengal,Pulses,Zaid,Red,3,11.26,59.32,5.27,554.6,976.1,-43.18,23.6,92.3,0,1
Tamil Nadu,Soybean,Rabi,Black,4,41.63,241.18,5.793,580.6,786.0,-26.13,20.3,328.6,0,1
Rajasthan,Sugarcane,Zaid,Sandy,1,35.59,122.76,3.449,207.9,1050.9,-80.22,28.5,106.4,1,1
Haryana,Bajra,Zaid,Alluvial,5,48.16,183.38,3.808,652.0,1022.7,-36.25,40.3,236.3,0,1
Uttar Pradesh,Maize,Zaid,Laterite,2,28.78,88.58,3.078,1066.4,818.0,30.37,21.3,264.6,1,0
Karnataka,Maize,Rabi,Red,3,4.72,6.41,1.36,629.0,873.4,-27.98,21.7,362.3,0,1
Andhra Pradesh,Groundnut,Rabi,Alluvial,5,30.07,93.64,3.114,561.0,708.4,-20.8,25.3,123.6,1,1
Maharashtra,Groundnut,Kharif,Black,4,34.49,170.81,4.953,1055.7,989.5,6.69,30.5,356.6,0,0
Karnataka,Soybean,Kharif,Red,3,11.41,57.31,5.024,1087.8,976.1,11.45,29.4,377.1,0,0
Madhya Pradesh,Maize,Rabi,Red,3,20.01,109.28,5.462,666.0,665.1,0.13,25.3,81.3,0,0
Andhra Pradesh,Groundnut,Rabi,Black,4,30.13,37.88,1.257,927.4,1175.7,-21.12,23.4,359.8,0,1
Haryana,Sugarcane,Rabi,Black,4,19.02,69.15,3.636,583.1,909.6,-35.9,38.6,140.7,1,1
Madhya Pradesh,Groundnut,Rabi,Black,4,19.06,29.3,1.537,714.3,815.2,-12.37,32.9,78.4,1,0
Karnataka,Wheat,Zaid,Alluvial,5,7.09,14.2,2.004,345.0,1029.8,-66.5,36.4,385.5,1,1
Uttar Pradesh,Soybean,Zaid,Alluvial,5,47.07,258.92,5.501,890.0,771.7,15.33,30.2,187.3,0,0
Uttar Pradesh,Jowar,Zaid,Alluvial,5,37.65,131.17,3.484,774.3,1046.0,-25.98,25.4,268.0,0,1
Haryana,Rice,Rabi,Sandy,1,0.56,2.69,4.793,632.0,673.6,-6.17,28.4,243.5,1,0
Punjab,Cotton,Zaid,Red,3,38.4,50.76,1.322,777.0,816.7,-4.86,36.8,124.6,1,0
West Bengal,Rice,Zaid,Alluvial,5,37.12,114.48,3.084,746.2,836.9,-10.83,29.1,284.3,1,0
Maharashtra,Rice,Kharif,Sandy,1,0.98,4.29,4.371,593.2,768.4,-22.8,15.7,66.1,0,1
Punjab,Pulses,Kharif,Red,3,18.8,31.33,1.667,899.6,739.5,21.66,34.4,121.1,1,0
Uttar Pradesh,Jowar,Zaid,Alluvial,5,30.53,80.28,2.629,725.5,777.0,-6.62,35.0,380.6,0,0
Uttar Pradesh,Groundnut,Zaid,Black,4,22.91,30.31,1.323,766.4,770.2,-0.48,33.4,383.7,1,0
Rajasthan,Pulses,Zaid,Laterite,2,39.01,166.06,4.257,434.8,779.6,-44.23,17.9,218.9,1,1
Madhya Pradesh,Rice,Rabi,Alluvial,5,21.56,126.22,5.854,768.6,1065.1,-27.84,28.3,109.2,1,1
Karnataka,Wheat,Kharif,Laterite,2,8.12,41.68,5.135,755.2,915.0,-17.47,32.2,197.6,0,0
Maharashtra,Cotton,Kharif,Alluvial,5,48.83,286.8,5.873,593.6,836.8,-29.06,26.1,357.0,1,1
Haryana,Rice,Kharif,Black,4,12.48,65.25,5.228,932.9,964.7,-3.3,28.3,74.6,1,0
Karnataka,Maize,Zaid,Laterite,2,36.03,190.07,5.276,273.0,835.7,-67.33,29.4,94.8,0,1
Rajasthan,Jowar,Rabi,Sandy,1,7.59,29.48,3.886,679.5,730.9,-7.04,21.0,363.5,1,0
Uttar Pradesh,Jowar,Kharif,Black,4,16.79,60.28,3.591,877.5,609.1,44.05,28.8,195.4,1,0
Haryana,Jowar,Kharif,Laterite,2,22.38,67.84,3.031,1324.6,998.3,32.69,20.1,79.2,0,0
Uttar Pradesh,Soybean,Rabi,Laterite,2,10.02,50.98,5.09,458.6,516.1,-11.15,25.4,98.7,0,0
Maharashtra,Soybean,Zaid,Black,4,22.77,43.5,1.91,822.2,623.7,31.82,22.5,358.9,0,1
Madhya Pradesh,Sugarcane,Zaid,Black,4,8.28,10.61,1.281,937.0,925.7,1.22,31.3,221.5,1,0
Karnataka,Bajra,Kharif,Black,4,28.17,161.69,5.739,815.8,847.4,-3.73,30.0,107.0,1,0
Karnataka,Cotton,Kharif,Red,3,33.35,33.98,1.019,491.9,1068.9,-53.98,29.4,362.9,1,1
Punjab,Pulses,Rabi,Sandy,1,3.59,21.13,5.884,679.1,753.4,-9.86,27.7,345.8,0,0
Haryana,Groundnut,Kharif,Alluvial,5,43.62,202.59,4.644,189.6,965.4,-80.36,28.6,58.1,1,1
West Bengal,Rice,Rabi,Laterite,2,9.66,25.54,2.642,801.0,823.5,-2.74,38.1,253.3,0,0
Rajasthan,Bajra,Kharif,Alluvial,5,11.66,52.32,4.489,446.0,932.4,-52.16,33.9,135.5,1,1
West Bengal,Groundnut,Kharif,Black,4,33.24,169.15,5.089,913.9,875.5,4.39,20.2,236.6,1,0
Punjab,Pulses,Kharif,Sandy,1,23.7,52.78,2.227,636.6,925.6,-31.22,22.8,147.7,1,1
Maharashtra,Bajra,Zaid,Sandy,1,25.22,122.43,4.854,613.1,882.2,-30.5,24.7,160.6,0,1
Rajasthan,Groundnut,Rabi,Red,3,6.84,34.37,5.022,841.6,894.0,-5.86,24.5,260.6,0,0
Madhya Pradesh,Wheat,Rabi,Black,4,40.38,90.73,2.247,865.1,686.7,25.97,21.0,238.6,1,0
West Bengal,Soybean,Zaid,Laterite,2,31.04,37.55,1.21,1017.8,861.3,18.17,29.5,188.3,1,1
Madhya Pradesh,Pulses,Zaid,Red,3,7.2,14.55,2.021,734.7,940.4,-21.88,25.6,87.6,1,1
West Bengal,Cotton,Zaid,Black,4,19.01,38.09,2.003,773.6,842.3,-8.16,27.3,389.3,0,0
Madhya Pradesh,Maize,Rabi,Red,3,40.62,53.86,1.326,453.4,834.7,-45.68,15.7,111.1,1,1
West Bengal,Wheat,Kharif,Alluvial,5,28.63,132.57,4.63,1162.1,567.6,104.75,16.6,271.6,1,0
Madhya Pradesh,Soybean,Zaid,Black,4,5.88,17.05,2.9,566.4,1080.1,-47.56,22.8,79.0,1,1
Punjab,Jowar,Zaid,Laterite,2,18.95,102.76,5.422,981.2,644.9,52.16,29.6,290.9,1,0
Andhra Pradesh,Soybean,Zaid,Laterite,2,12.51,28.29,2.261,983.0,757.3,29.81,28.9,83.2,0,0
Rajasthan,Bajra,Kharif,Black,4,26.11,85.29,3.266,900.0,731.7,22.99,32.0,130.3,1,0
Haryana,Sugarcane,Kharif,Red,3,42.25,177.23,4.195,740.7,894.5,-17.2,21.8,276.4,0,0
Maharashtra,Wheat,Zaid,Sandy,1,22.1,119.03,5.387,709.3,901.3,-21.3,30.1,149.0,0,1
Tamil Nadu,Jowar,Kharif,Black,4,21.95,79.53,3.623,784.0,948.9,-17.38,35.2,236.5,0,0
Uttar Pradesh,Bajra,Zaid,Laterite,2,45.31,129.95,2.868,324.0,955.6,-66.09,31.6,93.6,0,1
Haryana,Pulses,Kharif,Alluvial,5,29.02,154.83,5.335,793.5,1108.5,-28.42,18.2,120.8,1,1
Uttar Pradesh,Cotton,Rabi,Laterite,2,28.53,72.78,2.551,1171.4,804.2,45.67,32.6,306.8,1,0
Rajasthan,Soybean,Rabi,Sandy,1,13.46,18.81,1.397,743.5,725.3,2.51,28.0,62.3,1,1
Haryana,Pulses,Kharif,Laterite,2,30.58,98.63,3.225,791.8,814.8,-2.82,28.7,89.1,1,0
Madhya Pradesh,Jowar,Rabi,Sandy,1,29.01,142.88,4.925,544.0,684.2,-20.5,41.0,125.2,1,1
Madhya Pradesh,Bajra,Rabi,Black,4,20.14,23.24,1.154,846.4,798.2,6.04,27.5,57.1,1,0
Tamil Nadu,Sugarcane,Rabi,Laterite,2,49.54,194.66,3.929,605.5,617.3,-1.92,29.8,83.4,1,0
Uttar Pradesh,Soybean,Zaid,Red,3,44.15,175.39,3.972,1012.5,724.6,39.72,26.6,148.5,0,0
Maharashtra,Cotton,Kharif,Red,3,37.6,212.19,5.643,1085.3,596.9,81.83,24.5,82.5,0,0
Rajasthan,Sugarcane,Kharif,Laterite,2,27.1,65.91,2.432,1139.9,1031.3,10.53,28.2,353.1,1,0
Madhya Pradesh,Groundnut,Kharif,Laterite,2,23.37,55.96,2.394,439.1,866.7,-49.33,23.4,73.1,1,1
Andhra Pradesh,Bajra,Rabi,Alluvial,5,9.65,30.91,3.202,980.7,1132.0,-13.37,26.9,351.3,0,0
Punjab,Pulses,Zaid,Laterite,2,15.63,43.53,2.785,961.7,1016.6,-5.39,24.2,338.0,0,0
Punjab,Soybean,Kharif,Alluvial,5,38.81,181.7,4.682,696.2,1031.4,-32.5,13.5,85.3,1,1
West Bengal,Soybean,Rabi,Alluvial,5,22.96,96.64,4.209,1098.2,829.0,32.46,23.0,58.8,1,0
Maharashtra,Jowar,Zaid,Alluvial,5,44.17,211.79,4.795,903.6,923.5,-2.15,31.7,67.5,1,0
Punjab,Cotton,Zaid,Alluvial,5,7.82,39.89,5.1,1143.3,715.5,59.78,29.1,256.6,1,0
West Bengal,Maize,Kharif,Black,4,25.66,144.1,5.615,483.1,770.1,-37.27,24.6,284.6,1,1
Uttar Pradesh,Groundnut,Kharif,Red,3,32.52,102.61,3.155,621.5,852.1,-27.06,26.6,267.2,0,1
Madhya Pradesh,Sugarcane,Rabi,Alluvial,5,26.08,154.51,5.923,823.4,589.1,39.77,21.2,239.5,1,0
Madhya Pradesh,Wheat,Kharif,Red,3,44.52,92.52,2.078,1093.1,774.0,41.23,21.8,111.1,1,0
Andhra Pradesh,Wheat,Rabi,Alluvial,5,49.48,226.23,4.572,913.7,968.9,-5.7,26.0,344.3,0,0
Haryana,Soybean,Zaid,Red,3,6.23,22.88,3.67,562.9,776.5,-27.5,24.7,164.6,1,1
Punjab,Jowar,Zaid,Laterite,2,6.93,35.25,5.085,1244.1,739.6,68.22,21.5,395.2,0,0
Uttar Pradesh,Rice,Zaid,Laterite,2,6.95,23.52,3.384,726.3,792.3,-8.33,25.6,184.7,0,0
Karnataka,Soybean,Zaid,Red,3,34.22,168.34,4.92,570.9,962.2,-40.67,19.3,142.1,1,1
Punjab,Wheat,Kharif,Alluvial,5,18.95,107.07,5.651,606.2,904.1,-32.95,35.4,363.0,1,1
Maharashtra,Wheat,Kharif,Black,4,36.8,171.54,4.661,466.9,816.2,-42.79,31.4,248.6,1,1
Haryana,Groundnut,Rabi,Red,3,20.57,100.4,4.88,238.2,852.6,-72.07,13.0,302.6,0,1
Punjab,Pulses,Rabi,Sandy,1,31.57,42.17,1.336,770.9,978.6,-21.23,31.0,192.9,1,1
Uttar Pradesh,Rice,Rabi,Black,4,38.61,78.17,2.025,411.3,1046.1,-60.68,23.8,360.4,0,1
Punjab,Soybean,Rabi,Sandy,1,27.64,162.27,5.872,878.4,778.8,12.79,22.7,371.2,0,0
Maharashtra,Groundnut,Rabi,Red,3,27.21,121.5,4.466,1046.1,837.6,24.88,30.5,202.9,0,0
Karnataka,Jowar,Zaid,Alluvial,5,4.87,18.53,3.807,894.2,1036.7,-13.75,25.1,134.3,1,0
Rajasthan,Groundnut,Zaid,Sandy,1,20.83,59.06,2.835,811.0,928.4,-12.65,23.7,276.7,0,0
Tamil Nadu,Soybean,Zaid,Red,3,27.52,33.62,1.222,414.8,639.6,-35.15,18.0,384.1,0,1
Karnataka,Bajra,Rabi,Black,4,23.37,66.5,2.846,1011.5,716.0,41.27,31.5,267.9,0,0
West Bengal,Maize,Zaid,Alluvial,5,45.09,157.57,3.495,1286.6,720.7,78.53,32.2,384.0,1,0
Punjab,Soybean,Zaid,Sandy,1,45.37,93.35,2.057,1152.1,787.6,46.27,27.0,170.3,1,0
Madhya Pradesh,Cotton,Zaid,Red,3,41.18,76.84,1.866,467.4,905.5,-48.38,19.0,370.3,1,1
Andhra Pradesh,Wheat,Zaid,Alluvial,5,19.08,67.57,3.542,780.5,1132.8,-31.1,27.8,89.4,1,1
Madhya Pradesh,Rice,Kharif,Alluvial,5,36.01,141.49,3.93,729.3,837.6,-12.92,29.8,175.6,0,0
Karnataka,Rice,Rabi,Laterite,2,20.07,44.14,2.2,700.5,948.9,-26.18,25.8,223.1,1,1
Madhya Pradesh,Pulses,Rabi,Alluvial,5,12.01,47.3,3.937,806.8,1020.1,-20.91,31.3,278.6,1,1
Uttar Pradesh,Maize,Kharif,Red,3,17.47,96.13,5.502,1341.3,1073.0,25.0,27.0,152.9,0,0
Madhya Pradesh,Cotton,Zaid,Black,4,4.01,13.51,3.366,826.8,1020.2,-18.96,27.8,373.5,1,0
Haryana,Wheat,Zaid,Laterite,2,16.92,89.47,5.287,688.9,738.0,-6.65,34.9,366.2,1,0
Rajasthan,Rice,Zaid,Red,3,23.31,131.37,5.636,874.5,632.4,38.28,23.0,329.8,0,0
Punjab,Cotton,Rabi,Red,3,47.8,69.88,1.462,471.7,755.7,-37.59,16.6,90.0,1,1
Madhya Pradesh,Groundnut,Rabi,Red,3,16.01,23.69,1.479,621.0,875.3,-29.05,25.0,77.4,1,1
Maharashtra,Pulses,Rabi,Sandy,1,45.17,152.69,3.38,1046.6,738.5,41.71,22.6,224.3,1,0
Rajasthan,Soybean,Rabi,Sandy,1,11.83,46.61,3.941,847.1,606.2,39.73,17.5,317.9,0,0
Rajasthan,Soybean,Rabi,Black,4,9.95,31.15,3.129,1325.4,667.7,98.51,29.7,93.1,0,0
Madhya Pradesh,Bajra,Kharif,Red,3,26.19,68.94,2.632,866.9,1301.0,-33.36,26.0,274.5,1,1
Rajasthan,Wheat,Rabi,Sandy,1,33.79,142.08,4.205,488.5,817.1,-40.21,15.1,234.7,1,1
Andhra Pradesh,Cotton,Zaid,Sandy,1,2.69,2.72,1.01,403.7,1120.0,-63.95,35.3,304.1,1,1
Madhya Pradesh,Sugarcane,Rabi,Sandy,1,11.44,66.83,5.84,1050.4,814.8,28.92,21.6,202.4,1,0
Uttar Pradesh,Rice,Kharif,Black,4,23.06,49.81,2.16,539.6,968.9,-44.31,22.3,292.7,1,1
Karnataka,Jowar,Zaid,Black,4,16.88,94.31,5.585,517.2,828.5,-37.57,31.6,105.9,1,1
Haryana,Jowar,Kharif,Red,3,35.77,55.27,1.545,671.3,851.1,-21.13,28.6,125.1,0,1
Tamil Nadu,Soybean,Zaid,Laterite,2,25.8,56.52,2.19,1049.1,966.8,8.51,32.6,366.2,1,0
West Bengal,Sugarcane,Rabi,Red,3,8.44,18.35,2.174,708.1,789.6,-10.33,12.9,165.3,1,0
Rajasthan,Jowar,Kharif,Sandy,1,44.78,267.79,5.981,589.6,670.9,-12.12,24.3,394.9,1,0
Uttar Pradesh,Maize,Zaid,Sandy,1,15.0,15.34,1.023,1103.2,729.2,51.28,26.8,66.2,1,1
Punjab,Maize,Rabi,Alluvial,5,36.69,154.04,4.198,1060.5,728.4,45.59,33.8,223.6,0,0
Punjab,Wheat,Zaid,Red,3,39.11,209.15,5.348,1216.8,862.6,41.06,20.9,163.7,0,0
West Bengal,Sugarcane,Kharif,Sandy,1,48.18,210.11,4.361,1137.8,565.6,101.17,24.0,398.6,1,0
Haryana,Maize,Kharif,Sandy,1,25.18,70.84,2.814,1064.7,895.8,18.86,26.8,396.5,1,0
Rajasthan,Maize,Kharif,Laterite,2,30.98,179.44,5.792,612.2,1039.9,-41.13,30.6,132.3,0,1
Andhra Pradesh,Soybean,Kharif,Alluvial,5,17.08,93.37,5.468,964.8,773.8,24.68,19.3,143.5,1,0
West Bengal,Jowar,Rabi,Red,3,34.07,107.99,3.17,1103.7,751.8,46.8,30.9,312.4,1,0
Haryana,Wheat,Zaid,Black,4,23.44,90.62,3.867,1263.9,1145.1,10.38,22.5,361.4,0,0
Rajasthan,Cotton,Rabi,Red,3,22.16,129.38,5.838,842.8,1070.8,-21.29,28.3,282.3,1,1
Uttar Pradesh,Groundnut,Kharif,Red,3,42.85,253.34,5.913,677.0,914.1,-25.94,24.8,352.6,0,1
Karnataka,Rice,Zaid,Laterite,2,2.98,9.69,3.249,579.0,737.9,-21.54,27.6,72.2,0,1
Andhra Pradesh,Rice,Kharif,Red,3,44.16,231.24,5.237,1044.9,937.6,11.44,27.3,274.2,0,0
Tamil Nadu,Pulses,Rabi,Laterite,2,42.68,107.12,2.51,633.3,698.7,-9.36,33.7,295.1,1,0
Punjab,Groundnut,Rabi,Laterite,2,25.57,73.09,2.859,826.8,651.6,26.9,24.6,116.6,1,0
Maharashtra,Groundnut,Rabi,Sandy,1,24.77,45.17,1.824,579.9,917.8,-36.81,24.2,322.3,1,1
Uttar Pradesh,Rice,Zaid,Black,4,18.41,37.66,2.046,760.3,778.3,-2.31,32.4,380.5,0,0
Punjab,Rice,Zaid,Laterite,2,49.71,212.98,4.284,909.7,546.5,66.46,34.4,364.3,0,0
Madhya Pradesh,Cotton,Kharif,Alluvial,5,6.0,21.33,3.554,867.3,938.0,-7.54,23.6,135.7,1,0
Maharashtra,Sugarcane,Zaid,Alluvial,5,29.72,64.06,2.156,984.5,1069.0,-7.91,30.2,163.4,0,0
Punjab,Sugarcane,Zaid,Black,4,34.24,103.23,3.015,456.5,948.9,-51.9,20.9,224.9,1,1
Haryana,Cotton,Rabi,Laterite,2,46.75,133.98,2.866,770.9,775.2,-0.56,30.2,105.4,0,0
Andhra Pradesh,Jowar,Kharif,Black,4,39.12,232.25,5.937,682.4,528.9,29.02,31.5,383.9,0,0
Punjab,Groundnut,Rabi,Sandy,1,32.37,170.52,5.268,554.4,872.0,-36.42,24.3,106.6,0,1
Tamil Nadu,Bajra,Kharif,Alluvial,5,6.28,18.47,2.94,612.6,751.5,-18.48,32.7,316.5,1,0
Karnataka,Groundnut,Kharif,Red,3,19.0,105.82,5.57,576.5,714.8,-19.35,24.4,169.5,0,0
Haryana,Pulses,Zaid,Alluvial,5,7.37,20.0,2.713,887.5,558.0,59.05,26.1,250.8,0,0
Uttar Pradesh,Rice,Rabi,Laterite,2,44.12,191.46,4.34,900.0,1131.6,-20.46,28.3,66.5,1,1
Uttar Pradesh,Groundnut,Zaid,Black,4,37.61,219.37,5.833,1018.9,685.4,48.65,20.2,121.8,1,0
Uttar Pradesh,Rice,Zaid,Alluvial,5,38.0,112.15,2.951,882.0,576.8,52.93,17.8,205.5,1,0
Uttar Pradesh,Groundnut,Zaid,Red,3,32.79,144.24,4.399,839.7,1104.2,-23.95,27.7,287.0,0,1
Karnataka,Pulses,Kharif,Red,3,25.6,63.47,2.48,819.7,854.7,-4.09,21.5,322.1,0,0
Punjab,Jowar,Rabi,Black,4,7.92,18.47,2.332,968.9,831.4,16.54,18.7,60.5,1,0
Rajasthan,Bajra,Rabi,Black,4,16.82,65.11,3.871,273.3,896.4,-69.51,30.6,103.4,0,1
Punjab,Maize,Zaid,Alluvial,5,7.28,42.91,5.896,785.2,915.4,-14.22,35.1,305.4,1,0
Madhya Pradesh,Cotton,Kharif,Laterite,2,36.38,118.82,3.266,879.3,882.0,-0.3,31.1,334.6,0,0
Andhra Pradesh,Cotton,Rabi,Sandy,1,8.43,47.96,5.688,1247.4,624.0,99.91,18.9,132.8,1,0
Maharashtra,Bajra,Rabi,Red,3,35.25,196.43,5.572,522.1,612.4,-14.74,27.1,130.4,0,0
Rajasthan,Groundnut,Zaid,Black,4,34.77,78.88,2.269,513.3,740.7,-30.7,24.1,80.8,1,1
Rajasthan,Maize,Kharif,Sandy,1,23.24,69.92,3.009,232.3,773.5,-69.97,20.9,102.6,1,1
Punjab,Pulses,Zaid,Sandy,1,7.19,30.33,4.217,452.3,796.0,-43.18,26.5,52.8,1,1
Rajasthan,Sugarcane,Rabi,Sandy,1,16.08,57.74,3.59,762.2,884.3,-13.81,25.6,256.4,1,0
West Bengal,Groundnut,Kharif,Laterite,2,16.34,24.19,1.48,619.0,808.1,-23.4,24.6,366.4,1,1
West Bengal,Jowar,Zaid,Black,4,35.17,209.91,5.968,613.7,747.9,-17.95,31.9,102.4,1,0
Madhya Pradesh,Rice,Rabi,Red,3,6.13,29.2,4.763,805.7,909.2,-11.38,33.8,313.0,0,0
Maharashtra,Wheat,Zaid,Black,4,41.54,132.45,3.188,945.6,957.1,-1.2,24.1,250.8,1,0
Tamil Nadu,Groundnut,Zaid,Alluvial,5,38.17,156.15,4.091,803.1,728.7,10.22,24.9,379.0,1,0
Karnataka,Wheat,Zaid,Red,3,9.72,13.98,1.438,806.7,644.8,25.1,24.5,329.3,0,1
Punjab,Groundnut,Kharif,Black,4,36.1,125.5,3.477,900.9,877.0,2.72,29.1,348.5,1,0
Karnataka,Bajra,Rabi,Red,3,33.59,189.93,5.654,341.8,786.9,-56.56,28.0,273.7,1,1
Tamil Nadu,Wheat,Rabi,Alluvial,5,37.53,205.79,5.483,832.2,975.4,-14.68,21.7,334.0,1,0
Punjab,Groundnut,Rabi,Red,3,9.85,26.47,2.687,781.3,702.2,11.26,25.2,172.8,1,0
Punjab,Cotton,Rabi,Sandy,1,8.3,30.35,3.657,798.2,669.1,19.29,17.0,123.2,0,0
Maharashtra,Wheat,Kharif,Laterite,2,12.21,54.77,4.487,654.0,755.0,-13.38,16.6,369.4,0,0
Karnataka,Groundnut,Zaid,Alluvial,5,18.61,50.25,2.7,748.6,928.0,-19.33,18.9,307.0,1,0
West Bengal,Sugarcane,Rabi,Red,3,39.79,52.69,1.324,900.7,797.3,12.97,24.5,81.7,1,0
Uttar Pradesh,Rice,Kharif,Alluvial,5,37.03,130.6,3.527,1202.3,836.7,43.69,29.7,353.4,0,0
Karnataka,Sugarcane,Zaid,Sandy,1,46.31,185.62,4.008,377.2,775.7,-51.38,21.3,172.1,0,1
Andhra Pradesh,Maize,Kharif,Laterite,2,3.4,3.5,1.029,942.9,1002.3,-5.92,25.2,154.4,0,1
Andhra Pradesh,Groundnut,Kharif,Alluvial,5,1.07,1.58,1.478,1104.5,922.5,19.73,27.3,268.2,1,0
Punjab,Soybean,Rabi,Sandy,1,35.11,71.49,2.036,482.4,621.6,-22.4,35.2,249.0,0,1
Uttar Pradesh,Jowar,Rabi,Sandy,1,14.32,39.25,2.74,755.1,985.2,-23.35,26.3,238.4,0,1
Haryana,Sugarcane,Zaid,Sandy,1,17.04,63.13,3.705,868.9,938.6,-7.42,26.6,139.2,1,0
Tamil Nadu,Wheat,Zaid,Red,3,27.57,68.07,2.469,1302.2,1012.7,28.59,22.4,385.9,0,0
Madhya Pradesh,Bajra,Rabi,Black,4,5.57,13.26,2.381,1343.3,770.7,74.3,37.0,382.5,0,0
Uttar Pradesh,Jowar,Kharif,Alluvial,5,32.31,172.77,5.347,482.3,709.1,-31.99,30.6,51.5,1,1
Madhya Pradesh,Soybean,Rabi,Black,4,16.59,28.63,1.725,724.4,837.6,-13.51,19.3,168.2,1,0
Karnataka,Pulses,Zaid,Sandy,1,31.82,110.65,3.477,849.9,874.5,-2.81,35.0,65.9,0,0
Karnataka,Groundnut,Kharif,Black,4,41.78,240.84,5.764,939.1,1027.8,-8.63,30.3,347.6,1,0
Madhya Pradesh,Bajra,Kharif,Sandy,1,8.97,37.0,4.125,850.2,945.5,-10.08,27.4,360.3,0,0
Tamil Nadu,Groundnut,Kharif,Sandy,1,46.58,213.61,4.586,563.0,872.4,-35.47,30.0,231.4,1,1
Uttar Pradesh,Maize,Rabi,Laterite,2,26.77,84.49,3.156,551.9,830.9,-33.57,32.8,343.9,0,1
Haryana,Soybean,Rabi,Laterite,2,46.18,50.79,1.1,414.7,852.3,-51.34,21.5,296.2,1,1
Punjab,Groundnut,Zaid,Black,4,10.78,45.62,4.231,294.9,790.9,-62.72,23.7,224.9,0,1
Maharashtra,Wheat,Kharif,Alluvial,5,30.43,126.56,4.16,409.0,951.8,-57.03,25.8,177.3,0,1
Karnataka,Maize,Kharif,Black,4,20.49,31.81,1.552,1090.4,632.2,72.48,18.6,143.2,1,0
Andhra Pradesh,Cotton,Rabi,Alluvial,5,38.82,128.54,3.311,977.6,851.3,14.83,30.4,140.8,1,0
Tamil Nadu,Pulses,Zaid,Black,4,30.49,170.05,5.577,938.3,1006.6,-6.79,24.3,246.7,1,0
Maharashtra,Soybean,Zaid,Red,3,24.98,50.59,2.025,744.3,679.6,9.52,23.7,108.4,1,0
Haryana,Rice,Kharif,Red,3,45.69,151.04,3.305,789.6,1141.7,-30.84,22.1,111.2,1,1
Rajasthan,Bajra,Rabi,Alluvial,5,19.17,63.36,3.306,732.8,688.4,6.45,25.8,53.6,1,0
Punjab,Sugarcane,Kharif,Laterite,2,11.39,57.56,5.054,403.3,774.3,-47.92,26.9,264.7,1,1
Karnataka,Groundnut,Rabi,Alluvial,5,30.6,156.77,5.123,961.9,1003.9,-4.18,32.0,398.0,0,0
Punjab,Bajra,Zaid,Black,4,31.39,150.55,4.796,1013.2,1067.8,-5.12,32.1,361.2,1,0
Maharashtra,Bajra,Kharif,Sandy,1,22.24,62.86,2.827,512.4,903.6,-43.29,19.2,297.0,1,1
Punjab,Rice,Kharif,Red,3,24.59,33.44,1.36,512.2,899.7,-43.07,28.8,324.9,1,1
Rajasthan,Rice,Kharif,Sandy,1,48.0,131.87,2.747,887.9,1118.2,-20.59,33.4,195.9,1,1
Maharashtra,Maize,Zaid,Red,3,36.77,161.74,4.399,885.7,644.8,37.37,24.7,154.3,1,0
Karnataka,Soybean,Kharif,Black,4,5.97,26.97,4.514,983.2,591.3,66.28,25.0,179.0,1,0
Uttar Pradesh,Wheat,Zaid,Red,3,11.0,64.08,5.825,1153.4,561.3,105.47,23.6,78.5,0,0
Andhra Pradesh,Pulses,Rabi,Alluvial,5,48.79,159.46,3.268,535.5,722.3,-25.86,29.2,271.8,1,1
Maharashtra,Rice,Zaid,Sandy,1,36.46,151.75,4.162,779.5,742.6,4.97,27.7,111.2,0,0
West Bengal,Rice,Rabi,Sandy,1,45.79,169.26,3.696,549.9,907.1,-39.38,31.9,317.0,0,1
Rajasthan,Sugarcane,Zaid,Black,4,15.54,27.25,1.753,567.9,1001.2,-43.28,25.3,116.5,0,1
Maharashtra,Cotton,Zaid,Sandy,1,37.22,123.06,3.306,692.6,986.3,-29.78,33.6,129.8,1,1
Maharashtra,Rice,Kharif,Black,4,35.84,133.49,3.724,1160.1,981.9,18.15,29.6,385.1,0,0
West Bengal,Cotton,Zaid,Laterite,2,15.09,86.81,5.754,1076.2,706.3,52.37,33.1,86.9,0,0
Karnataka,Maize,Kharif,Alluvial,5,27.77,78.65,2.833,781.3,907.7,-13.93,22.4,224.6,1,0
Maharashtra,Wheat,Rabi,Red,3,31.56,186.2,5.9,261.0,739.9,-64.73,35.4,71.9,1,1
Andhra Pradesh,Bajra,Rabi,Red,3,24.32,90.25,3.712,898.2,940.1,-4.46,22.7,81.6,1,0
Punjab,Rice,Kharif,Red,3,41.45,91.69,2.212,892.4,856.4,4.21,22.9,271.7,0,0
Karnataka,Groundnut,Rabi,Laterite,2,41.73,81.71,1.958,566.6,982.7,-42.34,23.6,270.8,0,1
Andhra Pradesh,Cotton,Zaid,Alluvial,5,42.6,72.79,1.708,1007.7,1206.4,-16.48,23.0,117.6,0,1
Karnataka,Sugarcane,Kharif,Sandy,1,40.27,131.47,3.265,561.8,845.1,-33.52,37.4,355.4,1,1
Andhra Pradesh,Pulses,Kharif,Sandy,1,24.66,27.36,1.11,1006.9,684.5,47.11,29.1,295.8,0,1
Rajasthan,Sugarcane,Kharif,Alluvial,5,19.38,62.51,3.225,860.3,605.3,42.12,29.0,155.2,0,0
Andhra Pradesh,Rice,Rabi,Alluvial,5,41.65,247.5,5.942,435.0,715.5,-39.2,14.7,136.9,1,1
Madhya Pradesh,Soybean,Rabi,Red,3,24.76,107.74,4.351,709.6,1010.0,-29.74,33.7,314.0,1,1
Andhra Pradesh,Bajra,Zaid,Sandy,1,12.7,60.92,4.799,836.2,922.7,-9.38,19.8,306.8,0,0
Uttar Pradesh,Wheat,Zaid,Alluvial,5,25.61,40.85,1.595,875.0,884.5,-1.07,25.8,102.1,1,0
Uttar Pradesh,Groundnut,Kharif,Sandy,1,7.52,25.31,3.366,1058.3,907.2,16.65,21.8,172.2,0,0
Tamil Nadu,Soybean,Zaid,Alluvial,5,34.74,84.45,2.431,1089.4,957.9,13.73,27.4,125.8,0,0
Madhya Pradesh,Sugarcane,Rabi,Black,4,17.13,93.7,5.47,740.3,616.4,20.1,35.2,153.0,0,0
Madhya Pradesh,Cotton,Zaid,Red,3,13.4,25.55,1.906,939.8,997.9,-5.82,20.2,150.6,1,0
Punjab,Cotton,Rabi,Alluvial,5,47.85,157.59,3.294,1202.0,908.4,32.32,21.7,391.6,1,0
Madhya Pradesh,Soybean,Zaid,Laterite,2,38.96,153.49,3.94,545.3,633.9,-13.97,26.8,312.6,1,0
Punjab,Cotton,Rabi,Alluvial,5,39.46,140.88,3.57,648.0,900.3,-28.02,35.4,323.0,1,1
Tamil Nadu,Sugarcane,Rabi,Black,4,31.37,161.62,5.151,386.2,654.6,-41.0,23.5,147.1,1,1
Tamil Nadu,Soybean,Zaid,Laterite,2,42.04,90.69,2.157,642.1,926.5,-30.69,21.7,50.2,0,1
Rajasthan,Sugarcane,Zaid,Laterite,2,38.08,109.93,2.887,851.4,868.0,-1.91,27.0,70.4,1,0
Uttar Pradesh,Groundnut,Rabi,Alluvial,5,30.14,149.5,4.96,271.0,698.6,-61.21,26.0,243.5,1,1
Andhra Pradesh,Bajra,Kharif,Black,4,48.08,175.01,3.64,909.3,912.0,-0.3,19.9,149.9,1,0
Andhra Pradesh,Pulses,Zaid,Laterite,2,9.98,30.06,3.011,681.9,971.4,-29.8,23.6,117.5,0,1
West Bengal,Groundnut,Rabi,Red,3,47.2,54.15,1.147,784.3,764.0,2.66,14.2,67.4,1,0
West Bengal,Groundnut,Zaid,Red,3,20.37,97.11,4.767,507.8,967.3,-47.51,25.8,356.6,1,1
Haryana,Cotton,Zaid,Sandy,1,26.66,156.23,5.861,774.4,808.2,-4.18,18.5,260.0,1,0
Karnataka,Rice,Zaid,Sandy,1,6.58,26.97,4.101,1219.8,981.1,24.32,40.8,87.6,1,0
Rajasthan,Jowar,Zaid,Black,4,27.24,143.88,5.283,700.0,835.6,-16.22,29.3,318.2,1,0
Haryana,Cotton,Zaid,Laterite,2,30.75,110.24,3.584,246.8,1026.0,-75.95,27.5,314.5,1,1
Haryana,Rice,Kharif,Red,3,49.89,107.67,2.158,1103.4,713.0,54.77,29.2,151.3,1,0
Maharashtra,Sugarcane,Kharif,Red,3,48.77,52.29,1.072,935.6,717.3,30.43,23.1,115.9,1,0
Maharashtra,Jowar,Kharif,Black,4,48.34,206.25,4.267,823.5,731.8,12.53,25.1,334.9,1,0
Haryana,Cotton,Rabi,Laterite,2,17.75,61.5,3.466,942.0,869.0,8.4,29.0,165.3,1,0
Madhya Pradesh,Jowar,Kharif,Black,4,49.57,243.4,4.91,820.6,827.2,-0.79,20.1,346.6,1,0
Karnataka,Jowar,Kharif,Alluvial,5,23.05,103.1,4.473,1210.8,893.0,35.59,30.1,65.3,0,0
Rajasthan,Maize,Rabi,Red,3,42.67,253.43,5.94,988.0,675.4,46.29,38.6,224.8,0,0
Haryana,Bajra,Kharif,Black,4,11.21,39.81,3.552,685.9,742.4,-7.61,17.1,112.9,1,0
Andhra Pradesh,Maize,Zaid,Black,4,25.54,80.09,3.136,1173.0,1040.6,12.72,29.2,285.2,0,0
Karnataka,Rice,Kharif,Alluvial,5,48.32,117.59,2.434,1255.0,905.7,38.56,21.1,399.0,0,0
Maharashtra,Wheat,Kharif,Sandy,1,47.38,160.34,3.384,1027.6,943.5,8.91,30.1,194.4,1,0
Andhra Pradesh,Soybean,Kharif,Red,3,34.34,184.24,5.364,901.7,811.7,11.09,28.0,85.1,0,0
Maharashtra,Pulses,Zaid,Black,4,39.99,48.48,1.212,586.5,894.2,-34.42,37.3,161.2,1,1
Maharashtra,Wheat,Zaid,Red,3,9.23,54.38,5.89,971.4,778.8,24.74,36.2,362.0,1,0
Karnataka,Soybean,Zaid,Sandy,1,36.22,216.12,5.967,897.0,572.5,56.69,17.3,318.0,0,0
Maharashtra,Rice,Zaid,Black,4,31.09,124.04,3.989,793.3,1005.3,-21.09,30.6,131.3,1,1
Tamil Nadu,Rice,Rabi,Alluvial,5,5.03,13.37,2.658,974.8,877.3,11.11,30.5,383.8,1,0
Uttar Pradesh,Sugarcane,Zaid,Red,3,6.1,12.91,2.115,821.8,740.2,11.02,33.1,267.8,1,0
Tamil Nadu,Pulses,Zaid,Alluvial,5,5.87,13.98,2.382,937.2,850.2,10.23,28.8,108.8,0,0
Uttar Pradesh,Bajra,Zaid,Sandy,1,36.36,45.46,1.251,1059.0,780.1,35.75,29.6,250.3,1,1
West Bengal,Jowar,Zaid,Sandy,1,7.51,25.37,3.376,467.2,1074.8,-56.53,19.8,207.9,1,1
West Bengal,Maize,Rabi,Red,3,23.65,30.43,1.287,543.8,950.7,-42.8,28.5,336.9,0,1
Maharashtra,Maize,Kharif,Sandy,1,18.17,83.45,4.592,571.9,677.8,-15.62,24.7,170.5,1,0
Rajasthan,Rice,Kharif,Laterite,2,27.75,79.36,2.86,1285.0,657.5,95.44,30.1,356.2,1,0
Rajasthan,Maize,Zaid,Red,3,35.47,70.83,1.997,958.4,887.6,7.98,25.4,334.2,1,0
Uttar Pradesh,Rice,Zaid,Laterite,2,34.39,128.09,3.724,981.7,870.2,12.81,28.7,286.1,1,0
Andhra Pradesh,Jowar,Zaid,Sandy,1,26.02,152.7,5.869,1082.4,927.7,16.67,29.7,140.5,1,0
Karnataka,Rice,Kharif,Red,3,23.48,105.11,4.476,538.3,828.5,-35.02,29.8,389.6,0,1
Maharashtra,Sugarcane,Kharif,Laterite,2,20.19,69.84,3.459,290.4,752.9,-61.43,21.5,242.0,0,1
Karnataka,Bajra,Zaid,Sandy,1,43.16,210.84,4.885,784.3,926.4,-15.34,40.5,367.6,0,0
Tamil Nadu,Groundnut,Kharif,Black,4,16.88,79.11,4.687,1024.4,939.1,9.08,27.5,125.5,0,0
Rajasthan,Cotton,Rabi,Black,4,13.34,72.81,5.459,750.6,1038.6,-27.73,29.8,394.2,1,1
Madhya Pradesh,Bajra,Zaid,Alluvial,5,37.29,75.46,2.023,457.5,960.2,-52.35,26.4,335.6,0,1
Tamil Nadu,Bajra,Zaid,Black,4,18.31,96.93,5.294,573.7,724.5,-20.81,19.4,382.2,1,1
Tamil Nadu,Wheat,Rabi,Laterite,2,42.43,106.28,2.505,505.2,888.5,-43.14,30.7,124.3,1,1
Uttar Pradesh,Pulses,Rabi,Black,4,16.73,95.45,5.705,646.9,807.1,-19.85,27.6,200.7,1,0
Punjab,Pulses,Kharif,Red,3,35.25,84.78,2.405,510.2,708.2,-27.97,31.3,84.2,1,1
Tamil Nadu,Soybean,Rabi,Red,3,2.73,15.4,5.634,836.7,581.7,43.84,22.0,97.9,0,0
Maharashtra,Cotton,Zaid,Red,3,19.59,113.97,5.819,663.1,1187.2,-44.14,24.0,149.4,1,1
Haryana,Jowar,Kharif,Black,4,17.49,30.21,1.727,958.4,766.2,25.09,27.6,383.1,1,0
Haryana,Groundnut,Rabi,Black,4,40.93,240.34,5.872,555.9,831.1,-33.11,26.3,283.5,0,1
Maharashtra,Groundnut,Kharif,Alluvial,5,48.37,69.1,1.429,863.8,883.0,-2.17,24.3,160.1,0,1
Punjab,Pulses,Kharif,Sandy,1,23.31,48.79,2.093,790.6,866.8,-8.79,27.6,384.1,1,0
Punjab,Bajra,Kharif,Alluvial,5,41.33,133.12,3.221,899.0,471.8,90.56,34.6,308.9,1,0
Uttar Pradesh,Sugarcane,Kharif,Laterite,2,35.13,209.68,5.968,934.2,825.1,13.21,28.7,367.4,1,0
Rajasthan,Soybean,Rabi,Red,3,48.39,166.58,3.443,960.9,1115.7,-13.87,33.0,374.5,1,0
Karnataka,Rice,Zaid,Black,4,40.65,152.52,3.752,1007.7,818.2,23.16,25.0,312.8,1,0
Punjab,Soybean,Zaid,Sandy,1,4.34,19.39,4.472,935.6,1095.3,-14.58,26.3,135.1,0,0
Madhya Pradesh,Wheat,Rabi,Sandy,1,35.81,209.17,5.841,874.5,854.7,2.31,27.5,398.8,1,0
Uttar Pradesh,Soybean,Zaid,Black,4,27.01,132.79,4.917,633.3,797.3,-20.57,23.3,163.8,1,1
West Bengal,Bajra,Kharif,Alluvial,5,1.31,2.79,2.121,1012.7,871.7,16.18,27.5,285.1,1,0
Andhra Pradesh,Jowar,Kharif,Sandy,1,12.94,32.54,2.515,625.8,855.6,-26.86,35.4,345.7,1,1
West Bengal,Bajra,Kharif,Alluvial,5,46.13,68.64,1.488,727.0,852.3,-14.7,36.5,111.3,0,1
Uttar Pradesh,Pulses,Rabi,Black,4,46.34,195.66,4.222,584.6,762.7,-23.35,34.3,263.2,0,1
Tamil Nadu,Jowar,Kharif,Alluvial,5,40.04,76.23,1.904,579.4,645.4,-10.23,27.8,181.3,1,0
Karnataka,Maize,Kharif,Red,3,49.1,112.29,2.287,720.7,934.2,-22.85,21.7,135.5,0,1
Andhra Pradesh,Jowar,Rabi,Black,4,40.42,219.93,5.441,741.7,864.2,-14.17,40.7,54.1,1,0
West Bengal,Soybean,Kharif,Black,4,1.01,2.65,2.634,596.6,1099.7,-45.75,22.9,355.2,1,1
Andhra Pradesh,Soybean,Kharif,Sandy,1,14.75,56.53,3.833,805.5,845.0,-4.68,35.1,97.6,0,0
Madhya Pradesh,Soybean,Zaid,Sandy,1,2.02,6.02,2.988,839.2,622.9,34.72,28.2,357.3,1,0
Madhya Pradesh,Maize,Rabi,Sandy,1,5.16,7.07,1.37,663.8,898.4,-26.11,19.8,260.2,1,1
Madhya Pradesh,Pulses,Kharif,Red,3,11.33,31.89,2.814,1372.4,861.4,59.33,17.1,267.4,0,0
Uttar Pradesh,Rice,Kharif,Red,3,25.43,77.3,3.04,883.2,785.4,12.45,34.3,340.0,1,0
Karnataka,Cotton,Kharif,Laterite,2,42.45,232.58,5.479,829.6,942.8,-12.01,22.6,228.3,1,0
Uttar Pradesh,Pulses,Kharif,Black,4,43.17,113.2,2.622,631.0,924.6,-31.76,18.4,175.0,1,1
Haryana,Soybean,Zaid,Sandy,1,31.0,89.79,2.896,834.5,670.5,24.46,24.4,98.6,1,0
Tamil Nadu,Pulses,Zaid,Black,4,46.44,228.25,4.914,860.2,779.8,10.31,26.0,249.6,1,0
Tamil Nadu,Wheat,Zaid,Alluvial,5,25.25,121.08,4.795,799.1,1014.2,-21.2,28.2,243.6,0,1
Madhya Pradesh,Groundnut,Zaid,Red,3,44.51,222.15,4.991,1154.7,703.0,64.24,27.9,152.9,1,0
Haryana,Groundnut,Rabi,Laterite,2,22.98,132.55,5.769,374.6,824.1,-54.54,21.6,260.0,1,1
Punjab,Cotton,Kharif,Alluvial,5,14.22,70.8,4.978,704.9,884.1,-20.27,26.0,203.8,1,1
Punjab,Cotton,Zaid,Black,4,45.86,139.33,3.038,978.5,676.9,44.55,36.3,331.9,0,0
Madhya Pradesh,Rice,Kharif,Red,3,19.7,100.63,5.108,575.8,835.2,-31.06,19.7,245.8,0,1
West Bengal,Wheat,Rabi,Sandy,1,25.42,90.07,3.543,413.3,830.3,-50.22,28.8,376.8,1,1
Uttar Pradesh,Bajra,Kharif,Alluvial,5,16.78,40.08,2.389,670.3,801.5,-16.37,19.7,231.3,0,0
Madhya Pradesh,Pulses,Kharif,Red,3,33.31,83.76,2.515,1061.0,620.4,71.01,23.5,360.6,1,0
Rajasthan,Jowar,Zaid,Black,4,49.75,105.44,2.119,581.8,850.0,-31.55,32.8,232.2,1,1
Andhra Pradesh,Jowar,Zaid,Black,4,1.76,3.04,1.725,710.9,757.2,-6.12,13.8,245.3,1,0
Tamil Nadu,Bajra,Rabi,Alluvial,5,45.04,86.59,1.922,905.4,1009.9,-10.35,38.6,178.4,0,1
Punjab,Groundnut,Kharif,Alluvial,5,0.69,0.91,1.316,655.2,912.4,-28.19,18.2,190.1,0,1
Maharashtra,Bajra,Zaid,Alluvial,5,18.53,100.84,5.442,690.0,733.4,-5.92,13.9,376.6,0,0
Punjab,Pulses,Zaid,Laterite,2,8.85,50.02,5.655,637.0,790.7,-19.44,26.1,128.1,1,0
Tamil Nadu,Wheat,Zaid,Sandy,1,37.99,149.44,3.934,658.1,868.8,-24.25,23.4,92.5,1,1
Andhra Pradesh,Soybean,Rabi,Red,3,3.01,15.63,5.202,509.3,790.4,-35.57,22.3,340.6,0,1
Tamil Nadu,Maize,Kharif,Black,4,27.9,53.5,1.918,735.7,622.7,18.14,29.8,251.9,1,0
Maharashtra,Soybean,Zaid,Black,4,15.1,83.17,5.508,1066.1,893.9,19.27,20.4,149.6,0,0
Madhya Pradesh,Maize,Kharif,Sandy,1,7.12,25.13,3.532,1195.7,928.9,28.72,29.4,201.3,1,0
Haryana,Jowar,Rabi,Alluvial,5,38.71,51.7,1.336,1112.5,961.1,15.74,31.0,233.7,1,0
Maharashtra,Cotton,Kharif,Alluvial,5,11.26,19.22,1.707,834.4,990.8,-15.78,17.8,257.2,0,1
Tamil Nadu,Pulses,Zaid,Black,4,11.57,29.45,2.545,1214.7,725.7,67.37,32.2,337.4,1,0
Tamil Nadu,Soybean,Kharif,Sandy,1,14.12,17.19,1.218,1375.7,967.7,42.16,30.6,188.0,1,1
Rajasthan,Bajra,Kharif,Black,4,29.54,75.24,2.546,845.3,678.7,24.54,35.3,286.8,0,0
Rajasthan,Wheat,Rabi,Alluvial,5,33.15,43.09,1.3,552.4,903.6,-38.87,26.0,342.2,0,1
Karnataka,Wheat,Rabi,Red,3,1.37,2.99,2.18,1128.0,743.7,51.67,21.0,345.3,0,0
Rajasthan,Groundnut,Kharif,Alluvial,5,12.47,29.04,2.328,499.1,912.7,-45.32,33.5,139.0,1,1
Uttar Pradesh,Wheat,Kharif,Red,3,21.83,130.38,5.972,578.4,623.8,-7.29,26.3,172.6,1,0
Haryana,Wheat,Kharif,Laterite,2,16.93,36.88,2.178,279.4,931.4,-70.01,36.9,258.2,0,1
Andhra Pradesh,Cotton,Rabi,Sandy,1,44.27,97.21,2.196,981.9,732.0,34.13,30.3,360.0,1,0
Maharashtra,Bajra,Rabi,Laterite,2,39.49,175.1,4.434,221.1,922.4,-76.03,25.8,326.7,0,1
Tamil Nadu,Jowar,Kharif,Alluvial,5,31.48,166.75,5.297,1048.2,905.9,15.71,20.7,254.4,0,0
Karnataka,Wheat,Rabi,Sandy,1,17.23,50.58,2.935,1252.4,907.8,37.95,25.4,394.3,1,0
Karnataka,Jowar,Zaid,Alluvial,5,35.18,189.22,5.378,1231.9,857.1,43.73,31.6,203.6,1,0
Andhra Pradesh,Cotton,Rabi,Sandy,1,42.26,114.13,2.701,483.5,674.9,-28.36,17.0,344.9,0,1
Haryana,Wheat,Rabi,Sandy,1,29.94,59.44,1.985,334.1,1073.5,-68.88,23.6,336.4,1,1
Maharashtra,Pulses,Rabi,Alluvial,5,39.33,104.16,2.648,639.4,830.5,-23.01,16.3,367.8,0,1
Punjab,Groundnut,Zaid,Alluvial,5,37.58,152.08,4.047,1019.8,830.1,22.85,19.8,395.7,1,0
Rajasthan,Soybean,Zaid,Sandy,1,28.8,81.67,2.836,1100.9,1057.7,4.09,22.3,223.5,1,0
Madhya Pradesh,Pulses,Zaid,Sandy,1,15.95,69.63,4.364,966.1,716.7,34.81,24.4,118.5,0,0
Karnataka,Sugarcane,Kharif,Alluvial,5,37.42,81.74,2.185,932.0,842.9,10.57,28.1,211.3,1,0
Rajasthan,Rice,Kharif,Alluvial,5,10.74,48.37,4.505,1390.3,875.5,58.8,30.2,348.9,0,0
Rajasthan,Wheat,Zaid,Black,4,39.08,106.98,2.737,680.5,815.2,-16.53,34.3,342.6,0,0
Uttar Pradesh,Jowar,Kharif,Black,4,40.33,132.24,3.279,605.5,891.0,-32.04,35.6,167.6,0,1
Haryana,Rice,Kharif,Black,4,41.2,156.08,3.789,502.7,762.8,-34.1,33.1,66.6,0,1
Madhya Pradesh,Maize,Kharif,Laterite,2,23.91,105.95,4.431,908.2,839.8,8.15,23.7,228.4,0,0
Punjab,Wheat,Zaid,Sandy,1,10.03,22.0,2.194,755.1,869.7,-13.17,27.4,215.9,1,0
Tamil Nadu,Sugarcane,Rabi,Red,3,5.44,28.16,5.18,1006.2,1055.1,-4.63,22.6,80.0,0,0
Uttar Pradesh,Cotton,Zaid,Laterite,2,37.3,171.91,4.609,687.4,1098.4,-37.42,27.5,328.2,0,1
Rajasthan,Groundnut,Zaid,Sandy,1,44.37,96.3,2.17,957.2,875.4,9.34,25.0,149.3,1,0
Rajasthan,Sugarcane,Kharif,Red,3,32.72,192.21,5.875,704.0,1029.9,-31.64,19.1,276.0,1,1
West Bengal,Jowar,Kharif,Black,4,7.64,33.02,4.324,759.3,741.2,2.44,34.7,85.5,0,0
Madhya Pradesh,Cotton,Rabi,Red,3,46.78,152.59,3.262,783.0,1187.7,-34.07,36.2,351.2,1,1
Madhya Pradesh,Soybean,Rabi,Alluvial,5,49.46,88.42,1.788,374.9,813.3,-53.9,21.5,308.7,1,1
West Bengal,Cotton,Rabi,Alluvial,5,21.95,80.48,3.666,765.0,845.1,-9.48,29.1,185.9,0,0
Madhya Pradesh,Wheat,Rabi,Sandy,1,29.94,54.61,1.824,940.5,929.8,1.15,21.7,270.3,0,1
Rajasthan,Rice,Zaid,Laterite,2,38.97,122.67,3.147,553.0,977.9,-43.45,25.5,115.6,1,1
Karnataka,Rice,Rabi,Black,4,36.95,112.46,3.044,1277.5,824.3,54.99,22.8,394.9,1,0
Maharashtra,Jowar,Zaid,Sandy,1,48.41,222.65,4.6,801.2,548.8,46.0,22.2,328.6,1,0
Rajasthan,Cotton,Kharif,Black,4,6.19,12.14,1.962,643.3,948.4,-32.17,27.1,326.1,1,1
Uttar Pradesh,Sugarcane,Rabi,Alluvial,5,29.25,149.43,5.109,635.7,713.5,-10.9,15.1,103.7,1,0
Haryana,Jowar,Kharif,Laterite,2,34.75,91.42,2.631,1142.6,966.1,18.27,22.9,56.2,1,0
West Bengal,Groundnut,Kharif,Laterite,2,44.56,143.48,3.22,593.8,962.8,-38.33,45.0,254.9,1,1
Punjab,Jowar,Zaid,Alluvial,5,43.77,212.79,4.862,874.5,878.9,-0.5,16.8,100.4,1,0
Tamil Nadu,Jowar,Rabi,Red,3,48.91,201.85,4.127,1020.8,985.6,3.56,23.7,323.2,0,0
Punjab,Soybean,Zaid,Laterite,2,25.85,65.66,2.54,938.6,776.5,20.88,27.7,195.6,1,0
Rajasthan,Pulses,Kharif,Red,3,41.62,122.0,2.931,659.3,1056.2,-37.58,24.9,168.5,1,1
Uttar Pradesh,Wheat,Rabi,Black,4,21.65,54.75,2.529,1009.8,874.4,15.48,21.4,75.8,0,0
Rajasthan,Soybean,Kharif,Laterite,2,21.4,85.06,3.974,838.9,822.2,2.04,31.8,398.6,1,0
Haryana,Rice,Kharif,Alluvial,5,13.04,34.73,2.663,370.0,1021.2,-63.77,26.9,384.6,1,1
Karnataka,Rice,Rabi,Red,3,41.0,189.78,4.628,1105.8,750.2,47.4,22.3,96.1,1,0
Tamil Nadu,Maize,Rabi,Black,4,49.3,192.21,3.899,646.6,534.3,21.02,31.1,166.5,1,0
Haryana,Maize,Rabi,Black,4,13.19,22.8,1.729,756.1,662.9,14.07,22.8,186.8,0,1
West Bengal,Sugarcane,Zaid,Laterite,2,3.28,8.36,2.551,877.4,1065.3,-17.64,20.8,153.9,0,0
West Bengal,Rice,Zaid,Laterite,2,40.87,86.12,2.107,667.0,887.5,-24.84,29.5,377.1,0,1
Rajasthan,Pulses,Kharif,Sandy,1,31.2,92.09,2.952,989.2,875.5,12.99,18.2,302.5,1,0
Uttar Pradesh,Soybean,Rabi,Sandy,1,48.01,171.85,3.58,524.0,986.6,-46.88,36.5,384.6,1,1
Haryana,Groundnut,Kharif,Laterite,2,12.99,45.89,3.534,656.4,894.3,-26.6,35.1,356.1,1,1
Andhra Pradesh,Pulses,Kharif,Sandy,1,4.02,19.17,4.773,1106.4,808.7,36.81,29.3,314.1,1,0
Uttar Pradesh,Maize,Kharif,Alluvial,5,24.88,48.4,1.946,806.3,784.2,2.82,22.5,293.9,0,1
Karnataka,Cotton,Kharif,Alluvial,5,4.73,27.12,5.732,535.8,673.7,-20.47,19.6,353.2,0,1
West Bengal,Pulses,Kharif,Sandy,1,13.46,36.53,2.714,819.7,690.0,18.8,10.6,289.5,1,0
Rajasthan,Pulses,Rabi,Laterite,2,6.74,16.85,2.501,900.4,876.2,2.76,35.7,116.1,1,0
Madhya Pradesh,Pulses,Zaid,Alluvial,5,11.59,51.32,4.426,403.5,826.6,-51.19,20.2,276.8,1,1
West Bengal,Pulses,Rabi,Black,4,5.75,28.93,5.028,1213.6,923.2,31.45,28.1,230.3,1,0
Tamil Nadu,Pulses,Rabi,Laterite,2,47.72,138.02,2.892,1247.4,837.1,49.0,27.2,393.7,1,0
Maharashtra,Maize,Rabi,Red,3,14.29,67.65,4.734,830.0,690.4,20.22,16.0,228.5,1,0
Madhya Pradesh,Rice,Zaid,Red,3,22.47,121.77,5.419,750.0,886.8,-15.43,22.4,63.5,0,0
Rajasthan,Jowar,Zaid,Laterite,2,44.98,217.44,4.834,805.7,877.8,-8.21,19.2,142.5,1,0
Andhra Pradesh,Pulses,Zaid,Sandy,1,34.03,39.85,1.171,1023.3,852.6,20.02,30.8,371.1,1,1
Madhya Pradesh,Pulses,Rabi,Alluvial,5,31.09,159.72,5.137,913.2,873.6,4.53,31.0,386.8,0,0
Tamil Nadu,Wheat,Zaid,Alluvial,5,35.43,172.61,4.872,859.8,1144.9,-24.9,24.5,305.0,1,1
Uttar Pradesh,Rice,Kharif,Laterite,2,41.53,180.49,4.346,1145.6,671.2,70.67,20.9,69.9,0,0
Andhra Pradesh,Jowar,Zaid,Black,4,43.94,210.94,4.8,1082.7,706.4,53.27,27.1,58.2,1,0
West Bengal,Groundnut,Rabi,Sandy,1,32.31,190.54,5.897,560.0,594.7,-5.83,32.6,217.9,1,0
Andhra Pradesh,Groundnut,Rabi,Black,4,44.56,140.6,3.156,1021.8,863.9,18.29,17.1,399.9,1,0
Haryana,Cotton,Kharif,Laterite,2,27.0,36.08,1.336,1087.9,559.6,94.41,38.7,354.3,0,1
Tamil Nadu,Bajra,Zaid,Laterite,2,14.23,47.01,3.304,869.6,883.6,-1.59,24.5,376.6,1,0
Madhya Pradesh,Soybean,Zaid,Black,4,44.06,54.29,1.232,949.8,841.6,12.86,25.3,268.2,0,1
Haryana,Wheat,Kharif,Red,3,27.3,67.47,2.471,723.1,763.9,-5.34,35.6,350.7,0,0
Andhra Pradesh,Rice,Rabi,Laterite,2,45.35,178.44,3.934,498.9,920.8,-45.82,25.7,161.9,0,1
Haryana,Rice,Rabi,Sandy,1,2.49,6.34,2.548,1271.8,894.5,42.18,25.4,59.6,0,0
Punjab,Bajra,Zaid,Black,4,20.18,89.32,4.427,465.1,1090.8,-57.36,20.5,371.4,1,1
Tamil Nadu,Cotton,Zaid,Red,3,47.42,242.29,5.11,1220.3,942.0,29.55,22.5,126.5,1,0
Karnataka,Sugarcane,Zaid,Black,4,12.86,39.89,3.102,783.7,840.5,-6.76,21.8,305.0,0,0
Uttar Pradesh,Maize,Zaid,Red,3,47.11,259.12,5.501,1111.9,507.8,118.95,15.4,280.6,1,0
Andhra Pradesh,Cotton,Zaid,Red,3,47.72,66.77,1.399,805.7,989.4,-18.57,13.5,105.4,0,1
Tamil Nadu,Jowar,Rabi,Sandy,1,44.17,229.69,5.201,1034.4,990.7,4.41,24.6,118.5,0,0
Karnataka,Cotton,Rabi,Laterite,2,28.4,146.07,5.143,912.2,1048.5,-13.0,17.7,165.2,0,0
Karnataka,Bajra,Rabi,Red,3,32.52,84.89,2.61,632.7,506.8,24.82,29.9,314.9,1,0
Rajasthan,Bajra,Rabi,Laterite,2,43.55,108.59,2.494,833.5,880.8,-5.36,24.7,63.7,1,0
Haryana,Soybean,Kharif,Sandy,1,38.91,98.26,2.525,764.3,948.8,-19.45,16.4,192.5,0,0
Karnataka,Wheat,Rabi,Laterite,2,31.69,160.25,5.057,960.7,1030.2,-6.74,35.1,282.8,0,0
Punjab,Pulses,Kharif,Alluvial,5,49.12,253.38,5.158,835.4,940.3,-11.16,23.4,110.0,1,0
Tamil Nadu,Groundnut,Rabi,Red,3,34.44,91.22,2.649,871.5,859.1,1.45,29.1,91.8,1,0
Maharashtra,Bajra,Zaid,Sandy,1,48.79,193.34,3.963,543.5,697.2,-22.05,35.9,186.6,1,1
Maharashtra,Soybean,Zaid,Black,4,3.34,5.66,1.695,480.5,832.4,-42.28,25.8,150.3,1,1
Andhra Pradesh,Maize,Zaid,Sandy,1,7.38,24.67,3.344,817.7,908.3,-9.98,26.1,277.2,1,0
West Bengal,Groundnut,Kharif,Red,3,22.85,136.95,5.994,845.4,967.4,-12.61,34.6,389.3,1,0
Haryana,Sugarcane,Rabi,Sandy,1,19.55,35.08,1.794,537.1,612.1,-12.25,24.2,51.6,1,1
West Bengal,Rice,Rabi,Black,4,39.25,225.18,5.738,942.9,894.3,5.43,32.4,365.8,0,0
Karnataka,Maize,Kharif,Alluvial,5,8.45,43.28,5.121,953.8,629.1,51.61,25.6,201.6,0,0
Tamil Nadu,Sugarcane,Kharif,Red,3,48.82,286.12,5.861,839.0,889.9,-5.71,27.0,282.4,1,0
Andhra Pradesh,Groundnut,Kharif,Red,3,16.1,30.55,1.898,803.9,677.9,18.59,26.9,347.9,1,0
Madhya Pradesh,Maize,Kharif,Sandy,1,21.73,44.93,2.068,483.1,633.5,-23.74,23.8,250.7,0,1
Karnataka,Soybean,Kharif,Laterite,2,14.1,15.29,1.084,478.9,1121.6,-57.3,22.8,84.1,1,1
Haryana,Sugarcane,Zaid,Laterite,2,29.18,134.91,4.624,898.7,642.7,39.83,22.1,99.2,0,0
Maharashtra,Rice,Rabi,Black,4,3.4,14.36,4.22,593.0,754.5,-21.41,18.2,326.2,0,1
Rajasthan,Pulses,Kharif,Alluvial,5,7.91,14.95,1.89,610.6,846.9,-27.91,23.3,130.2,0,1
Tamil Nadu,Soybean,Zaid,Alluvial,5,37.42,185.43,4.956,869.7,537.6,61.76,24.4,249.2,0,0
Uttar Pradesh,Jowar,Kharif,Sandy,1,9.73,24.29,2.496,1309.4,967.8,35.3,28.4,199.8,1,0
West Bengal,Rice,Zaid,Sandy,1,12.16,20.36,1.675,700.6,744.9,-5.94,25.4,156.3,0,1
Andhra Pradesh,Wheat,Kharif,Laterite,2,39.75,123.74,3.113,1312.7,697.0,88.34,32.5,325.4,1,0
West Bengal,Cotton,Rabi,Alluvial,5,5.12,7.45,1.455,780.9,988.7,-21.01,32.2,305.9,0,1
Tamil Nadu,Wheat,Kharif,Alluvial,5,22.15,51.32,2.316,941.0,649.6,44.85,34.1,276.1,1,0
West Bengal,Bajra,Kharif,Alluvial,5,1.64,4.69,2.857,1039.9,917.1,13.39,24.8,180.4,0,0
Tamil Nadu,Pulses,Rabi,Black,4,17.67,92.92,5.259,1058.1,853.5,23.97,22.9,129.3,0,0
West Bengal,Jowar,Rabi,Black,4,35.1,174.19,4.963,884.8,858.6,3.05,17.8,230.6,1,0
Punjab,Jowar,Kharif,Sandy,1,4.96,15.94,3.214,742.6,841.5,-11.76,33.9,336.0,1,0
Madhya Pradesh,Cotton,Rabi,Laterite,2,44.47,205.59,4.623,1007.0,869.3,15.84,19.1,251.5,1,0
Karnataka,Sugarcane,Rabi,Red,3,45.52,174.95,3.843,906.0,508.4,78.19,20.6,389.5,0,0
Karnataka,Cotton,Zaid,Laterite,2,5.7,15.41,2.704,691.0,718.9,-3.87,27.4,55.4,1,0
Haryana,Bajra,Rabi,Black,4,49.54,229.34,4.629,1152.3,713.0,61.61,24.1,399.4,0,0
Uttar Pradesh,Wheat,Rabi,Black,4,15.23,67.27,4.417,914.3,1016.1,-10.02,34.7,292.0,1,0
Uttar Pradesh,Jowar,Kharif,Sandy,1,4.66,19.1,4.095,612.7,873.8,-29.88,21.4,341.4,0,1
Haryana,Wheat,Kharif,Red,3,0.75,3.07,4.09,583.5,851.7,-31.49,26.2,167.2,1,1
Rajasthan,Rice,Zaid,Alluvial,5,20.72,91.49,4.415,1289.7,1128.3,14.3,14.9,227.9,1,0
Karnataka,Pulses,Kharif,Red,3,31.68,92.58,2.923,676.8,546.3,23.89,33.4,328.9,1,0
Rajasthan,Maize,Rabi,Red,3,16.94,90.57,5.345,988.2,1062.2,-6.96,15.9,316.2,1,0
Tamil Nadu,Bajra,Rabi,Red,3,41.92,75.94,1.812,894.2,851.8,4.98,40.9,166.9,1,0
Tamil Nadu,Maize,Rabi,Sandy,1,35.97,194.95,5.419,979.7,736.7,32.99,25.3,163.5,1,0
Maharashtra,Bajra,Kharif,Black,4,17.83,48.35,2.711,1278.0,769.9,66.0,24.3,282.0,1,0
West Bengal,Groundnut,Rabi,Alluvial,5,36.85,59.88,1.625,1049.3,775.3,35.35,25.8,376.8,0,1
Uttar Pradesh,Pulses,Rabi,Red,3,47.05,188.22,4.0,1008.9,1075.0,-6.15,19.6,203.6,0,0
Maharashtra,Rice,Zaid,Alluvial,5,5.11,14.71,2.88,750.8,885.9,-15.25,29.9,173.5,1,0
Madhya Pradesh,Pulses,Zaid,Red,3,15.65,79.47,5.077,633.9,953.0,-33.49,23.5,363.1,1,1
Haryana,Sugarcane,Zaid,Black,4,23.43,73.91,3.154,1404.9,738.7,90.19,24.1,289.1,1,0
Haryana,Bajra,Kharif,Alluvial,5,25.15,109.22,4.343,789.5,866.7,-8.9,33.7,185.9,0,0
Tamil Nadu,Maize,Rabi,Laterite,2,27.34,69.48,2.541,773.3,986.4,-21.6,15.7,70.0,1,1
Karnataka,Bajra,Rabi,Black,4,15.38,31.49,2.047,872.2,1018.9,-14.4,24.8,302.5,0,0
Rajasthan,Sugarcane,Rabi,Alluvial,5,33.53,98.58,2.94,847.9,649.0,30.63,25.3,173.5,1,0
Uttar Pradesh,Bajra,Zaid,Red,3,32.43,130.83,4.034,1198.2,971.3,23.36,26.8,74.7,0,0
Maharashtra,Pulses,Rabi,Red,3,29.1,124.7,4.285,934.9,828.1,12.89,22.7,264.3,0,0
Rajasthan,Soybean,Rabi,Black,4,6.13,23.86,3.891,472.5,904.8,-47.78,24.1,163.1,0,1
Maharashtra,Bajra,Rabi,Black,4,24.11,143.22,5.94,635.1,770.8,-17.61,37.1,168.5,1,0
West Bengal,Groundnut,Rabi,Red,3,18.13,80.79,4.455,802.7,1078.9,-25.6,29.0,217.7,1,1
Madhya Pradesh,Groundnut,Rabi,Alluvial,5,24.81,140.34,5.658,1056.4,889.0,18.83,21.3,301.1,0,0
Madhya Pradesh,Jowar,Kharif,Laterite,2,46.13,73.34,1.59,419.9,761.8,-44.88,29.9,146.7,1,1
Rajasthan,Groundnut,Rabi,Sandy,1,24.29,31.74,1.307,923.5,776.7,18.9,26.3,78.3,1,1
Rajasthan,Bajra,Kharif,Black,4,1.19,3.05,2.555,982.8,978.9,0.4,30.5,198.5,1,0
Rajasthan,Bajra,Rabi,Red,3,22.22,37.4,1.683,1020.6,958.2,6.51,24.8,69.2,1,0
Maharashtra,Soybean,Kharif,Alluvial,5,41.12,149.25,3.629,780.0,862.1,-9.52,21.2,294.0,0,0
West Bengal,Groundnut,Rabi,Black,4,39.11,140.61,3.595,1062.3,792.0,34.13,16.0,385.7,0,0
Punjab,Wheat,Rabi,Alluvial,5,25.91,100.42,3.875,596.2,993.3,-39.97,32.9,280.6,0,1
Rajasthan,Bajra,Rabi,Black,4,12.86,60.8,4.726,1036.4,771.1,34.41,30.1,146.4,1,0
Karnataka,Rice,Rabi,Red,3,23.52,137.76,5.857,784.6,763.5,2.76,28.1,113.6,1,0
Uttar Pradesh,Rice,Zaid,Alluvial,5,28.4,153.13,5.391,810.7,1228.9,-34.03,29.9,131.5,0,1
Uttar Pradesh,Maize,Rabi,Red,3,49.99,79.58,1.592,807.9,906.8,-10.9,33.4,127.6,1,0
Maharashtra,Soybean,Kharif,Alluvial,5,32.39,87.2,2.693,962.5,837.7,14.91,15.9,159.8,1,0
Rajasthan,Sugarcane,Zaid,Black,4,34.87,79.46,2.279,523.8,783.4,-33.13,26.5,84.1,1,1
Tamil Nadu,Wheat,Zaid,Sandy,1,24.83,46.78,1.884,1021.3,818.5,24.79,15.1,363.5,1,1
Haryana,Bajra,Rabi,Sandy,1,18.05,67.2,3.724,1017.7,1037.2,-1.88,23.6,359.8,1,0
Punjab,Pulses,Kharif,Laterite,2,40.74,153.44,3.766,724.6,974.3,-25.62,28.0,265.3,1,1
Karnataka,Cotton,Kharif,Laterite,2,25.0,53.4,2.136,800.6,752.7,6.37,23.9,71.7,1,0
West Bengal,Cotton,Zaid,Red,3,49.74,226.78,4.559,585.1,800.5,-26.9,36.6,331.4,0,1
Tamil Nadu,Sugarcane,Kharif,Alluvial,5,23.13,107.88,4.665,509.9,652.7,-21.88,24.3,71.6,1,1
Madhya Pradesh,Jowar,Rabi,Laterite,2,3.87,4.27,1.105,849.4,889.5,-4.51,21.4,87.2,0,1
Tamil Nadu,Pulses,Rabi,Black,4,34.29,102.14,2.979,851.0,400.0,112.74,26.2,163.9,1,0
Maharashtra,Cotton,Rabi,Sandy,1,2.81,15.31,5.451,715.7,618.8,15.66,19.8,201.0,1,0
Punjab,Sugarcane,Rabi,Alluvial,5,12.9,46.46,3.602,487.6,863.8,-43.56,20.7,173.9,0,1
Andhra Pradesh,Cotton,Rabi,Sandy,1,18.01,49.31,2.738,914.3,456.3,100.36,31.6,107.8,0,0
Andhra Pradesh,Soybean,Zaid,Alluvial,5,37.1,84.17,2.268,709.7,1192.6,-40.49,31.9,89.2,0,1
Rajasthan,Maize,Rabi,Laterite,2,24.96,55.34,2.217,612.7,717.0,-14.55,26.9,350.8,0,0
Rajasthan,Jowar,Rabi,Laterite,2,1.92,2.87,1.499,1119.0,922.6,21.29,29.7,177.1,1,1
Maharashtra,Soybean,Zaid,Red,3,31.03,157.84,5.086,556.2,1040.2,-46.53,38.5,126.5,1,1
West Bengal,Pulses,Zaid,Alluvial,5,20.87,29.91,1.433,940.5,890.3,5.64,25.6,220.4,0,1
Rajasthan,Sugarcane,Zaid,Black,4,46.13,113.55,2.461,425.1,849.2,-49.94,20.8,62.9,0,1
Haryana,Wheat,Kharif,Laterite,2,25.23,30.99,1.228,440.9,764.8,-42.35,29.2,260.1,1,1
Punjab,Pulses,Kharif,Red,3,35.59,174.66,4.907,920.7,652.3,41.14,31.0,137.0,0,0
Maharashtra,Pulses,Rabi,Laterite,2,11.33,13.56,1.196,716.0,778.7,-8.05,31.6,259.4,0,1
Uttar Pradesh,Groundnut,Rabi,Sandy,1,38.17,97.0,2.542,507.8,865.5,-41.33,32.9,264.9,1,1
Madhya Pradesh,Wheat,Rabi,Laterite,2,36.19,139.92,3.866,1037.5,846.1,22.62,32.0,333.2,1,0
Maharashtra,Rice,Kharif,Alluvial,5,45.25,137.92,3.048,892.8,706.8,26.33,29.1,130.5,1,0
Maharashtra,Groundnut,Rabi,Red,3,2.17,5.24,2.411,268.0,1009.5,-73.45,29.8,212.2,0,1
Andhra Pradesh,Sugarcane,Rabi,Alluvial,5,22.65,53.82,2.376,1039.9,635.4,63.65,28.5,386.7,0,0
Karnataka,Rice,Kharif,Black,4,34.12,170.21,4.989,534.0,939.2,-43.14,16.5,304.5,1,1
West Bengal,Cotton,Zaid,Black,4,5.21,30.59,5.87,373.0,977.6,-61.84,15.7,391.4,0,1
Karnataka,Cotton,Kharif,Laterite,2,20.82,57.06,2.74,594.9,885.7,-32.84,19.7,374.6,1,1
Haryana,Pulses,Rabi,Red,3,47.14,56.36,1.196,789.5,1099.6,-28.2,30.9,263.8,1,1
Uttar Pradesh,Groundnut,Kharif,Red,3,22.08,26.12,1.183,819.3,910.8,-10.04,23.4,142.4,0,1
Andhra Pradesh,Bajra,Zaid,Red,3,49.28,236.34,4.796,391.3,1056.8,-62.98,26.8,314.9,0,1
Uttar Pradesh,Wheat,Zaid,Red,3,3.31,12.47,3.762,446.7,450.0,-0.72,35.4,294.3,1,0
Haryana,Rice,Zaid,Laterite,2,36.03,177.21,4.918,609.8,990.7,-38.45,32.5,256.1,1,1
Karnataka,Wheat,Zaid,Alluvial,5,29.26,131.31,4.487,625.7,937.9,-33.28,13.0,294.2,1,1
Maharashtra,Groundnut,Zaid,Laterite,2,25.28,139.97,5.538,990.4,930.2,6.47,30.4,264.8,1,0
Rajasthan,Pulses,Zaid,Alluvial,5,48.56,263.62,5.429,696.7,942.6,-26.09,26.3,231.8,1,1
Rajasthan,Soybean,Rabi,Sandy,1,6.92,34.18,4.942,985.7,777.8,26.72,22.1,195.6,0,0
Tamil Nadu,Cotton,Rabi,Sandy,1,44.85,151.42,3.376,1074.0,963.8,11.43,24.0,65.6,1,0
Madhya Pradesh,Rice,Kharif,Alluvial,5,34.72,88.2,2.541,938.9,1117.2,-15.96,24.1,353.0,1,0
West Bengal,Rice,Rabi,Laterite,2,13.32,47.09,3.535,100.0,568.3,-82.4,18.1,352.9,0,1
Haryana,Sugarcane,Zaid,Black,4,45.13,158.43,3.51,724.0,1028.5,-29.61,27.5,257.9,0,1
Madhya Pradesh,Rice,Rabi,Laterite,2,21.75,88.12,4.051,758.4,830.7,-8.7,39.1,143.8,1,0
West Bengal,Groundnut,Kharif,Black,4,40.8,78.77,1.93,786.4,751.1,4.7,32.1,59.8,1,0
Madhya Pradesh,Rice,Zaid,Laterite,2,19.75,84.48,4.278,279.5,668.4,-58.19,13.8,50.5,1,1
Karnataka,Rice,Rabi,Red,3,42.62,139.93,3.283,609.0,907.0,-32.86,27.7,75.5,1,1
West Bengal,Wheat,Rabi,Red,3,32.01,131.29,4.101,459.4,1087.4,-57.75,27.7,176.0,1,1
Karnataka,Pulses,Kharif,Sandy,1,7.48,16.45,2.198,568.4,791.7,-28.21,20.0,115.9,1,1
Maharashtra,Maize,Zaid,Sandy,1,32.66,103.59,3.172,735.3,950.0,-22.6,18.7,142.8,1,1
Andhra Pradesh,Rice,Kharif,Alluvial,5,9.97,20.45,2.051,614.6,848.4,-27.56,31.4,294.9,0,1
Karnataka,Bajra,Zaid,Black,4,20.89,112.32,5.377,586.7,603.5,-2.77,26.6,385.7,0,0
Rajasthan,Pulses,Zaid,Red,3,8.93,30.72,3.44,750.5,823.1,-8.82,23.1,122.4,1,0
Madhya Pradesh,Jowar,Rabi,Laterite,2,1.59,3.38,2.125,676.9,750.3,-9.78,29.6,213.0,1,0
Tamil Nadu,Sugarcane,Kharif,Alluvial,5,10.99,13.25,1.206,849.9,698.0,21.77,38.7,397.0,1,0
Punjab,Wheat,Kharif,Laterite,2,27.05,118.45,4.379,695.0,785.5,-11.51,27.5,376.1,1,0
West Bengal,Sugarcane,Kharif,Red,3,24.34,50.46,2.073,408.1,802.2,-49.13,27.7,173.3,1,1
Haryana,Soybean,Zaid,Red,3,25.32,150.63,5.948,542.2,1001.0,-45.83,25.9,161.9,0,1
Tamil Nadu,Rice,Kharif,Red,3,12.76,46.81,3.669,718.0,853.5,-15.88,23.6,134.8,1,0
Rajasthan,Cotton,Zaid,Red,3,34.42,84.14,2.445,688.0,639.3,7.62,30.9,104.4,0,0
Karnataka,Bajra,Kharif,Laterite,2,35.36,151.64,4.288,446.6,1031.0,-56.68,24.8,211.0,1,1
Andhra Pradesh,Wheat,Kharif,Alluvial,5,18.22,43.29,2.376,969.1,907.8,6.76,29.0,169.4,0,0
Maharashtra,Sugarcane,Rabi,Red,3,44.12,225.06,5.101,878.1,892.1,-1.58,35.0,310.7,0,0
Punjab,Rice,Kharif,Sandy,1,32.38,82.28,2.541,649.8,981.0,-33.76,30.5,132.9,1,1
Uttar Pradesh,Cotton,Rabi,Alluvial,5,35.8,212.67,5.941,759.1,846.8,-10.36,18.4,307.7,0,0
Tamil Nadu,Cotton,Rabi,Sandy,1,14.23,57.28,4.026,532.0,769.5,-30.86,18.0,150.9,1,1
Andhra Pradesh,Soybean,Zaid,Laterite,2,0.53,2.77,5.222,1013.3,902.0,12.34,33.5,257.5,1,0
Uttar Pradesh,Pulses,Kharif,Red,3,43.34,59.11,1.364,1317.2,943.4,39.62,25.3,273.5,1,0
Punjab,Bajra,Kharif,Alluvial,5,41.21,112.98,2.741,638.9,907.2,-29.58,27.6,285.1,0,1
Haryana,Maize,Kharif,Red,3,6.6,30.93,4.687,1106.0,971.7,13.82,21.2,111.4,0,0
Haryana,Bajra,Rabi,Red,3,19.02,81.31,4.275,584.8,865.1,-32.4,29.7,148.9,1,1
Madhya Pradesh,Soybean,Kharif,Alluvial,5,33.24,65.52,1.971,667.0,700.7,-4.8,37.3,136.1,0,1
Punjab,Groundnut,Zaid,Red,3,32.78,91.16,2.781,1158.4,755.6,53.31,26.9,251.7,1,0
Punjab,Pulses,Zaid,Red,3,43.09,99.84,2.317,770.0,1055.9,-27.07,29.9,76.5,0,1
Uttar Pradesh,Wheat,Kharif,Black,4,7.44,30.27,4.067,971.7,854.9,13.67,33.5,231.4,1,0
Andhra Pradesh,Pulses,Rabi,Black,4,21.78,59.31,2.723,732.6,680.9,7.6,36.1,80.6,0,0
West Bengal,Soybean,Zaid,Alluvial,5,5.31,13.52,2.545,349.3,666.7,-47.61,21.9,168.0,1,1
Uttar Pradesh,Soybean,Zaid,Alluvial,5,19.78,40.3,2.037,1384.4,649.2,113.25,28.5,290.3,1,0
Maharashtra,Wheat,Rabi,Red,3,1.25,3.8,3.045,745.8,973.6,-23.4,33.7,194.4,1,1
Haryana,Wheat,Zaid,Sandy,1,44.96,88.92,1.978,839.0,896.5,-6.41,35.3,148.1,1,1
Haryana,Wheat,Rabi,Alluvial,5,26.59,154.56,5.813,616.9,1126.7,-45.25,23.5,265.6,0,1
Madhya Pradesh,Pulses,Zaid,Red,3,42.57,75.45,1.773,995.0,936.4,6.26,22.0,309.1,1,0
Maharashtra,Rice,Rabi,Sandy,1,3.47,19.29,5.567,976.6,945.4,3.3,25.1,139.1,1,0
Haryana,Sugarcane,Zaid,Black,4,11.76,36.95,3.142,410.7,1148.5,-64.24,24.1,154.8,0,1
Uttar Pradesh,Jowar,Kharif,Alluvial,5,13.34,38.54,2.889,842.8,704.7,19.6,24.3,274.1,0,0
Maharashtra,Wheat,Zaid,Red,3,19.64,42.36,2.157,1019.3,625.0,63.09,28.5,387.8,0,0
Uttar Pradesh,Sugarcane,Zaid,Black,4,40.24,168.16,4.179,1100.1,932.9,17.92,22.8,124.9,0,0
West Bengal,Jowar,Kharif,Laterite,2,19.63,86.94,4.428,961.6,813.4,18.22,35.4,279.0,1,0
West Bengal,Pulses,Kharif,Black,4,10.63,35.48,3.338,983.6,894.6,9.94,23.6,367.3,0,0
Haryana,Sugarcane,Kharif,Red,3,3.72,4.75,1.279,665.0,1033.7,-35.67,22.4,211.7,0,1
Haryana,Wheat,Kharif,Sandy,1,4.43,24.8,5.593,492.7,964.2,-48.9,19.0,160.9,1,1
Andhra Pradesh,Maize,Rabi,Laterite,2,38.12,224.98,5.902,722.3,1077.5,-32.97,33.5,283.4,1,1
West Bengal,Soybean,Rabi,Laterite,2,22.52,71.05,3.155,487.1,713.8,-31.76,18.2,61.0,0,1
Tamil Nadu,Sugarcane,Zaid,Laterite,2,36.45,148.27,4.068,615.2,984.6,-37.51,28.7,176.1,0,1
Tamil Nadu,Cotton,Zaid,Alluvial,5,34.27,111.44,3.251,611.5,734.1,-16.7,30.2,140.3,0,0
Madhya Pradesh,Cotton,Zaid,Red,3,7.2,18.79,2.609,564.8,1100.3,-48.67,10.0,128.6,1,1
West Bengal,Sugarcane,Rabi,Laterite,2,7.57,10.5,1.387,933.1,917.2,1.73,18.1,112.9,0,1
Uttar Pradesh,Wheat,Zaid,Black,4,37.89,124.29,3.28,546.8,926.0,-40.95,23.7,308.0,1,1
Uttar Pradesh,Bajra,Zaid,Sandy,1,36.2,184.34,5.092,1258.9,762.7,65.06,37.4,384.3,1,0
Rajasthan,Wheat,Rabi,Red,3,19.21,20.85,1.085,1047.3,770.3,35.96,23.7,184.7,1,0
Maharashtra,Pulses,Zaid,Black,4,4.33,16.94,3.911,1097.4,910.8,20.49,23.0,67.2,1,0
Karnataka,Wheat,Rabi,Alluvial,5,1.1,5.94,5.404,627.7,1112.2,-43.56,21.5,301.6,1,1
Tamil Nadu,Pulses,Rabi,Laterite,2,14.76,30.82,2.088,850.1,1087.4,-21.82,21.4,238.4,1,1
Haryana,Bajra,Kharif,Black,4,0.96,1.83,1.916,539.3,903.8,-40.33,22.2,303.3,0,1
Madhya Pradesh,Maize,Kharif,Red,3,11.89,57.8,4.861,854.3,786.8,8.58,22.0,276.8,1,0
Karnataka,Pulses,Rabi,Black,4,21.27,48.39,2.275,358.1,935.9,-61.74,21.7,366.9,0,1
Punjab,Groundnut,Rabi,Alluvial,5,6.51,12.76,1.96,1065.6,1038.2,2.64,21.7,99.2,1,0
Madhya Pradesh,Cotton,Kharif,Sandy,1,5.66,16.36,2.89,638.8,881.8,-27.56,23.7,109.2,1,1
Punjab,Soybean,Zaid,Laterite,2,44.87,132.94,2.963,875.7,791.9,10.58,31.7,169.5,1,0
West Bengal,Cotton,Zaid,Red,3,29.48,158.33,5.371,922.1,951.9,-3.13,19.3,222.0,1,0
Punjab,Pulses,Zaid,Laterite,2,46.76,191.33,4.092,661.5,814.0,-18.74,22.1,374.0,1,0
Punjab,Groundnut,Rabi,Laterite,2,17.62,53.38,3.03,600.4,796.7,-24.64,22.9,367.4,0,1
Andhra Pradesh,Rice,Kharif,Laterite,2,34.02,124.91,3.672,769.9,841.6,-8.51,26.0,355.2,1,0
Andhra Pradesh,Maize,Zaid,Black,4,10.63,61.35,5.77,1000.7,950.0,5.34,21.4,127.9,1,0
Andhra Pradesh,Maize,Kharif,Black,4,31.11,48.72,1.566,763.3,816.6,-6.54,38.5,305.4,1,0
West Bengal,Rice,Kharif,Sandy,1,6.91,14.1,2.039,950.7,844.4,12.59,29.5,184.2,0,0
Karnataka,Soybean,Rabi,Alluvial,5,0.6,3.5,5.813,998.5,871.5,14.57,31.8,375.9,1,0
Madhya Pradesh,Bajra,Zaid,Red,3,46.61,269.72,5.787,751.9,792.7,-5.15,27.4,125.1,0,0
Madhya Pradesh,Jowar,Kharif,Black,4,27.97,52.74,1.886,771.8,1082.4,-28.69,34.4,99.4,1,1
Haryana,Groundnut,Rabi,Laterite,2,46.38,80.04,1.726,834.7,1126.4,-25.9,19.1,344.8,0,1
Andhra Pradesh,Pulses,Rabi,Alluvial,5,17.02,52.87,3.105,1085.6,804.6,34.93,22.7,300.9,1,0
West Bengal,Jowar,Rabi,Red,3,16.73,20.88,1.249,714.2,730.4,-2.22,21.1,337.5,0,1
Haryana,Soybean,Zaid,Red,3,20.33,86.91,4.275,1084.4,780.4,38.96,25.0,105.3,1,0
Maharashtra,Bajra,Zaid,Red,3,35.45,49.18,1.387,863.8,916.9,-5.79,35.5,359.7,1,0
Haryana,Maize,Rabi,Red,3,28.51,36.78,1.29,615.8,837.1,-26.43,39.2,287.2,1,1
Karnataka,Pulses,Zaid,Sandy,1,46.31,158.64,3.426,789.5,658.2,19.95,31.7,278.0,1,0
Tamil Nadu,Pulses,Zaid,Red,3,1.76,10.18,5.789,519.8,826.6,-37.11,25.4,253.9,1,1
Punjab,Bajra,Kharif,Alluvial,5,35.56,111.43,3.134,463.5,911.1,-49.13,32.7,317.7,0,1
Andhra Pradesh,Cotton,Rabi,Black,4,16.85,46.89,2.782,951.7,997.7,-4.61,34.9,195.5,0,0
Tamil Nadu,Groundnut,Rabi,Alluvial,5,9.42,56.43,5.99,999.4,1113.5,-10.25,33.1,96.5,1,0
Haryana,Bajra,Zaid,Laterite,2,25.76,94.29,3.66,791.7,782.8,1.14,25.2,238.7,1,0
West Bengal,Wheat,Rabi,Sandy,1,25.5,73.35,2.876,811.9,756.5,7.33,25.4,311.8,0,0
Punjab,Wheat,Rabi,Sandy,1,7.28,21.33,2.929,655.8,812.4,-19.28,22.1,103.8,0,0
Madhya Pradesh,Bajra,Rabi,Laterite,2,10.49,20.72,1.975,842.5,708.2,18.96,24.5,128.4,1,1
Uttar Pradesh,Maize,Zaid,Alluvial,5,20.7,73.73,3.561,1295.4,745.0,73.88,21.2,293.8,1,0
Punjab,Bajra,Zaid,Alluvial,5,20.74,66.24,3.194,1052.4,745.9,41.1,25.6,144.4,1,0
Karnataka,Sugarcane,Zaid,Laterite,2,16.22,38.18,2.354,781.0,899.0,-13.13,25.9,109.5,0,0
Karnataka,Soybean,Kharif,Red,3,7.85,14.16,1.803,759.2,725.1,4.71,20.8,361.3,1,0
Haryana,Wheat,Rabi,Red,3,0.72,1.83,2.556,705.9,973.7,-27.5,42.1,106.3,1,1
Maharashtra,Jowar,Kharif,Black,4,48.53,171.95,3.543,447.2,1022.4,-56.26,27.8,170.5,0,1
Karnataka,Bajra,Zaid,Alluvial,5,47.2,60.97,1.292,679.3,681.1,-0.27,33.8,200.0,1,0
Karnataka,Wheat,Kharif,Alluvial,5,24.44,43.23,1.769,968.6,654.3,48.04,33.2,216.6,1,0
West Bengal,Soybean,Rabi,Laterite,2,49.76,285.51,5.738,567.0,769.6,-26.33,37.7,176.5,1,1
Haryana,Soybean,Rabi,Laterite,2,33.85,125.71,3.714,730.0,789.8,-7.57,20.6,369.4,1,0
Punjab,Jowar,Zaid,Red,3,3.91,5.15,1.317,520.5,1039.9,-49.95,22.7,280.5,1,1
Maharashtra,Pulses,Zaid,Alluvial,5,6.33,28.25,4.465,996.4,842.4,18.27,15.1,175.8,0,0
Tamil Nadu,Sugarcane,Kharif,Alluvial,5,45.85,60.02,1.309,481.7,913.0,-47.24,16.3,175.2,0,1
Uttar Pradesh,Bajra,Zaid,Sandy,1,31.69,148.75,4.694,948.2,912.7,3.89,19.9,226.0,0,0
Andhra Pradesh,Rice,Kharif,Black,4,42.24,200.62,4.75,1057.2,717.9,47.25,25.1,61.8,1,0
Madhya Pradesh,Bajra,Rabi,Black,4,44.96,191.34,4.255,719.2,812.4,-11.48,25.4,374.3,0,0
Karnataka,Pulses,Rabi,Red,3,22.67,105.68,4.661,628.3,848.1,-25.92,45.0,128.2,1,1
Haryana,Groundnut,Rabi,Alluvial,5,2.9,4.18,1.44,918.8,906.6,1.34,29.0,294.2,1,0
Andhra Pradesh,Cotton,Rabi,Sandy,1,9.82,45.5,4.634,1200.6,634.9,89.11,31.8,322.2,1,0
Madhya Pradesh,Maize,Rabi,Alluvial,5,3.8,6.39,1.683,1135.4,760.8,49.24,26.9,339.6,1,0
Madhya Pradesh,Pulses,Kharif,Laterite,2,9.84,26.55,2.698,781.6,851.7,-8.24,18.1,108.0,0,0
Tamil Nadu,Soybean,Rabi,Red,3,20.82,118.97,5.714,579.2,784.1,-26.13,27.8,237.8,0,1
Tamil Nadu,Rice,Kharif,Black,4,6.35,22.32,3.514,742.0,639.7,15.99,16.3,79.3,1,0
Tamil Nadu,Maize,Rabi,Alluvial,5,8.75,51.09,5.837,377.5,741.6,-49.1,24.9,331.7,1,1
Rajasthan,Wheat,Kharif,Red,3,22.57,32.6,1.445,661.1,641.1,3.11,29.9,220.3,0,1
Rajasthan,Bajra,Kharif,Black,4,17.34,58.74,3.388,912.6,1057.1,-13.67,22.5,105.5,0,0
Madhya Pradesh,Maize,Kharif,Alluvial,5,23.65,31.03,1.312,708.1,802.1,-11.72,27.2,301.5,1,0
Tamil Nadu,Wheat,Zaid,Sandy,1,21.74,90.26,4.151,649.9,840.2,-22.65,22.4,165.9,1,1
West Bengal,Cotton,Kharif,Red,3,32.4,45.15,1.394,786.1,703.2,11.8,19.4,90.1,0,1
Karnataka,Wheat,Kharif,Alluvial,5,46.89,88.01,1.877,732.7,884.6,-17.18,28.9,211.4,1,0
Andhra Pradesh,Rice,Rabi,Black,4,5.84,13.4,2.294,988.9,954.3,3.63,32.3,132.3,1,0
Andhra Pradesh,Soybean,Kharif,Black,4,5.41,25.68,4.744,468.3,712.6,-34.28,32.3,382.6,1,1
Rajasthan,Pulses,Kharif,Sandy,1,42.71,77.73,1.82,931.6,715.9,30.12,24.6,176.5,0,1
Madhya Pradesh,Jowar,Zaid,Red,3,25.57,133.79,5.233,788.5,775.7,1.65,12.9,250.4,1,0
Haryana,Pulses,Rabi,Red,3,38.44,63.79,1.66,908.6,640.0,41.97,26.5,381.9,0,1
Punjab,Pulses,Zaid,Alluvial,5,11.16,13.13,1.176,452.7,907.0,-50.09,33.6,187.8,1,1
Punjab,Wheat,Zaid,Black,4,41.53,123.56,2.975,1020.8,963.8,5.9,18.1,175.3,0,0
Rajasthan,Bajra,Zaid,Black,4,46.23,272.63,5.897,935.8,635.1,47.34,36.7,106.8,0,0
Haryana,Maize,Kharif,Sandy,1,31.96,49.59,1.552,1218.3,982.1,24.04,13.6,378.4,0,1
Rajasthan,Jowar,Zaid,Sandy,1,5.74,8.66,1.509,591.8,982.3,-39.75,28.4,330.3,0,1
Punjab,Jowar,Zaid,Red,3,44.82,213.14,4.756,653.8,423.9,54.23,31.0,127.4,1,0
Haryana,Maize,Rabi,Black,4,39.73,101.74,2.561,354.0,684.4,-48.29,34.8,166.4,0,1
Tamil Nadu,Maize,Rabi,Alluvial,5,37.67,172.76,4.586,594.1,759.0,-21.73,28.8,370.2,1,1
Madhya Pradesh,Soybean,Rabi,Laterite,2,2.32,4.64,2.0,1158.6,935.3,23.88,24.0,238.0,1,0
Andhra Pradesh,Rice,Rabi,Alluvial,5,40.05,132.17,3.3,873.8,915.7,-4.58,27.0,244.7,1,0
West Bengal,Cotton,Zaid,Sandy,1,7.33,17.05,2.326,618.4,711.3,-13.05,21.9,276.9,1,0
Maharashtra,Rice,Rabi,Alluvial,5,11.51,37.49,3.258,833.3,1093.7,-23.81,14.1,316.8,1,1
Madhya Pradesh,Maize,Kharif,Black,4,29.07,140.85,4.845,784.6,745.0,5.32,24.5,378.7,1,0
Tamil Nadu,Bajra,Zaid,Red,3,13.62,65.5,4.81,322.7,724.7,-55.47,28.9,330.8,1,1
Punjab,Sugarcane,Rabi,Laterite,2,33.24,118.95,3.579,368.0,675.9,-45.56,32.2,377.1,1,1
Tamil Nadu,Sugarcane,Zaid,Red,3,30.6,172.64,5.642,1076.7,823.2,30.79,23.1,337.2,1,0
Rajasthan,Cotton,Rabi,Laterite,2,5.85,13.57,2.319,984.2,985.6,-0.15,34.9,66.3,1,0
Haryana,Maize,Zaid,Laterite,2,32.97,72.59,2.202,428.9,714.8,-40.0,25.0,91.1,1,1
Andhra Pradesh,Sugarcane,Rabi,Black,4,46.24,188.13,4.069,768.3,881.3,-12.82,28.9,359.7,0,0
Karnataka,Cotton,Kharif,Black,4,8.47,34.8,4.106,621.1,880.5,-29.46,30.5,59.7,0,1
Rajasthan,Jowar,Rabi,Sandy,1,30.05,37.05,1.233,1072.2,845.3,26.85,26.3,328.0,0,1
Madhya Pradesh,Cotton,Zaid,Sandy,1,17.42,70.37,4.039,911.9,898.3,1.51,25.5,347.4,0,0
Rajasthan,Jowar,Zaid,Laterite,2,23.25,66.78,2.872,523.8,985.9,-46.87,35.3,195.4,1,1
Madhya Pradesh,Soybean,Kharif,Sandy,1,14.71,69.67,4.737,830.1,890.9,-6.83,15.8,174.2,0,0
Karnataka,Sugarcane,Zaid,Black,4,18.03,90.88,5.041,789.7,1007.0,-21.58,26.3,118.0,1,1
Uttar Pradesh,Cotton,Kharif,Sandy,1,1.93,7.26,3.761,790.4,685.0,15.39,15.0,67.1,1,0
Andhra Pradesh,Cotton,Zaid,Laterite,2,49.09,49.51,1.009,672.5,783.7,-14.19,15.2,310.9,1,1
West Bengal,Cotton,Zaid,Red,3,31.43,131.42,4.182,806.2,685.2,17.66,25.7,75.8,0,0
West Bengal,Bajra,Kharif,Alluvial,5,25.28,119.96,4.744,587.3,932.2,-37.0,22.8,380.6,0,1
Maharashtra,Cotton,Zaid,Sandy,1,19.49,43.76,2.245,503.0,1033.3,-51.32,38.5,153.9,1,1
Tamil Nadu,Bajra,Zaid,Black,4,27.2,90.39,3.323,488.4,803.6,-39.22,24.5,328.0,1,1
Uttar Pradesh,Pulses,Kharif,Red,3,19.32,112.58,5.829,537.7,892.2,-39.73,32.8,70.9,1,1
West Bengal,Soybean,Rabi,Black,4,18.32,45.62,2.491,905.6,625.8,44.7,26.3,237.7,0,0
Rajasthan,Pulses,Kharif,Sandy,1,23.47,49.65,2.116,912.4,853.2,6.93,18.8,172.2,0,0
Tamil Nadu,Groundnut,Zaid,Laterite,2,14.16,29.09,2.054,1165.1,599.0,94.5,15.4,60.5,1,0
Uttar Pradesh,Pulses,Rabi,Alluvial,5,9.41,35.71,3.794,742.9,859.1,-13.53,17.8,279.5,0,0
Haryana,Maize,Rabi,Alluvial,5,28.05,161.27,5.749,975.4,561.5,73.71,28.0,380.1,0,0
Haryana,Jowar,Rabi,Red,3,42.22,170.7,4.043,811.8,1104.2,-26.48,35.6,53.8,0,1
Tamil Nadu,Maize,Kharif,Alluvial,5,8.06,20.3,2.517,874.9,842.4,3.86,20.5,144.7,1,0
Madhya Pradesh,Rice,Rabi,Laterite,2,2.12,8.89,4.193,1002.1,836.5,19.79,31.0,296.3,1,0
Madhya Pradesh,Pulses,Rabi,Black,4,12.72,52.45,4.124,945.5,1136.3,-16.79,24.9,354.9,1,0
Rajasthan,Sugarcane,Rabi,Laterite,2,49.0,195.23,3.985,827.1,859.9,-3.81,19.6,116.8,0,0
Uttar Pradesh,Wheat,Zaid,Red,3,41.52,74.62,1.797,646.6,608.6,6.25,28.1,74.8,1,0
Uttar Pradesh,Pulses,Kharif,Red,3,30.0,125.17,4.173,868.9,785.4,10.64,35.5,53.0,0,0
Tamil Nadu,Soybean,Kharif,Alluvial,5,46.5,146.51,3.151,1141.1,1141.8,-0.06,25.5,125.3,0,0
Punjab,Pulses,Zaid,Laterite,2,22.54,24.64,1.093,843.8,715.7,17.9,31.0,75.0,1,1
Haryana,Bajra,Rabi,Black,4,49.17,181.88,3.699,701.2,783.9,-10.56,27.9,175.8,1,0
Uttar Pradesh,Rice,Zaid,Laterite,2,15.17,90.19,5.946,1005.4,1082.0,-7.08,27.9,204.0,1,0
Tamil Nadu,Cotton,Zaid,Black,4,12.4,34.07,2.749,453.7,734.3,-38.21,21.2,218.0,1,1
Karnataka,Rice,Rabi,Black,4,32.08,186.98,5.828,710.0,835.7,-15.04,28.9,99.8,0,0
Maharashtra,Rice,Rabi,Laterite,2,19.22,28.46,1.481,554.8,1052.6,-47.29,17.2,212.4,0,1
Karnataka,Jowar,Kharif,Sandy,1,31.51,146.88,4.662,769.6,763.9,0.75,28.2,53.2,1,0
Andhra Pradesh,Wheat,Rabi,Laterite,2,15.6,24.51,1.572,1111.6,730.2,52.23,34.2,133.8,1,1
Rajasthan,Rice,Zaid,Black,4,31.09,73.61,2.368,960.2,573.5,67.42,36.8,179.2,1,0
Uttar Pradesh,Jowar,Zaid,Red,3,14.15,54.53,3.854,333.0,684.6,-51.35,19.7,91.4,1,1
Andhra Pradesh,Cotton,Rabi,Red,3,3.02,11.98,3.964,645.3,717.5,-10.06,28.7,334.9,1,0
West Bengal,Maize,Kharif,Alluvial,5,45.65,222.6,4.876,425.2,795.5,-46.55,21.8,120.4,0,1
Andhra Pradesh,Cotton,Zaid,Red,3,44.22,180.26,4.077,1064.6,903.6,17.82,26.8,314.2,0,0
Tamil Nadu,Sugarcane,Rabi,Sandy,1,48.55,192.67,3.968,654.4,843.3,-22.4,37.5,215.9,1,1
Uttar Pradesh,Rice,Kharif,Black,4,35.97,200.05,5.562,819.0,665.3,23.1,31.3,217.9,1,0
Maharashtra,Rice,Kharif,Laterite,2,34.29,111.83,3.261,831.0,1054.1,-21.16,22.1,275.8,1,1
Tamil Nadu,Maize,Zaid,Laterite,2,28.17,59.9,2.126,851.5,684.7,24.36,21.7,65.5,1,0
Tamil Nadu,Soybean,Zaid,Sandy,1,6.73,12.18,1.809,100.0,1120.5,-91.08,26.1,77.6,1,1
Rajasthan,Rice,Kharif,Red,3,9.87,29.6,3.0,890.3,872.7,2.02,26.5,164.4,1,0
Rajasthan,Wheat,Kharif,Black,4,14.83,67.67,4.564,662.9,1006.8,-34.16,26.8,195.9,1,1
Haryana,Groundnut,Kharif,Red,3,44.56,54.04,1.213,1011.5,929.5,8.82,17.1,200.5,1,0
Haryana,Rice,Rabi,Alluvial,5,9.06,14.91,1.645,850.7,1075.9,-20.93,38.0,286.9,0,1
Madhya Pradesh,Groundnut,Zaid,Red,3,46.18,70.68,1.531,957.9,843.5,13.57,38.6,50.2,1,0
Punjab,Cotton,Kharif,Alluvial,5,26.38,103.57,3.926,618.0,810.0,-23.71,28.9,385.7,1,1
Uttar Pradesh,Pulses,Zaid,Laterite,2,35.92,79.54,2.214,517.8,895.7,-42.19,20.8,111.1,1,1
Uttar Pradesh,Soybean,Zaid,Black,4,5.96,10.91,1.831,1022.6,808.7,26.45,22.2,137.0,1,0
Andhra Pradesh,Jowar,Zaid,Alluvial,5,13.82,54.77,3.964,940.9,918.0,2.49,20.3,367.0,0,0
Uttar Pradesh,Bajra,Kharif,Red,3,47.95,230.46,4.807,855.6,1082.5,-20.96,19.8,51.9,1,1
Uttar Pradesh,Soybean,Rabi,Red,3,13.67,36.38,2.661,855.2,596.4,43.39,22.2,397.0,1,0
Punjab,Bajra,Kharif,Laterite,2,15.18,59.06,3.891,905.2,838.6,7.94,28.5,62.6,0,0
West Bengal,Cotton,Zaid,Sandy,1,10.28,15.33,1.491,476.9,1180.1,-59.58,26.8,92.2,1,1
Haryana,Soybean,Kharif,Sandy,1,6.89,39.1,5.676,1068.9,791.5,35.05,35.1,134.0,1,0
Haryana,Jowar,Kharif,Red,3,12.05,32.34,2.684,761.5,1002.1,-24.01,16.9,203.6,1,1
Maharashtra,Bajra,Zaid,Sandy,1,32.3,193.37,5.988,768.6,980.6,-21.62,20.7,231.5,1,1
Uttar Pradesh,Maize,Zaid,Black,4,23.04,135.78,5.893,695.5,634.3,9.64,14.0,86.7,0,0
Punjab,Wheat,Kharif,Sandy,1,27.91,136.6,4.894,182.6,894.5,-79.59,26.9,75.8,1,1
Haryana,Soybean,Kharif,Black,4,6.56,7.21,1.1,943.8,883.0,6.89,35.6,61.2,1,0
Punjab,Cotton,Kharif,Red,3,40.2,149.46,3.717,550.4,1327.4,-58.53,23.2,139.9,1,1
Karnataka,Rice,Kharif,Red,3,39.31,56.38,1.434,827.0,456.1,81.32,34.2,372.5,1,0
West Bengal,Jowar,Rabi,Red,3,1.57,8.59,5.476,594.9,606.9,-1.97,30.2,186.4,1,0
Uttar Pradesh,Bajra,Kharif,Laterite,2,19.48,96.41,4.948,714.1,815.7,-12.45,31.2,317.4,0,0
Maharashtra,Bajra,Rabi,Sandy,1,3.9,22.88,5.862,700.2,796.4,-12.07,29.5,116.6,1,0
Andhra Pradesh,Wheat,Zaid,Alluvial,5,39.71,160.5,4.042,589.2,717.5,-17.88,36.8,72.6,1,0
Haryana,Bajra,Rabi,Alluvial,5,36.99,133.58,3.611,743.5,727.0,2.27,24.8,244.0,1,0
Karnataka,Groundnut,Zaid,Red,3,45.15,162.3,3.595,679.8,952.6,-28.64,30.1,337.7,0,1
Punjab,Sugarcane,Rabi,Sandy,1,12.2,35.78,2.932,539.9,724.0,-25.43,37.1,364.5,1,1
Rajasthan,Groundnut,Zaid,Black,4,23.09,77.19,3.343,1093.2,768.8,42.19,19.9,241.2,0,0
Tamil Nadu,Bajra,Kharif,Alluvial,5,9.63,40.23,4.177,599.6,999.6,-40.01,24.7,152.9,1,1
Uttar Pradesh,Jowar,Rabi,Red,3,18.88,106.93,5.665,940.5,976.5,-3.68,29.4,88.3,1,0
Uttar Pradesh,Soybean,Rabi,Alluvial,5,26.35,104.86,3.979,967.1,778.4,24.24,20.8,283.7,0,0
Karnataka,Cotton,Zaid,Alluvial,5,3.14,16.6,5.286,1031.0,630.2,63.61,20.6,148.2,1,0
Punjab,Rice,Zaid,Alluvial,5,35.89,190.7,5.314,663.6,981.9,-32.41,38.2,345.4,1,1
Madhya Pradesh,Soybean,Rabi,Red,3,27.39,98.45,3.594,750.3,709.0,5.82,21.1,261.8,1,0
Uttar Pradesh,Maize,Zaid,Red,3,41.53,113.69,2.737,758.0,1043.8,-27.38,23.8,350.6,1,1
Madhya Pradesh,Soybean,Kharif,Laterite,2,13.95,58.57,4.198,931.8,912.9,2.07,27.3,248.3,1,0
Rajasthan,Soybean,Rabi,Laterite,2,45.21,146.01,3.229,739.4,821.0,-9.94,28.6,320.1,0,0
Karnataka,Cotton,Kharif,Laterite,2,49.94,70.27,1.407,914.6,915.8,-0.13,22.7,153.0,0,1
Punjab,Wheat,Rabi,Alluvial,5,46.01,132.91,2.889,736.1,557.2,32.1,24.8,226.1,1,0
Punjab,Bajra,Kharif,Sandy,1,39.01,232.88,5.97,1079.3,1072.0,0.68,20.0,56.8,1,0
West Bengal,Wheat,Rabi,Red,3,40.71,50.59,1.243,797.1,818.6,-2.63,22.7,262.7,0,1
Tamil Nadu,Maize,Zaid,Laterite,2,28.9,129.57,4.483,767.0,875.0,-12.35,30.2,236.8,0,0
Haryana,Pulses,Rabi,Sandy,1,9.91,51.6,5.206,884.9,763.5,15.89,31.4,314.3,1,0
Haryana,Rice,Kharif,Laterite,2,34.01,144.34,4.244,1208.9,824.4,46.64,32.1,305.1,1,0
Andhra Pradesh,Groundnut,Rabi,Laterite,2,35.78,137.71,3.849,648.7,1089.7,-40.47,26.0,269.7,0,1
Maharashtra,Rice,Kharif,Sandy,1,49.28,223.61,4.538,1059.9,809.5,30.93,24.8,69.8,1,0
Karnataka,Bajra,Kharif,Laterite,2,27.29,85.89,3.147,595.6,787.4,-24.35,18.2,366.1,0,1
Rajasthan,Rice,Kharif,Alluvial,5,13.93,20.3,1.457,811.0,952.5,-14.86,23.9,56.3,0,1
Punjab,Sugarcane,Zaid,Alluvial,5,34.34,199.59,5.812,601.3,896.6,-32.93,27.0,331.1,0,1
Tamil Nadu,Groundnut,Rabi,Alluvial,5,48.98,154.85,3.162,707.2,1083.1,-34.71,32.5,217.8,1,1
Madhya Pradesh,Maize,Kharif,Black,4,9.27,40.12,4.327,630.4,547.6,15.12,14.4,336.3,1,0
Karnataka,Bajra,Zaid,Laterite,2,16.64,60.83,3.657,974.6,780.9,24.8,24.0,212.8,0,0
Andhra Pradesh,Jowar,Kharif,Black,4,27.32,34.79,1.273,675.7,636.3,6.19,12.4,276.4,0,1
Karnataka,Maize,Rabi,Red,3,8.93,51.44,5.764,932.6,1034.7,-9.87,16.4,177.1,1,0
Andhra Pradesh,Sugarcane,Zaid,Sandy,1,1.6,7.94,4.963,668.3,656.2,1.85,33.9,310.3,1,0
Punjab,Groundnut,Kharif,Red,3,17.18,29.99,1.745,798.6,899.5,-11.21,18.2,139.0,1,0
Maharashtra,Cotton,Kharif,Black,4,43.34,256.04,5.908,1164.4,654.0,78.05,26.6,301.8,1,0
Andhra Pradesh,Sugarcane,Kharif,Alluvial,5,2.65,12.42,4.685,613.6,775.1,-20.83,32.2,117.7,0,1
Punjab,Maize,Rabi,Laterite,2,21.73,73.05,3.362,618.4,700.7,-11.75,23.2,302.8,1,0
Punjab,Bajra,Zaid,Laterite,2,38.23,155.09,4.057,738.4,849.0,-13.02,18.7,152.8,0,0
Maharashtra,Pulses,Zaid,Alluvial,5,47.68,73.13,1.534,795.6,1154.2,-31.07,26.7,147.5,1,1
Haryana,Bajra,Zaid,Laterite,2,49.28,187.37,3.802,955.2,636.2,50.15,35.4,334.0,0,0
Karnataka,Groundnut,Kharif,Sandy,1,21.39,29.26,1.368,810.7,679.4,19.34,32.0,334.8,0,1
Uttar Pradesh,Pulses,Zaid,Sandy,1,47.54,177.07,3.724,861.3,939.5,-8.33,24.5,292.0,1,0
Uttar Pradesh,Wheat,Kharif,Sandy,1,2.25,8.48,3.763,511.4,827.1,-38.17,22.7,373.4,0,1
Madhya Pradesh,Groundnut,Rabi,Red,3,37.42,201.04,5.372,875.4,659.1,32.81,32.9,104.7,0,0
Madhya Pradesh,Groundnut,Zaid,Alluvial,5,32.32,149.47,4.625,882.1,779.3,13.18,17.2,144.3,1,0
Uttar Pradesh,Sugarcane,Kharif,Sandy,1,12.85,28.89,2.248,967.9,623.0,55.37,31.6,152.9,1,0
Rajasthan,Bajra,Zaid,Black,4,25.61,139.39,5.442,717.9,776.5,-7.54,22.8,156.9,1,0
Uttar Pradesh,Maize,Zaid,Sandy,1,6.91,26.73,3.866,798.3,704.2,13.36,17.1,164.8,1,0
Madhya Pradesh,Cotton,Rabi,Red,3,43.64,175.97,4.032,976.6,896.6,8.92,15.4,294.0,1,0
Tamil Nadu,Rice,Zaid,Black,4,18.22,33.61,1.845,535.3,946.5,-43.44,35.8,144.8,1,1
Madhya Pradesh,Soybean,Rabi,Alluvial,5,31.49,166.54,5.289,351.3,451.9,-22.27,24.8,150.1,0,1
Rajasthan,Cotton,Zaid,Alluvial,5,8.36,47.27,5.655,522.8,866.1,-39.64,20.6,249.6,0,1
Karnataka,Rice,Zaid,Sandy,1,10.71,52.19,4.875,640.2,504.5,26.89,25.7,117.7,1,0
Uttar Pradesh,Wheat,Zaid,Black,4,49.6,282.92,5.704,1068.1,850.9,25.52,22.6,177.7,0,0
Maharashtra,Maize,Zaid,Black,4,37.78,94.88,2.511,1307.3,1088.7,20.08,22.8,70.3,0,0
Tamil Nadu,Bajra,Zaid,Sandy,1,48.12,255.29,5.306,572.6,797.7,-28.22,23.0,383.4,1,1
Punjab,Jowar,Zaid,Sandy,1,15.14,52.17,3.444,779.0,888.4,-12.32,26.0,161.1,1,0
Rajasthan,Groundnut,Rabi,Laterite,2,8.65,15.73,1.82,668.3,960.6,-30.43,30.5,347.5,0,1
Madhya Pradesh,Cotton,Rabi,Laterite,2,25.4,110.35,4.344,920.3,966.0,-4.73,16.8,235.5,1,0
Maharashtra,Rice,Kharif,Sandy,1,24.99,110.45,4.421,870.0,975.2,-10.79,34.1,129.9,0,0
Andhra Pradesh,Jowar,Zaid,Red,3,9.16,22.3,2.435,580.9,915.3,-36.54,20.3,117.7,1,1
Haryana,Cotton,Rabi,Laterite,2,36.79,41.85,1.137,644.7,736.9,-12.52,27.5,293.2,0,1
Uttar Pradesh,Maize,Zaid,Sandy,1,18.41,36.8,1.999,764.2,946.7,-19.27,25.7,387.7,0,1
Haryana,Bajra,Zaid,Black,4,9.73,29.16,2.999,1107.6,1073.5,3.17,21.2,114.1,0,0
Rajasthan,Pulses,Rabi,Laterite,2,16.93,31.12,1.838,636.6,922.7,-31.02,32.8,90.4,1,1
Andhra Pradesh,Cotton,Zaid,Red,3,28.4,55.95,1.97,412.2,878.5,-53.08,21.2,185.5,0,1
Andhra Pradesh,Cotton,Rabi,Alluvial,5,36.46,107.81,2.957,1125.8,598.8,88.01,34.5,187.8,1,0
Andhra Pradesh,Bajra,Rabi,Black,4,24.35,141.47,5.809,924.3,690.5,33.86,30.0,332.2,0,0
Punjab,Wheat,Kharif,Red,3,26.52,127.84,4.821,509.3,742.2,-31.38,21.5,214.1,0,1
Rajasthan,Sugarcane,Kharif,Red,3,7.38,19.17,2.599,876.6,685.2,27.93,18.8,71.9,1,0
Karnataka,Cotton,Kharif,Red,3,45.78,263.59,5.758,1002.9,825.3,21.51,32.4,372.2,1,0
Haryana,Bajra,Kharif,Black,4,46.47,196.49,4.228,823.4,710.7,15.86,19.2,180.6,1,0
Karnataka,Sugarcane,Zaid,Red,3,34.33,112.51,3.277,1140.6,979.9,16.4,25.2,284.0,1,0
Maharashtra,Bajra,Zaid,Alluvial,5,1.37,4.59,3.342,938.8,790.2,18.81,30.2,283.6,0,0
West Bengal,Bajra,Kharif,Laterite,2,27.09,82.71,3.054,876.4,682.6,28.38,28.8,69.7,0,0
Tamil Nadu,Wheat,Rabi,Black,4,31.65,68.51,2.165,851.0,711.6,19.59,24.8,51.3,1,0
Tamil Nadu,Bajra,Rabi,Red,3,49.74,145.88,2.933,834.0,860.3,-3.06,21.6,80.8,1,0
Karnataka,Maize,Rabi,Sandy,1,49.81,181.27,3.639,1019.5,807.7,26.23,30.3,384.8,1,0
West Bengal,Cotton,Rabi,Laterite,2,42.95,156.35,3.64,762.6,856.3,-10.94,14.7,327.9,1,0
West Bengal,Rice,Zaid,Black,4,3.66,17.6,4.809,1037.4,813.0,27.6,27.6,96.2,0,0
Uttar Pradesh,Rice,Rabi,Sandy,1,47.69,133.24,2.794,878.0,1107.7,-20.74,18.2,265.2,1,1
Maharashtra,Rice,Rabi,Sandy,1,30.83,141.31,4.584,826.4,978.5,-15.54,20.7,264.2,0,0
Rajasthan,Bajra,Kharif,Red,3,40.14,156.18,3.89,723.0,721.0,0.28,28.2,50.2,1,0
West Bengal,Jowar,Rabi,Black,4,20.66,120.0,5.809,725.3,558.1,29.95,21.5,200.2,0,0
Madhya Pradesh,Sugarcane,Zaid,Red,3,16.32,47.77,2.926,879.8,796.0,10.52,32.9,299.1,0,0
Tamil Nadu,Sugarcane,Rabi,Alluvial,5,23.43,129.01,5.506,1053.3,679.4,55.02,30.2,115.4,1,0
Madhya Pradesh,Bajra,Rabi,Sandy,1,7.77,39.65,5.103,926.1,590.7,56.77,21.8,347.8,0,0
Maharashtra,Maize,Zaid,Alluvial,5,18.17,76.12,4.188,621.4,945.8,-34.3,24.6,281.1,1,1
West Bengal,Maize,Kharif,Red,3,42.95,183.52,4.273,400.3,848.4,-52.82,19.4,52.4,1,1
Haryana,Groundnut,Zaid,Laterite,2,2.38,3.39,1.423,984.9,1018.4,-3.28,28.8,349.2,1,1
Tamil Nadu,Bajra,Kharif,Sandy,1,7.97,45.83,5.751,1470.7,838.9,75.32,35.4,56.8,1,0
Uttar Pradesh,Soybean,Rabi,Laterite,2,6.69,10.27,1.535,731.0,817.2,-10.55,18.8,360.8,0,1
Uttar Pradesh,Wheat,Kharif,Black,4,20.45,78.05,3.816,684.1,658.8,3.84,27.1,166.8,0,0
Andhra Pradesh,Rice,Kharif,Sandy,1,49.85,132.12,2.65,1005.1,756.1,32.94,27.9,294.5,1,0
Punjab,Wheat,Kharif,Alluvial,5,9.08,28.6,3.149,584.8,580.8,0.68,18.5,325.6,0,0
West Bengal,Rice,Rabi,Laterite,2,7.7,31.2,4.051,1174.0,1005.8,16.72,19.9,148.4,1,0
Maharashtra,Pulses,Kharif,Black,4,45.8,253.9,5.544,903.1,652.5,38.41,15.2,174.8,1,0
Tamil Nadu,Pulses,Kharif,Sandy,1,44.16,145.2,3.288,793.3,883.1,-10.16,29.4,228.3,1,0
Punjab,Bajra,Rabi,Black,4,2.1,12.45,5.939,606.5,813.0,-25.4,23.8,253.9,1,1
Maharashtra,Pulses,Zaid,Alluvial,5,37.71,149.48,3.964,1020.5,908.3,12.35,21.6,152.2,1,0
Karnataka,Jowar,Zaid,Sandy,1,32.95,59.39,1.803,689.0,855.2,-19.44,38.4,397.3,1,1
West Bengal,Groundnut,Zaid,Black,4,38.5,75.08,1.95,977.3,651.6,49.99,15.2,308.0,0,1
Rajasthan,Maize,Rabi,Red,3,24.98,114.41,4.581,899.8,800.1,12.46,33.7,146.0,1,0
Rajasthan,Jowar,Rabi,Sandy,1,49.57,62.07,1.252,1122.9,1040.0,7.97,13.1,274.2,0,1
West Bengal,Wheat,Zaid,Sandy,1,2.67,9.08,3.402,839.7,726.5,15.58,22.9,202.4,1,0
Andhra Pradesh,Wheat,Kharif,Sandy,1,12.1,21.07,1.741,1579.1,1023.6,54.26,15.8,351.1,0,1
Andhra Pradesh,Pulses,Zaid,Sandy,1,20.13,63.73,3.166,938.7,949.2,-1.11,21.1,165.1,1,0
Rajasthan,Maize,Rabi,Red,3,22.76,108.12,4.75,836.6,870.9,-3.94,22.8,115.7,0,0
Haryana,Groundnut,Kharif,Alluvial,5,46.11,151.88,3.294,702.7,739.1,-4.92,21.7,66.1,0,0
Tamil Nadu,Rice,Kharif,Red,3,28.22,51.28,1.817,1019.2,890.9,14.4,27.5,394.5,1,0
Rajasthan,Jowar,Rabi,Red,3,2.73,6.18,2.26,708.3,773.5,-8.42,31.3,175.7,0,0
Haryana,Groundnut,Kharif,Black,4,20.69,58.71,2.838,606.4,1015.7,-40.29,25.3,127.2,1,1
Punjab,Cotton,Zaid,Laterite,2,21.12,28.46,1.348,682.8,656.9,3.95,27.9,222.1,1,1
Haryana,Sugarcane,Rabi,Laterite,2,48.29,189.39,3.922,752.0,896.2,-16.09,35.4,152.1,0,0
Punjab,Pulses,Rabi,Black,4,30.16,121.78,4.038,1362.4,854.3,59.48,21.8,131.5,0,0
Maharashtra,Rice,Rabi,Red,3,31.96,41.9,1.311,873.1,899.3,-2.91,31.4,265.7,1,0
Madhya Pradesh,Cotton,Rabi,Black,4,35.81,107.83,3.012,634.7,957.7,-33.72,41.2,76.2,1,1
Maharashtra,Rice,Kharif,Sandy,1,38.62,118.55,3.07,1072.2,716.8,49.59,36.9,228.1,0,0
Rajasthan,Rice,Rabi,Black,4,31.94,85.24,2.669,847.1,716.6,18.21,35.8,185.6,0,0
Punjab,Pulses,Rabi,Black,4,12.24,46.38,3.789,1123.7,882.3,27.36,30.4,236.4,0,0
Rajasthan,Rice,Kharif,Sandy,1,43.77,119.47,2.73,1277.9,994.7,28.48,32.9,162.2,1,0
West Bengal,Groundnut,Rabi,Laterite,2,36.74,113.23,3.082,427.1,812.6,-47.45,23.1,249.6,1,1
Tamil Nadu,Groundnut,Kharif,Sandy,1,37.22,185.65,4.988,206.2,1065.7,-80.65,25.5,78.6,0,1
Uttar Pradesh,Cotton,Kharif,Alluvial,5,49.83,90.22,1.811,1297.9,805.0,61.22,24.8,181.7,0,1
Rajasthan,Wheat,Rabi,Black,4,40.23,164.74,4.096,628.2,743.3,-15.48,22.0,133.1,1,0
Tamil Nadu,Maize,Zaid,Black,4,41.54,146.56,3.528,375.4,918.1,-59.12,26.9,203.3,1,1
Haryana,Jowar,Rabi,Laterite,2,47.59,120.19,2.525,668.8,768.1,-12.93,22.9,189.4,1,0
Maharashtra,Jowar,Zaid,Red,3,7.98,37.01,4.638,558.1,769.9,-27.51,26.4,270.9,0,1
Haryana,Soybean,Kharif,Sandy,1,25.14,94.42,3.756,606.9,889.0,-31.74,17.7,270.1,1,1
Uttar Pradesh,Pulses,Zaid,Red,3,29.24,99.02,3.387,1013.9,989.8,2.44,22.8,194.7,1,0
Punjab,Bajra,Rabi,Alluvial,5,16.8,72.88,4.338,710.2,895.4,-20.68,33.9,113.6,1,1
West Bengal,Bajra,Rabi,Sandy,1,42.05,210.73,5.011,395.5,866.2,-54.34,27.2,253.7,1,1
Tamil Nadu,Cotton,Zaid,Alluvial,5,38.24,224.21,5.863,808.1,1138.5,-29.02,34.0,388.3,1,1
West Bengal,Rice,Rabi,Alluvial,5,36.18,150.04,4.147,587.2,954.5,-38.48,22.4,114.9,1,1
Madhya Pradesh,Rice,Zaid,Alluvial,5,49.86,267.85,5.372,737.7,799.2,-7.7,24.5,74.2,0,0
Rajasthan,Pulses,Kharif,Sandy,1,13.34,13.41,1.005,752.0,1015.4,-25.94,27.3,142.6,1,1
Punjab,Sugarcane,Zaid,Sandy,1,36.91,134.75,3.651,1011.4,814.1,24.24,24.8,194.5,1,0
Madhya Pradesh,Wheat,Zaid,Laterite,2,27.79,57.62,2.073,673.7,940.5,-28.38,17.6,157.2,1,1
Karnataka,Soybean,Zaid,Black,4,15.99,23.53,1.471,974.4,931.0,4.66,29.4,342.1,0,1
Rajasthan,Groundnut,Zaid,Red,3,8.45,30.92,3.66,401.2,850.4,-52.82,20.1,222.6,0,1
Haryana,Rice,Kharif,Red,3,44.85,212.31,4.734,1024.7,741.4,38.21,25.9,136.1,1,0
Maharashtra,Soybean,Kharif,Alluvial,5,29.98,91.76,3.061,1124.7,845.9,32.97,13.2,382.6,1,0
Tamil Nadu,Jowar,Kharif,Sandy,1,41.33,179.83,4.351,742.4,778.9,-4.68,22.1,93.8,0,0
Uttar Pradesh,Sugarcane,Zaid,Sandy,1,27.49,94.82,3.449,595.4,889.5,-33.07,25.2,93.0,1,1
Uttar Pradesh,Groundnut,Kharif,Alluvial,5,11.39,36.28,3.185,530.6,913.4,-41.91,29.4,135.8,1,1
Haryana,Pulses,Rabi,Black,4,17.21,42.18,2.451,793.6,554.4,43.15,18.6,76.9,0,0
Andhra Pradesh,Soybean,Kharif,Red,3,19.39,56.47,2.913,1104.0,900.6,22.58,20.7,313.1,1,0
Uttar Pradesh,Cotton,Zaid,Laterite,2,48.66,133.77,2.749,693.6,1288.8,-46.19,36.6,159.5,1,1
Tamil Nadu,Groundnut,Rabi,Black,4,0.78,3.3,4.231,1077.9,802.5,34.31,37.8,305.4,0,0
Haryana,Pulses,Zaid,Sandy,1,49.29,77.88,1.58,512.2,998.3,-48.7,29.1,317.0,0,1
Punjab,Bajra,Rabi,Alluvial,5,49.03,71.74,1.463,712.1,961.3,-25.92,33.7,133.1,0,1
Uttar Pradesh,Pulses,Zaid,Red,3,49.81,214.18,4.3,789.1,603.7,30.72,23.6,231.4,1,0
West Bengal,Pulses,Zaid,Alluvial,5,24.09,89.9,3.731,854.1,924.7,-7.63,29.9,231.9,1,0
Haryana,Groundnut,Rabi,Sandy,1,48.21,151.91,3.151,716.8,723.9,-0.98,29.6,355.0,1,0
Tamil Nadu,Sugarcane,Kharif,Alluvial,5,20.08,35.39,1.762,1111.7,820.4,35.51,20.4,59.0,1,0
West Bengal,Groundnut,Rabi,Red,3,1.8,5.5,3.055,1115.6,631.1,76.77,27.2,160.9,1,0
Rajasthan,Maize,Rabi,Alluvial,5,11.61,57.43,4.949,756.3,916.3,-17.47,24.2,358.9,0,0
Rajasthan,Wheat,Rabi,Red,3,47.29,257.65,5.448,669.9,798.8,-16.14,28.2,132.9,0,0
Uttar Pradesh,Sugarcane,Rabi,Alluvial,5,1.18,5.33,4.513,649.9,1051.8,-38.21,22.8,97.9,0,1
West Bengal,Cotton,Rabi,Alluvial,5,27.53,35.77,1.3,1058.6,646.1,63.85,17.3,251.6,1,0
Maharashtra,Sugarcane,Zaid,Red,3,4.24,18.46,4.352,633.7,986.3,-35.75,26.1,157.1,1,1
Rajasthan,Jowar,Zaid,Alluvial,5,14.68,32.36,2.205,434.7,913.2,-52.4,31.0,213.6,1,1
Maharashtra,Cotton,Kharif,Black,4,4.86,12.52,2.576,472.0,721.3,-34.56,31.0,337.0,0,1
Punjab,Bajra,Kharif,Laterite,2,43.05,85.21,1.979,966.7,618.2,56.39,15.3,232.2,1,1
Haryana,Groundnut,Rabi,Black,4,29.76,145.18,4.879,458.7,806.5,-43.13,27.1,230.6,0,1
Madhya Pradesh,Pulses,Kharif,Laterite,2,45.15,191.59,4.243,700.3,885.5,-20.92,30.1,147.4,1,1
Tamil Nadu,Groundnut,Kharif,Black,4,34.57,140.34,4.059,825.5,690.2,19.62,26.8,327.5,0,0
Haryana,Jowar,Rabi,Laterite,2,48.57,210.77,4.34,379.5,707.6,-46.38,31.2,308.9,1,1
Tamil Nadu,Soybean,Zaid,Alluvial,5,25.74,56.21,2.184,845.6,998.6,-15.32,17.5,131.9,1,0
West Bengal,Jowar,Zaid,Red,3,32.12,103.52,3.223,718.9,732.8,-1.9,19.1,162.0,1,0
Punjab,Maize,Kharif,Red,3,29.03,120.94,4.166,323.2,937.0,-65.51,29.5,326.0,0,1
Karnataka,Pulses,Zaid,Sandy,1,24.47,102.36,4.183,848.8,1032.8,-17.82,23.9,175.2,1,0
Uttar Pradesh,Pulses,Zaid,Laterite,2,42.37,210.15,4.959,899.0,729.4,23.25,33.0,191.2,1,0
Tamil Nadu,Rice,Kharif,Sandy,1,32.4,78.92,2.436,846.2,662.6,27.71,27.8,177.5,0,0
Tamil Nadu,Soybean,Rabi,Sandy,1,40.16,194.87,4.852,926.1,980.8,-5.58,20.6,106.6,1,0
West Bengal,Rice,Kharif,Laterite,2,39.43,126.2,3.201,864.5,805.2,7.37,20.3,169.3,1,0
Maharashtra,Bajra,Kharif,Red,3,9.96,43.32,4.351,982.5,784.2,25.29,14.7,331.0,0,0
Haryana,Wheat,Kharif,Laterite,2,32.68,107.15,3.279,563.5,1064.3,-47.05,30.1,221.9,0,1
Karnataka,Wheat,Rabi,Alluvial,5,10.38,59.63,5.743,450.8,809.8,-44.33,25.3,210.4,0,1
Andhra Pradesh,Groundnut,Rabi,Sandy,1,29.37,55.71,1.897,509.7,891.6,-42.84,31.5,104.7,1,1
Uttar Pradesh,Wheat,Rabi,Sandy,1,34.03,148.9,4.375,597.0,608.3,-1.86,27.5,112.1,0,0
Madhya Pradesh,Pulses,Rabi,Laterite,2,49.86,193.6,3.883,1305.5,838.5,55.68,26.7,65.0,0,0
Andhra Pradesh,Jowar,Kharif,Sandy,1,2.01,3.75,1.864,599.2,717.8,-16.53,30.9,54.9,1,1
Haryana,Soybean,Zaid,Red,3,5.02,6.67,1.33,669.6,774.0,-13.49,25.4,220.8,0,1
Uttar Pradesh,Groundnut,Kharif,Sandy,1,4.31,21.55,4.996,741.4,765.1,-3.1,24.0,193.2,0,0
Tamil Nadu,Groundnut,Rabi,Laterite,2,20.22,36.14,1.787,710.8,1045.2,-31.99,26.0,146.4,0,1
Madhya Pradesh,Soybean,Zaid,Red,3,41.17,79.56,1.933,1253.8,750.5,67.06,31.1,396.5,1,0
Maharashtra,Pulses,Kharif,Red,3,42.28,249.13,5.892,368.6,769.8,-52.12,20.3,189.3,0,1
Karnataka,Bajra,Zaid,Sandy,1,36.98,169.6,4.586,1346.3,1080.2,24.64,31.5,326.1,0,0
Maharashtra,Bajra,Rabi,Laterite,2,44.9,101.12,2.252,836.2,796.5,4.98,26.4,123.7,0,0
Punjab,Groundnut,Zaid,Sandy,1,16.48,65.18,3.955,1040.4,756.9,37.45,23.7,136.5,0,0
West Bengal,Bajra,Zaid,Alluvial,5,4.86,17.85,3.671,805.1,1015.0,-20.68,27.1,248.9,1,1
Uttar Pradesh,Pulses,Rabi,Alluvial,5,3.38,17.64,5.222,1003.8,852.4,17.76,33.1,51.4,1,0
Maharashtra,Maize,Zaid,Red,3,42.68,198.32,4.647,563.9,863.2,-34.67,33.0,56.1,1,1
Andhra Pradesh,Maize,Kharif,Sandy,1,36.66,189.1,5.159,461.3,894.8,-48.45,28.4,99.8,1,1
West Bengal,Rice,Zaid,Alluvial,5,35.08,72.18,2.058,1448.3,1050.9,37.81,29.8,128.1,0,0
Maharashtra,Sugarcane,Kharif,Black,4,17.31,72.74,4.201,1278.4,694.9,83.96,26.3,234.7,0,0
Rajasthan,Cotton,Zaid,Alluvial,5,19.31,23.19,1.201,536.6,1021.7,-47.48,22.5,290.2,0,1
Punjab,Wheat,Zaid,Sandy,1,47.93,64.45,1.345,979.1,625.9,56.43,28.7,159.2,1,1
Haryana,Bajra,Rabi,Sandy,1,3.66,16.71,4.568,1089.5,727.7,49.72,23.3,133.7,1,0
Karnataka,Maize,Rabi,Alluvial,5,38.8,43.54,1.122,965.0,715.5,34.88,19.8,338.0,0,1
Punjab,Jowar,Kharif,Sandy,1,15.83,61.71,3.899,747.9,828.8,-9.76,23.5,107.0,0,0
West Bengal,Soybean,Rabi,Sandy,1,2.43,12.66,5.202,1306.1,737.5,77.11,16.1,287.4,0,0
Rajasthan,Sugarcane,Rabi,Black,4,37.26,108.04,2.9,971.9,1040.6,-6.6,18.6,376.0,1,0
Uttar Pradesh,Rice,Rabi,Red,3,16.88,20.66,1.224,568.0,928.0,-38.79,38.2,131.3,1,1
Andhra Pradesh,Cotton,Rabi,Sandy,1,36.25,165.62,4.569,703.3,847.8,-17.05,32.8,80.4,1,0
Karnataka,Maize,Rabi,Laterite,2,35.53,200.68,5.648,532.5,718.3,-25.86,24.6,392.9,1,1
Karnataka,Rice,Kharif,Red,3,26.97,123.69,4.586,773.2,1060.2,-27.08,29.1,144.8,0,1
Punjab,Sugarcane,Kharif,Red,3,38.98,151.72,3.892,765.1,864.8,-11.53,20.3,146.5,1,0
West Bengal,Soybean,Rabi,Laterite,2,29.26,62.92,2.15,988.8,812.4,21.72,30.0,219.3,0,0
Uttar Pradesh,Wheat,Rabi,Alluvial,5,14.69,15.82,1.077,985.2,829.6,18.75,27.6,130.9,0,1
Tamil Nadu,Maize,Kharif,Black,4,36.84,164.79,4.473,897.1,816.7,9.84,21.8,397.5,1,0
Rajasthan,Soybean,Zaid,Sandy,1,29.66,63.93,2.155,890.3,976.9,-8.86,24.1,65.0,0,0
Tamil Nadu,Cotton,Kharif,Alluvial,5,1.13,5.98,5.291,1060.8,1019.6,4.05,23.6,208.0,1,0
Andhra Pradesh,Bajra,Zaid,Laterite,2,45.13,150.37,3.332,743.5,711.1,4.56,31.1,241.9,1,0
Uttar Pradesh,Sugarcane,Rabi,Black,4,27.51,100.5,3.653,201.7,752.2,-73.18,25.5,213.4,1,1
Uttar Pradesh,Cotton,Rabi,Black,4,43.5,207.47,4.77,1327.7,759.6,74.79,16.5,232.2,0,0
Rajasthan,Wheat,Kharif,Black,4,44.2,216.43,4.897,572.3,898.0,-36.27,23.3,395.7,1,1
Madhya Pradesh,Soybean,Rabi,Laterite,2,22.53,94.91,4.213,973.9,999.7,-2.59,21.3,356.9,1,0
Tamil Nadu,Pulses,Zaid,Alluvial,5,25.63,145.89,5.692,714.8,644.0,10.99,17.1,158.0,1,0
Maharashtra,Wheat,Zaid,Sandy,1,21.08,124.61,5.911,1149.5,693.0,65.86,21.4,243.0,1,0
Karnataka,Groundnut,Kharif,Black,4,22.75,130.44,5.734,559.6,798.5,-29.92,13.0,50.1,1,1
Madhya Pradesh,Maize,Zaid,Black,4,44.81,229.47,5.121,622.3,930.1,-33.09,20.4,193.3,1,1
Maharashtra,Bajra,Kharif,Alluvial,5,39.51,178.92,4.528,675.6,708.9,-4.7,27.2,107.4,1,0
West Bengal,Sugarcane,Kharif,Black,4,6.76,29.19,4.317,938.6,792.1,18.49,28.7,299.0,0,0
Rajasthan,Jowar,Zaid,Black,4,30.71,46.64,1.519,855.8,741.8,15.37,29.0,127.4,1,0
West Bengal,Soybean,Zaid,Laterite,2,49.8,117.39,2.357,941.3,963.6,-2.32,31.7,312.1,0,0
Karnataka,Pulses,Zaid,Red,3,29.98,30.83,1.028,831.7,833.6,-0.23,33.1,159.6,1,0
Haryana,Jowar,Zaid,Alluvial,5,39.4,66.47,1.687,1033.0,740.7,39.46,19.9,374.0,0,1
Maharashtra,Maize,Zaid,Alluvial,5,38.57,123.27,3.196,1037.2,673.5,53.99,17.7,205.9,1,0
Madhya Pradesh,Maize,Zaid,Alluvial,5,17.84,30.91,1.733,1178.6,790.6,49.08,26.3,343.8,0,1
Maharashtra,Sugarcane,Zaid,Laterite,2,18.91,104.14,5.508,885.9,810.4,9.32,29.3,269.9,1,0
Maharashtra,Pulses,Rabi,Laterite,2,36.34,182.74,5.028,884.8,977.1,-9.45,21.0,392.1,0,0
Rajasthan,Maize,Kharif,Sandy,1,25.25,34.29,1.358,1241.8,1002.7,23.84,27.6,310.0,0,1
West Bengal,Jowar,Kharif,Laterite,2,28.74,64.52,2.245,1099.4,672.5,63.46,36.9,304.7,1,0
Tamil Nadu,Pulses,Zaid,Alluvial,5,35.79,182.36,5.095,929.7,997.7,-6.82,18.0,142.7,1,0
Haryana,Jowar,Kharif,Sandy,1,38.99,195.54,5.015,451.4,956.9,-52.83,26.0,226.7,1,1
Rajasthan,Wheat,Zaid,Red,3,13.94,79.84,5.727,379.1,770.3,-50.79,32.2,151.5,1,1
Andhra Pradesh,Cotton,Rabi,Black,4,7.77,46.5,5.988,953.2,963.7,-1.09,24.8,56.8,1,0
Rajasthan,Pulses,Kharif,Black,4,14.94,87.89,5.881,963.5,731.2,31.77,28.5,298.7,1,0
Karnataka,Rice,Kharif,Sandy,1,25.62,78.17,3.051,619.3,910.8,-32.01,31.5,132.5,0,1
Haryana,Cotton,Rabi,Red,3,17.44,39.26,2.252,888.5,1213.8,-26.8,24.2,189.1,1,1
Uttar Pradesh,Cotton,Rabi,Black,4,28.63,137.22,4.792,571.7,884.6,-35.37,19.6,149.6,0,1
Andhra Pradesh,Pulses,Rabi,Sandy,1,3.15,7.85,2.496,943.0,798.7,18.07,25.4,119.9,1,0
Punjab,Bajra,Kharif,Laterite,2,25.73,129.49,5.032,949.6,652.9,45.43,19.4,73.5,1,0
Rajasthan,Maize,Kharif,Alluvial,5,18.72,68.68,3.67,947.9,862.3,9.93,22.7,168.3,1,0
Maharashtra,Wheat,Rabi,Red,3,26.97,134.01,4.97,883.9,999.7,-11.58,28.7,78.6,1,0
Tamil Nadu,Bajra,Rabi,Black,4,21.42,50.96,2.379,726.5,743.6,-2.3,27.1,239.1,1,0
Uttar Pradesh,Bajra,Rabi,Alluvial,5,14.57,51.58,3.54,747.1,931.1,-19.77,32.0,56.9,1,0
Rajasthan,Rice,Rabi,Sandy,1,45.25,172.87,3.82,1089.8,810.5,34.46,27.4,379.0,1,0
Rajasthan,Soybean,Rabi,Black,4,9.65,55.13,5.716,903.7,790.2,14.36,21.3,388.3,1,0
Madhya Pradesh,Pulses,Zaid,Alluvial,5,34.23,79.85,2.333,922.0,923.4,-0.15,20.0,156.6,0,0
Madhya Pradesh,Jowar,Rabi,Laterite,2,46.27,262.97,5.683,821.6,566.0,45.16,29.8,141.1,0,0
Uttar Pradesh,Maize,Zaid,Red,3,27.16,136.48,5.024,962.9,821.3,17.24,27.4,86.5,0,0
West Bengal,Bajra,Kharif,Sandy,1,43.88,204.25,4.654,1039.7,998.1,4.18,24.8,366.7,1,0
Madhya Pradesh,Wheat,Kharif,Black,4,6.68,32.96,4.934,643.0,822.3,-21.8,28.0,255.4,0,1
Maharashtra,Soybean,Zaid,Laterite,2,24.94,100.45,4.027,948.2,851.1,11.41,21.8,263.5,1,0
Andhra Pradesh,Rice,Rabi,Red,3,23.12,51.34,2.22,743.5,830.1,-10.43,11.3,363.5,1,0
Punjab,Groundnut,Kharif,Red,3,0.9,1.76,1.947,878.5,1136.9,-22.73,32.3,368.8,1,1
Haryana,Maize,Rabi,Laterite,2,22.44,119.65,5.332,1008.8,907.7,11.14,29.9,339.9,1,0
Punjab,Groundnut,Rabi,Black,4,18.77,86.81,4.626,437.1,658.6,-33.63,25.5,320.7,0,1
Punjab,Cotton,Zaid,Red,3,33.66,69.53,2.066,529.0,720.1,-26.53,20.6,357.0,1,1
Haryana,Bajra,Kharif,Sandy,1,46.95,191.33,4.075,635.2,864.1,-26.49,24.7,356.6,1,1
Madhya Pradesh,Sugarcane,Kharif,Alluvial,5,4.75,15.37,3.238,617.4,1038.7,-40.56,15.6,179.0,1,1
Uttar Pradesh,Maize,Zaid,Sandy,1,16.71,29.97,1.793,759.4,949.2,-19.99,26.7,390.7,1,1
Haryana,Jowar,Rabi,Red,3,22.48,82.27,3.659,1223.1,998.9,22.45,14.4,298.2,0,0
Karnataka,Soybean,Rabi,Alluvial,5,23.03,55.45,2.408,1094.6,680.5,60.85,26.6,179.6,0,0
West Bengal,Wheat,Kharif,Laterite,2,38.85,57.55,1.481,654.9,944.6,-30.68,21.8,204.7,1,1
Andhra Pradesh,Maize,Zaid,Alluvial,5,22.45,74.86,3.335,1017.2,739.3,37.59,25.1,290.5,1,0
Tamil Nadu,Jowar,Zaid,Alluvial,5,1.84,7.29,3.951,789.2,832.0,-5.14,19.2,176.4,0,0
Madhya Pradesh,Pulses,Rabi,Alluvial,5,35.65,44.01,1.235,885.9,977.5,-9.37,35.0,339.3,1,0
West Bengal,Groundnut,Rabi,Red,3,44.3,133.36,3.01,554.8,764.7,-27.45,28.2,101.8,0,1
Haryana,Pulses,Zaid,Black,4,25.94,59.35,2.288,469.8,634.0,-25.89,21.9,367.7,1,1
Karnataka,Soybean,Kharif,Red,3,29.26,33.75,1.153,983.1,794.8,23.69,24.9,155.4,1,0
Tamil Nadu,Rice,Rabi,Black,4,8.57,13.95,1.628,808.2,868.2,-6.91,35.6,103.4,0,1
Andhra Pradesh,Bajra,Zaid,Laterite,2,11.42,19.36,1.695,930.6,952.4,-2.29,20.3,350.3,1,1
Andhra Pradesh,Maize,Zaid,Laterite,2,12.14,23.24,1.914,1198.4,716.6,67.23,19.3,133.8,0,1
Madhya Pradesh,Sugarcane,Zaid,Laterite,2,21.82,109.48,5.017,740.3,766.9,-3.47,19.1,345.2,1,0
Haryana,Groundnut,Kharif,Laterite,2,46.44,148.5,3.197,742.6,882.3,-15.83,21.9,153.7,0,0
West Bengal,Groundnut,Rabi,Laterite,2,26.33,45.69,1.735,1242.2,931.9,33.3,35.0,376.9,0,1
Uttar Pradesh,Maize,Rabi,Sandy,1,10.01,15.03,1.501,804.2,880.4,-8.65,22.6,126.7,0,1
West Bengal,Cotton,Rabi,Red,3,13.67,34.04,2.49,599.2,828.0,-27.64,23.5,74.4,0,1
West Bengal,Pulses,Kharif,Black,4,19.51,97.35,4.99,983.9,739.1,33.13,27.2,377.8,1,0
Andhra Pradesh,Groundnut,Rabi,Laterite,2,31.35,88.48,2.822,740.6,983.1,-24.67,25.8,108.0,1,1
Uttar Pradesh,Jowar,Rabi,Sandy,1,22.28,40.1,1.799,594.3,1032.0,-42.41,31.8,380.4,0,1
Uttar Pradesh,Wheat,Rabi,Sandy,1,19.93,60.19,3.021,822.4,762.3,7.88,30.9,338.4,1,0
Madhya Pradesh,Bajra,Rabi,Sandy,1,28.45,107.46,3.777,1006.7,778.8,29.25,28.0,78.7,1,0
Tamil Nadu,Groundnut,Kharif,Red,3,12.47,14.32,1.148,510.2,952.6,-46.44,24.6,205.8,1,1
Rajasthan,Jowar,Zaid,Laterite,2,4.41,18.23,4.138,504.4,875.1,-42.36,31.8,75.7,1,1
Punjab,Soybean,Zaid,Sandy,1,1.71,5.08,2.976,780.0,937.3,-16.78,21.3,165.4,1,0
Punjab,Soybean,Rabi,Sandy,1,12.94,13.57,1.049,525.0,890.7,-41.06,20.9,173.0,0,1
Andhra Pradesh,Bajra,Rabi,Laterite,2,5.03,21.99,4.369,481.0,907.0,-46.97,23.6,259.9,0,1
Rajasthan,Cotton,Rabi,Red,3,17.15,78.23,4.562,801.5,788.9,1.6,33.0,391.6,1,0
Tamil Nadu,Sugarcane,Kharif,Sandy,1,38.76,160.63,4.144,1076.5,550.3,95.62,21.0,109.4,1,0
Rajasthan,Bajra,Rabi,Black,4,35.96,97.43,2.71,997.0,879.0,13.42,22.4,165.2,1,0
Madhya Pradesh,Rice,Kharif,Alluvial,5,30.74,112.14,3.648,773.3,953.5,-18.9,27.0,255.5,1,0
West Bengal,Cotton,Rabi,Alluvial,5,42.7,125.35,2.936,1120.6,892.9,25.51,25.7,110.0,1,0
Andhra Pradesh,Groundnut,Rabi,Alluvial,5,14.46,65.13,4.503,1233.7,738.1,67.15,23.7,298.7,1,0
Uttar Pradesh,Bajra,Zaid,Red,3,44.31,173.6,3.918,922.8,763.2,20.92,28.8,191.3,1,0
Andhra Pradesh,Pulses,Rabi,Sandy,1,20.26,28.55,1.409,708.5,1218.6,-41.86,23.2,382.4,1,1
Punjab,Soybean,Kharif,Alluvial,5,20.34,85.76,4.215,1190.7,902.8,31.89,32.3,270.5,1,0
Tamil Nadu,Jowar,Zaid,Alluvial,5,20.56,91.23,4.436,1179.6,497.8,136.95,27.4,177.1,1,0
Rajasthan,Bajra,Kharif,Laterite,2,5.36,15.28,2.854,863.3,763.9,13.02,32.1,301.8,0,0
Tamil Nadu,Pulses,Zaid,Sandy,1,48.79,262.42,5.379,1105.7,817.4,35.26,21.3,343.6,1,0
Madhya Pradesh,Cotton,Kharif,Sandy,1,7.36,38.36,5.215,604.7,664.2,-8.97,25.1,330.2,0,0
Andhra Pradesh,Rice,Zaid,Laterite,2,17.37,32.59,1.876,283.2,830.5,-65.9,14.6,142.0,1,1
Haryana,Jowar,Kharif,Sandy,1,16.31,90.03,5.521,557.2,776.1,-28.2,34.0,195.9,0,1
Andhra Pradesh,Wheat,Kharif,Black,4,4.2,13.45,3.204,851.6,879.4,-3.15,39.8,208.3,1,0
Uttar Pradesh,Rice,Rabi,Red,3,8.04,37.12,4.619,781.5,807.3,-3.2,24.3,185.9,0,0
Andhra Pradesh,Groundnut,Zaid,Laterite,2,2.72,13.79,5.07,1040.5,745.0,39.66,28.2,158.8,1,0
Karnataka,Pulses,Zaid,Alluvial,5,14.97,52.79,3.526,428.6,799.2,-46.37,26.7,313.5,0,1
Madhya Pradesh,Bajra,Rabi,Sandy,1,43.4,130.0,2.996,433.5,977.1,-55.64,18.2,54.3,1,1
Maharashtra,Bajra,Kharif,Black,4,17.3,96.5,5.577,990.6,859.6,15.24,33.5,152.7,1,0
Madhya Pradesh,Maize,Kharif,Black,4,6.62,14.27,2.154,441.0,817.7,-46.07,24.4,99.6,1,1
Rajasthan,Soybean,Zaid,Red,3,32.46,74.17,2.285,732.3,902.7,-18.87,13.7,95.1,1,0
Maharashtra,Groundnut,Kharif,Black,4,49.83,139.93,2.808,806.1,849.8,-5.13,21.7,146.9,0,0
Rajasthan,Pulses,Zaid,Sandy,1,12.0,63.57,5.297,637.4,684.0,-6.82,17.6,316.8,1,0
Rajasthan,Bajra,Zaid,Sandy,1,14.34,81.64,5.694,944.5,953.0,-0.89,26.7,389.3,1,0
Uttar Pradesh,Wheat,Kharif,Black,4,48.61,102.09,2.1,284.5,756.3,-62.38,26.7,230.1,0,1
Uttar Pradesh,Jowar,Kharif,Sandy,1,9.35,49.73,5.319,1258.0,798.6,57.52,33.1,168.6,1,0
West Bengal,Groundnut,Kharif,Sandy,1,25.81,59.12,2.291,717.5,623.0,15.17,37.0,340.2,0,0
Punjab,Cotton,Rabi,Alluvial,5,12.36,72.36,5.853,757.4,973.3,-22.18,37.5,73.5,1,1
West Bengal,Wheat,Zaid,Laterite,2,46.65,186.0,3.987,1473.4,868.7,69.61,19.8,82.6,0,0
West Bengal,Jowar,Kharif,Sandy,1,49.09,50.82,1.035,460.0,892.7,-48.47,29.7,170.9,1,1
Punjab,Sugarcane,Rabi,Sandy,1,40.83,47.79,1.171,538.7,972.1,-44.58,30.8,206.9,1,1
Haryana,Soybean,Kharif,Red,3,16.08,27.94,1.737,1151.1,973.4,18.26,22.9,329.2,0,1
Maharashtra,Groundnut,Zaid,Laterite,2,20.47,39.67,1.938,410.9,744.4,-44.8,27.7,373.8,1,1
Tamil Nadu,Pulses,Rabi,Laterite,2,12.49,60.45,4.838,923.8,851.8,8.45,28.4,235.9,1,0
West Bengal,Rice,Zaid,Laterite,2,44.59,94.26,2.114,648.4,837.1,-22.54,23.1,223.5,1,1
Andhra Pradesh,Jowar,Kharif,Black,4,45.77,267.56,5.846,396.0,822.9,-51.88,33.7,124.6,1,1
Andhra Pradesh,Cotton,Kharif,Alluvial,5,21.23,88.77,4.181,931.7,729.3,27.75,27.4,207.9,1,0
Rajasthan,Bajra,Kharif,Alluvial,5,33.0,147.26,4.463,939.1,1063.8,-11.72,25.0,373.3,1,0
Punjab,Rice,Rabi,Red,3,8.69,18.16,2.089,800.3,1002.1,-20.14,18.7,187.5,0,1
Rajasthan,Wheat,Rabi,Laterite,2,22.03,120.36,5.464,1317.3,916.5,43.73,32.9,123.7,1,0
Karnataka,Soybean,Rabi,Laterite,2,31.76,137.81,4.339,607.1,1053.5,-42.37,26.4,168.1,1,1
Karnataka,Pulses,Rabi,Sandy,1,19.58,104.19,5.322,1016.6,921.2,10.36,26.5,230.1,1,0
Tamil Nadu,Rice,Kharif,Black,4,18.2,105.25,5.782,881.8,804.5,9.61,20.9,259.5,1,0
Uttar Pradesh,Cotton,Kharif,Black,4,0.55,0.89,1.628,1042.9,786.8,32.55,31.4,201.4,1,0
Uttar Pradesh,Jowar,Kharif,Red,3,40.31,59.78,1.483,674.0,907.9,-25.76,19.2,315.5,0,1
Punjab,Pulses,Rabi,Alluvial,5,44.52,223.37,5.017,453.8,643.3,-29.45,12.8,254.6,0,1
Punjab,Sugarcane,Rabi,Laterite,2,48.49,258.47,5.331,629.5,980.0,-35.77,21.7,282.8,1,1
West Bengal,Bajra,Kharif,Red,3,36.1,141.48,3.919,784.1,605.7,29.44,28.1,352.0,0,0
Karnataka,Soybean,Kharif,Black,4,27.67,78.29,2.83,970.2,1015.4,-4.44,28.0,353.0,0,0
West Bengal,Rice,Rabi,Black,4,13.83,58.96,4.263,804.3,924.5,-13.0,26.8,121.2,1,0
Uttar Pradesh,Soybean,Zaid,Black,4,49.97,126.33,2.528,853.8,1142.6,-25.28,25.0,268.2,1,1
Maharashtra,Soybean,Kharif,Laterite,2,29.69,65.08,2.192,1231.4,877.0,40.41,27.0,300.8,1,0
Maharashtra,Soybean,Kharif,Laterite,2,34.22,117.73,3.441,793.9,948.4,-16.29,43.2,101.0,1,0
Punjab,Jowar,Kharif,Laterite,2,34.28,71.33,2.081,666.9,954.5,-30.13,27.5,345.0,0,1
Rajasthan,Soybean,Rabi,Sandy,1,42.34,144.74,3.419,910.1,717.2,26.9,23.5,113.2,1,0
Uttar Pradesh,Sugarcane,Kharif,Alluvial,5,0.98,5.66,5.783,371.0,689.9,-46.22,25.4,329.7,1,1
Maharashtra,Wheat,Kharif,Black,4,11.4,59.28,5.199,370.5,709.9,-47.81,24.8,106.5,0,1
Uttar Pradesh,Cotton,Kharif,Black,4,33.44,190.9,5.708,766.5,845.1,-9.3,26.4,309.6,1,0
Madhya Pradesh,Pulses,Kharif,Sandy,1,44.81,225.47,5.032,566.8,848.9,-33.24,20.5,101.9,0,1
Andhra Pradesh,Sugarcane,Kharif,Black,4,34.42,95.48,2.774,647.9,855.1,-24.23,30.8,182.6,0,1
Karnataka,Pulses,Zaid,Black,4,20.97,106.1,5.06,1033.7,924.1,11.86,27.8,100.2,0,0
West Bengal,Cotton,Zaid,Laterite,2,18.4,103.29,5.615,931.6,738.6,26.13,21.3,144.8,1,0
Uttar Pradesh,Wheat,Kharif,Laterite,2,37.03,212.36,5.735,780.8,975.8,-19.99,32.1,394.6,1,0
Andhra Pradesh,Groundnut,Kharif,Alluvial,5,37.19,164.24,4.416,820.7,914.6,-10.26,14.6,87.7,1,0
Madhya Pradesh,Pulses,Kharif,Black,4,30.55,62.83,2.057,693.9,1087.1,-36.17,38.9,192.3,0,1
West Bengal,Pulses,Kharif,Red,3,14.93,17.89,1.199,1012.3,914.6,10.68,37.3,286.9,0,1
Uttar Pradesh,Wheat,Rabi,Black,4,46.3,80.37,1.736,998.1,839.6,18.88,36.4,83.1,1,0
Punjab,Rice,Rabi,Black,4,27.82,162.12,5.828,1047.7,1172.1,-10.61,23.0,88.2,0,0
Andhra Pradesh,Sugarcane,Rabi,Alluvial,5,39.63,131.19,3.31,1036.2,837.4,23.74,27.4,100.1,0,0
West Bengal,Rice,Zaid,Red,3,11.11,58.6,5.275,813.5,893.4,-8.94,22.3,275.7,1,0
Uttar Pradesh,Rice,Kharif,Black,4,17.53,58.29,3.325,625.4,915.2,-31.66,28.6,368.3,1,1
Andhra Pradesh,Rice,Rabi,Red,3,43.79,188.48,4.304,758.2,989.7,-23.39,26.1,339.1,1,1
Madhya Pradesh,Soybean,Kharif,Laterite,2,2.98,3.34,1.121,829.2,862.8,-3.9,23.2,394.1,1,1
Uttar Pradesh,Bajra,Kharif,Laterite,2,25.86,58.17,2.249,631.5,1265.1,-50.08,23.2,252.3,0,1
Uttar Pradesh,Pulses,Zaid,Red,3,24.34,77.45,3.181,1207.5,764.0,58.04,26.5,386.5,1,0
Uttar Pradesh,Rice,Zaid,Black,4,37.69,156.52,4.153,1208.7,1073.4,12.6,43.6,156.7,1,0
Tamil Nadu,Sugarcane,Rabi,Red,3,14.45,26.85,1.858,770.0,630.6,22.09,33.8,197.5,0,1
Punjab,Bajra,Rabi,Red,3,11.34,54.71,4.823,1057.7,702.3,50.6,26.5,188.6,1,0
Madhya Pradesh,Bajra,Zaid,Laterite,2,46.34,130.78,2.822,940.0,616.6,52.46,24.9,66.6,0,0
West Bengal,Rice,Zaid,Red,3,28.8,146.51,5.087,675.8,711.2,-4.97,29.7,340.4,0,0
Tamil Nadu,Jowar,Kharif,Sandy,1,5.68,8.47,1.49,903.0,604.6,49.36,22.3,58.7,0,1
Rajasthan,Rice,Kharif,Sandy,1,10.06,44.23,4.399,606.4,866.2,-29.99,24.6,305.5,1,1
Tamil Nadu,Jowar,Rabi,Laterite,2,49.94,123.19,2.467,580.0,716.1,-19.0,14.3,192.5,1,0
Karnataka,Rice,Rabi,Black,4,10.18,50.68,4.977,919.2,1077.2,-14.67,26.5,52.2,1,0
Karnataka,Sugarcane,Zaid,Black,4,30.72,92.49,3.011,922.2,925.4,-0.35,26.7,151.5,0,0
Uttar Pradesh,Jowar,Rabi,Laterite,2,21.3,92.14,4.327,1473.5,860.0,71.34,22.7,171.1,0,0
Tamil Nadu,Soybean,Kharif,Black,4,44.34,251.46,5.672,761.1,889.9,-14.47,28.7,387.6,1,0
Rajasthan,Bajra,Zaid,Alluvial,5,37.88,41.79,1.103,667.8,946.9,-29.48,26.7,281.4,1,1
Tamil Nadu,Rice,Kharif,Sandy,1,30.05,31.72,1.056,1030.7,1028.9,0.17,22.8,240.3,1,1
Punjab,Bajra,Zaid,Alluvial,5,1.03,5.0,4.851,793.7,775.4,2.36,30.9,94.5,0,0
Punjab,Rice,Zaid,Alluvial,5,44.05,186.42,4.232,638.1,747.8,-14.67,24.9,186.9,1,0
Rajasthan,Pulses,Kharif,Alluvial,5,22.51,55.49,2.465,653.5,912.2,-28.36,19.7,62.5,1,1
Tamil Nadu,Pulses,Rabi,Laterite,2,46.61,161.84,3.472,755.1,1085.3,-30.43,15.4,316.6,0,1
Andhra Pradesh,Maize,Rabi,Alluvial,5,25.03,30.28,1.21,1063.6,645.7,64.72,34.6,107.0,1,0
Punjab,Rice,Rabi,Red,3,34.86,68.41,1.962,907.9,909.9,-0.22,26.8,258.1,0,1
Punjab,Maize,Rabi,Black,4,3.93,12.27,3.122,591.7,1043.6,-43.31,26.5,294.8,0,1
Maharashtra,Wheat,Kharif,Laterite,2,37.39,193.29,5.17,1258.7,942.3,33.57,25.7,178.3,1,0
Tamil Nadu,Wheat,Zaid,Red,3,17.23,58.56,3.398,573.2,899.8,-36.3,33.3,271.4,1,1
Punjab,Bajra,Kharif,Red,3,17.89,70.35,3.932,615.7,931.1,-33.87,26.9,317.5,1,1
Madhya Pradesh,Jowar,Rabi,Sandy,1,6.37,34.22,5.369,1091.8,1120.5,-2.57,35.3,114.4,0,0
Tamil Nadu,Rice,Rabi,Sandy,1,7.77,19.77,2.544,1174.4,969.2,21.17,26.9,260.3,1,0
Karnataka,Cotton,Kharif,Red,3,9.7,43.66,4.503,888.4,617.3,43.91,10.0,306.9,0,0
Maharashtra,Rice,Zaid,Sandy,1,16.75,88.89,5.308,477.3,837.3,-42.99,33.6,175.0,0,1
Punjab,Rice,Kharif,Black,4,44.65,89.89,2.013,824.2,863.1,-4.51,27.9,106.9,1,0
Maharashtra,Cotton,Kharif,Black,4,18.73,52.11,2.782,458.2,1003.9,-54.35,23.0,150.1,1,1
Karnataka,Wheat,Kharif,Sandy,1,36.36,214.47,5.899,1421.2,862.5,64.78,24.5,376.6,1,0
Rajasthan,Maize,Zaid,Alluvial,5,4.6,27.19,5.916,871.8,852.4,2.27,24.2,175.1,1,0
Rajasthan,Bajra,Kharif,Red,3,29.76,62.98,2.116,1000.4,856.4,16.81,18.6,87.7,0,0
Tamil Nadu,Wheat,Kharif,Black,4,24.35,32.44,1.332,707.4,886.0,-20.15,31.3,79.0,1,1
Karnataka,Cotton,Rabi,Sandy,1,48.91,115.16,2.355,1251.4,836.0,49.69,23.3,113.2,1,0
Haryana,Rice,Kharif,Sandy,1,42.39,126.68,2.989,674.4,787.1,-14.32,20.8,94.6,0,0
Haryana,Wheat,Rabi,Black,4,23.01,73.76,3.205,585.3,827.8,-29.3,45.0,223.3,0,1
Tamil Nadu,Sugarcane,Rabi,Black,4,38.87,159.13,4.094,876.2,895.8,-2.18,19.1,171.6,0,0
Uttar Pradesh,Pulses,Rabi,Alluvial,5,10.06,55.28,5.498,1020.0,943.1,8.16,25.5,344.5,0,0
Maharashtra,Rice,Zaid,Sandy,1,28.34,75.14,2.652,1332.2,1260.5,5.69,12.2,358.4,0,0
Maharashtra,Groundnut,Rabi,Sandy,1,4.19,22.02,5.25,1203.6,650.6,84.99,33.5,215.6,0,0
Rajasthan,Cotton,Kharif,Laterite,2,17.73,26.02,1.467,1098.8,938.1,17.13,24.3,361.0,0,1
Haryana,Soybean,Kharif,Alluvial,5,11.68,14.13,1.209,628.7,1071.4,-41.32,30.9,207.7,0,1
West Bengal,Jowar,Rabi,Black,4,36.09,127.03,3.52,623.4,734.0,-15.06,20.3,274.7,0,0
Punjab,Soybean,Rabi,Black,4,24.76,32.15,1.298,580.5,952.7,-39.06,16.3,106.9,0,1
Punjab,Wheat,Kharif,Red,3,37.68,111.62,2.962,762.3,795.3,-4.14,21.5,68.4,0,0
Punjab,Rice,Rabi,Black,4,26.01,142.62,5.484,321.7,772.5,-58.36,34.1,106.0,0,1
Rajasthan,Jowar,Zaid,Sandy,1,4.78,10.55,2.207,1141.4,740.0,54.23,29.5,138.1,1,0
Karnataka,Jowar,Rabi,Black,4,36.9,167.16,4.53,543.9,836.4,-34.98,16.3,312.8,1,1
Andhra Pradesh,Bajra,Zaid,Sandy,1,41.74,104.86,2.512,513.0,830.8,-38.25,11.5,110.7,0,1
Haryana,Soybean,Zaid,Sandy,1,45.22,55.38,1.225,698.5,963.0,-27.46,24.1,95.7,0,1
Haryana,Rice,Zaid,Alluvial,5,28.81,109.01,3.783,464.4,633.4,-26.68,32.6,374.7,1,1
West Bengal,Bajra,Rabi,Black,4,37.8,195.6,5.174,961.1,977.5,-1.68,21.4,291.1,1,0
Maharashtra,Maize,Zaid,Alluvial,5,37.73,114.96,3.047,558.5,974.2,-42.67,32.5,215.7,1,1
Uttar Pradesh,Soybean,Zaid,Sandy,1,8.21,33.55,4.086,925.4,896.3,3.24,26.8,83.2,1,0
Tamil Nadu,Pulses,Rabi,Black,4,8.63,47.46,5.5,1031.2,1193.2,-13.57,36.5,348.1,0,0
Maharashtra,Pulses,Zaid,Black,4,4.01,19.84,4.948,662.7,1035.0,-35.98,21.9,87.9,1,1
Karnataka,Bajra,Rabi,Alluvial,5,16.34,32.17,1.969,620.6,774.9,-19.9,25.6,263.9,1,0
Tamil Nadu,Maize,Kharif,Alluvial,5,23.94,111.72,4.667,599.5,671.6,-10.74,22.1,283.7,0,0
Haryana,Sugarcane,Zaid,Sandy,1,49.9,175.11,3.509,529.4,746.8,-29.11,31.9,190.0,1,1
Karnataka,Sugarcane,Rabi,Sandy,1,21.83,103.27,4.73,694.9,762.8,-8.91,29.5,368.9,1,0
Tamil Nadu,Pulses,Kharif,Black,4,36.45,126.57,3.473,816.8,575.8,41.87,15.8,67.7,0,0
West Bengal,Groundnut,Zaid,Black,4,34.82,57.1,1.64,454.2,924.1,-50.85,30.2,336.3,0,1
West Bengal,Cotton,Zaid,Laterite,2,10.62,40.89,3.85,639.5,652.9,-2.06,17.1,243.8,0,0
Madhya Pradesh,Cotton,Rabi,Laterite,2,3.4,11.75,3.461,839.4,885.0,-5.14,20.5,263.9,0,0
Andhra Pradesh,Groundnut,Kharif,Red,3,27.53,98.81,3.59,808.7,990.7,-18.37,30.5,395.4,0,0
West Bengal,Bajra,Rabi,Sandy,1,35.17,189.7,5.395,133.2,1059.9,-87.43,18.5,253.9,0,1
Haryana,Cotton,Zaid,Red,3,49.91,273.24,5.474,958.4,812.3,17.99,23.8,329.0,0,0
Uttar Pradesh,Cotton,Zaid,Red,3,18.25,59.64,3.268,1109.6,742.6,49.43,30.6,103.7,1,0
Punjab,Soybean,Zaid,Alluvial,5,44.87,147.11,3.279,656.8,1050.5,-37.47,28.5,333.3,1,1
Madhya Pradesh,Soybean,Zaid,Alluvial,5,19.41,69.39,3.576,366.3,1076.0,-65.96,28.1,316.4,1,1
Punjab,Groundnut,Kharif,Laterite,2,34.63,124.58,3.598,608.9,952.4,-36.07,30.8,388.8,0,1
Andhra Pradesh,Rice,Kharif,Red,3,30.11,173.21,5.752,601.5,746.2,-19.39,33.8,377.5,0,0
Tamil Nadu,Maize,Rabi,Laterite,2,3.12,13.26,4.247,1100.0,652.5,68.59,18.6,124.9,1,0
Rajasthan,Bajra,Rabi,Sandy,1,4.38,10.46,2.387,526.6,1017.4,-48.24,28.0,212.7,0,1
West Bengal,Soybean,Rabi,Black,4,1.53,5.59,3.658,710.5,840.8,-15.49,31.8,369.0,0,0
Uttar Pradesh,Soybean,Zaid,Alluvial,5,18.86,77.99,4.136,1219.6,1036.0,17.72,30.6,274.3,1,0
Andhra Pradesh,Sugarcane,Rabi,Sandy,1,37.42,157.11,4.199,840.2,750.2,12.0,25.0,212.3,0,0
Punjab,Maize,Kharif,Sandy,1,9.05,35.54,3.926,848.9,1016.3,-16.47,24.7,88.1,0,0
Madhya Pradesh,Sugarcane,Rabi,Alluvial,5,30.49,57.59,1.889,774.7,1061.1,-26.99,30.9,173.1,1,1
West Bengal,Rice,Rabi,Alluvial,5,14.8,17.28,1.168,1044.4,813.7,28.36,27.3,282.8,0,1
Haryana,Maize,Kharif,Red,3,39.95,107.44,2.689,901.0,896.3,0.53,32.6,321.9,1,0
West Bengal,Cotton,Kharif,Laterite,2,40.02,125.57,3.138,1263.4,675.8,86.94,26.7,206.5,1,0
Madhya Pradesh,Sugarcane,Zaid,Sandy,1,38.88,50.9,1.309,1290.7,679.6,89.92,23.8,69.5,0,1
Madhya Pradesh,Pulses,Kharif,Red,3,26.48,134.38,5.075,878.4,897.6,-2.14,15.4,271.6,1,0
Rajasthan,Bajra,Kharif,Red,3,14.59,39.68,2.72,790.7,769.0,2.82,24.6,372.6,1,0
West Bengal,Cotton,Rabi,Sandy,1,40.57,225.89,5.568,840.9,886.1,-5.1,18.6,223.7,1,0
West Bengal,Maize,Kharif,Sandy,1,9.71,17.21,1.772,658.4,874.6,-24.72,15.0,374.9,0,1
Rajasthan,Pulses,Zaid,Black,4,14.84,19.07,1.285,833.4,947.9,-12.07,20.8,173.9,1,0
Karnataka,Rice,Rabi,Laterite,2,9.61,32.77,3.412,439.5,929.5,-52.72,30.2,360.2,1,1
Karnataka,Pulses,Zaid,Sandy,1,33.87,65.91,1.946,622.0,988.1,-37.05,24.5,325.2,1,1
Tamil Nadu,Soybean,Kharif,Alluvial,5,34.47,196.02,5.687,996.6,884.1,12.73,27.1,386.6,1,0
Karnataka,Groundnut,Zaid,Black,4,32.8,34.49,1.052,934.5,896.1,4.29,30.0,326.9,1,0
Maharashtra,Pulses,Zaid,Laterite,2,21.07,64.55,3.063,768.2,849.7,-9.59,25.8,162.5,0,0
West Bengal,Jowar,Kharif,Alluvial,5,5.46,30.75,5.634,904.7,1007.5,-10.2,21.9,365.2,0,0
Uttar Pradesh,Rice,Kharif,Alluvial,5,45.6,133.26,2.922,1176.5,1126.1,4.48,23.3,284.4,0,0
West Bengal,Cotton,Rabi,Laterite,2,25.63,37.57,1.466,703.6,962.4,-26.9,30.6,106.7,1,1
Maharashtra,Sugarcane,Rabi,Black,4,20.65,51.91,2.514,441.2,924.6,-52.28,25.8,66.1,1,1
Maharashtra,Wheat,Rabi,Alluvial,5,29.65,103.47,3.49,956.8,817.4,17.05,10.7,178.0,1,0
Punjab,Rice,Kharif,Red,3,10.04,19.34,1.926,934.1,886.4,5.37,23.9,325.4,1,0
West Bengal,Jowar,Zaid,Laterite,2,7.06,23.53,3.333,989.9,790.8,25.19,29.2,266.4,1,0
Andhra Pradesh,Soybean,Zaid,Laterite,2,20.57,106.61,5.182,500.7,757.6,-33.91,27.1,234.5,0,1
Maharashtra,Sugarcane,Rabi,Sandy,1,11.75,63.0,5.363,424.9,820.6,-48.21,19.9,51.3,1,1
Uttar Pradesh,Bajra,Rabi,Black,4,12.59,15.69,1.246,866.2,1118.4,-22.55,21.5,202.4,0,1
Rajasthan,Wheat,Kharif,Red,3,44.68,80.62,1.805,848.7,837.3,1.37,14.3,105.2,0,1
Tamil Nadu,Pulses,Zaid,Red,3,26.77,63.62,2.376,710.7,1093.5,-35.01,29.3,209.1,1,1
Punjab,Jowar,Rabi,Sandy,1,24.43,97.1,3.974,1161.7,704.2,64.97,29.7,397.1,0,0
Rajasthan,Pulses,Kharif,Alluvial,5,34.63,97.13,2.805,797.5,870.8,-8.42,25.2,357.8,0,0
Punjab,Bajra,Rabi,Alluvial,5,47.6,248.49,5.22,1107.8,958.1,15.62,23.9,158.7,1,0
Uttar Pradesh,Rice,Kharif,Red,3,6.05,27.75,4.583,1019.6,965.8,5.56,19.5,257.7,1,0
Madhya Pradesh,Groundnut,Zaid,Black,4,41.76,62.74,1.502,527.5,687.6,-23.27,28.0,225.7,1,1
West Bengal,Jowar,Kharif,Alluvial,5,29.41,121.25,4.123,578.3,667.6,-13.39,16.1,95.5,1,0
Haryana,Maize,Rabi,Laterite,2,7.74,12.11,1.565,479.4,942.9,-49.15,30.7,396.4,1,1
Andhra Pradesh,Cotton,Rabi,Sandy,1,15.21,34.6,2.275,907.8,767.0,18.36,29.5,198.8,1,0
Rajasthan,Maize,Zaid,Black,4,24.38,46.06,1.889,824.5,945.2,-12.76,33.0,227.0,0,1
West Bengal,Groundnut,Zaid,Alluvial,5,34.71,64.75,1.865,1137.5,1065.4,6.77,26.3,276.7,1,0
Andhra Pradesh,Bajra,Rabi,Red,3,12.51,51.06,4.082,948.8,751.6,26.24,22.9,117.0,0,0
Madhya Pradesh,Maize,Rabi,Sandy,1,26.98,103.0,3.818,475.5,771.7,-38.38,28.6,127.8,1,1
Haryana,Soybean,Rabi,Alluvial,5,34.39,64.66,1.88,684.5,546.1,25.35,30.7,117.4,0,1
Andhra Pradesh,Jowar,Zaid,Red,3,22.71,135.16,5.951,272.4,970.2,-71.92,19.1,184.6,0,1
Andhra Pradesh,Soybean,Rabi,Alluvial,5,43.22,134.38,3.109,873.3,1169.6,-25.33,25.6,119.9,1,1
Rajasthan,Wheat,Zaid,Sandy,1,43.54,64.67,1.485,1497.7,663.0,125.9,27.6,374.2,1,1
Karnataka,Groundnut,Rabi,Laterite,2,23.8,38.15,1.603,832.7,1036.6,-19.67,28.9,300.0,0,1
Haryana,Wheat,Kharif,Laterite,2,48.66,190.72,3.919,850.3,1050.3,-19.04,23.9,364.2,1,0
West Bengal,Wheat,Kharif,Red,3,4.24,25.0,5.895,795.7,967.6,-17.77,29.8,347.0,1,0
Madhya Pradesh,Wheat,Rabi,Laterite,2,0.67,2.57,3.86,889.0,759.2,17.1,20.2,296.1,1,0
Haryana,Rice,Kharif,Sandy,1,19.34,111.13,5.745,760.9,813.5,-6.46,38.1,135.0,0,0
Uttar Pradesh,Rice,Zaid,Red,3,30.25,97.44,3.221,954.5,932.9,2.32,22.3,265.4,1,0
Karnataka,Groundnut,Kharif,Alluvial,5,31.65,100.61,3.179,606.9,928.5,-34.63,28.4,115.2,0,1
Uttar Pradesh,Sugarcane,Kharif,Black,4,24.08,84.3,3.5,617.3,812.4,-24.02,22.7,96.4,0,1
Madhya Pradesh,Maize,Zaid,Alluvial,5,6.68,29.98,4.487,476.9,919.1,-48.11,26.6,271.4,1,1
Rajasthan,Rice,Kharif,Sandy,1,8.94,25.37,2.838,791.9,795.8,-0.5,19.5,268.6,0,0
Rajasthan,Pulses,Kharif,Red,3,42.68,227.04,5.319,523.5,833.1,-37.16,32.5,104.8,1,1
Madhya Pradesh,Soybean,Rabi,Alluvial,5,43.46,49.82,1.146,1163.1,819.6,41.92,21.1,173.3,1,0
Punjab,Rice,Zaid,Red,3,33.86,108.31,3.199,692.3,1014.2,-31.74,26.5,73.2,1,1
Madhya Pradesh,Bajra,Zaid,Laterite,2,33.38,118.66,3.555,307.7,635.7,-51.59,25.6,300.5,1,1
Karnataka,Wheat,Rabi,Black,4,30.09,121.4,4.035,516.1,947.5,-45.52,21.8,395.6,1,1
Maharashtra,Rice,Rabi,Sandy,1,10.54,25.1,2.38,833.8,903.9,-7.76,10.7,309.0,1,0
Rajasthan,Groundnut,Kharif,Alluvial,5,21.7,68.08,3.137,963.1,509.6,88.98,32.4,345.5,0,0
Tamil Nadu,Soybean,Kharif,Black,4,34.95,119.61,3.423,888.5,980.7,-9.4,26.9,216.7,1,0
Karnataka,Soybean,Kharif,Sandy,1,27.09,120.15,4.435,594.4,999.4,-40.52,15.6,83.5,1,1
Karnataka,Sugarcane,Rabi,Sandy,1,1.42,6.91,4.868,657.2,789.2,-16.73,14.5,304.3,1,0
Karnataka,Cotton,Zaid,Laterite,2,47.7,223.68,4.689,627.9,922.7,-31.95,24.1,139.8,0,1
Andhra Pradesh,Cotton,Kharif,Red,3,42.32,114.59,2.708,941.7,890.1,5.79,25.5,185.9,0,0
Karnataka,Maize,Rabi,Red,3,13.4,80.35,5.997,829.1,1184.8,-30.02,24.7,296.1,1,1
Rajasthan,Pulses,Zaid,Black,4,31.01,162.62,5.243,688.1,925.4,-25.63,34.7,366.7,0,1
Maharashtra,Jowar,Rabi,Laterite,2,46.2,106.27,2.3,635.1,865.9,-26.65,16.0,220.2,0,1
Maharashtra,Groundnut,Kharif,Sandy,1,5.25,10.38,1.976,669.3,1014.2,-34.01,27.3,386.6,1,1
Karnataka,Bajra,Rabi,Laterite,2,25.4,65.28,2.57,802.1,1091.2,-26.49,29.9,232.0,1,1
Uttar Pradesh,Rice,Rabi,Laterite,2,23.08,75.29,3.262,1135.2,1160.8,-2.21,29.7,92.9,1,0
Rajasthan,Groundnut,Rabi,Black,4,20.81,109.31,5.254,846.6,760.4,11.35,31.4,231.5,1,0
Rajasthan,Pulses,Rabi,Red,3,41.86,204.78,4.892,715.8,914.5,-21.72,26.7,351.2,1,1
Haryana,Cotton,Zaid,Laterite,2,19.34,101.67,5.256,696.4,756.8,-7.99,27.5,238.3,0,0
West Bengal,Groundnut,Kharif,Laterite,2,3.65,8.62,2.36,1225.5,1198.2,2.28,24.0,311.7,1,0
Punjab,Rice,Zaid,Laterite,2,3.76,14.91,3.967,1006.2,857.1,17.39,16.9,241.8,0,0
Punjab,Sugarcane,Rabi,Alluvial,5,2.62,6.32,2.416,1044.7,993.6,5.14,28.0,241.1,0,0
Uttar Pradesh,Maize,Rabi,Laterite,2,20.75,32.07,1.545,986.8,825.2,19.59,23.6,149.7,1,1
Punjab,Sugarcane,Kharif,Laterite,2,36.06,159.43,4.421,787.5,924.9,-14.85,21.5,120.4,0,0
Haryana,Cotton,Kharif,Sandy,1,10.58,18.15,1.715,1099.4,579.1,89.85,28.2,147.6,1,1
Madhya Pradesh,Wheat,Zaid,Alluvial,5,32.5,141.0,4.338,433.0,1006.0,-56.95,28.8,204.3,1,1
Punjab,Cotton,Zaid,Laterite,2,34.51,146.32,4.24,1187.7,1045.4,13.62,21.8,333.4,0,0
Rajasthan,Maize,Kharif,Laterite,2,13.13,66.34,5.051,985.5,761.1,29.49,27.5,340.1,0,0
Madhya Pradesh,Rice,Zaid,Black,4,30.23,51.32,1.698,921.5,578.5,59.28,25.5,107.2,1,0
Punjab,Pulses,Rabi,Black,4,34.4,169.16,4.917,610.8,1072.4,-43.05,27.1,243.5,0,1
Rajasthan,Jowar,Rabi,Alluvial,5,23.6,141.5,5.996,1032.7,1053.4,-1.96,33.5,195.6,1,0
Rajasthan,Sugarcane,Kharif,Sandy,1,17.17,90.22,5.255,1086.3,968.7,12.14,28.7,249.8,0,0
Karnataka,Cotton,Zaid,Alluvial,5,31.15,148.24,4.759,623.9,822.2,-24.12,28.2,276.7,1,1
Maharashtra,Pulses,Rabi,Alluvial,5,48.9,210.81,4.311,631.5,808.0,-21.84,20.7,147.9,1,1
Uttar Pradesh,Sugarcane,Kharif,Black,4,21.63,67.24,3.109,541.6,1050.1,-48.42,21.5,371.7,1,1
Haryana,Cotton,Zaid,Black,4,19.89,92.54,4.653,937.0,801.9,16.85,28.9,377.4,0,0
Andhra Pradesh,Maize,Rabi,Sandy,1,23.48,108.5,4.621,775.5,873.6,-11.24,16.5,86.9,0,0
West Bengal,Sugarcane,Zaid,Laterite,2,4.27,17.76,4.157,1330.6,849.2,56.69,23.9,296.1,0,0
Punjab,Cotton,Zaid,Sandy,1,27.88,138.89,4.981,416.5,899.2,-53.68,21.4,61.6,1,1
Punjab,Rice,Zaid,Laterite,2,16.77,54.4,3.244,582.3,833.9,-30.17,25.1,66.3,0,1
Madhya Pradesh,Maize,Kharif,Red,3,6.51,10.46,1.606,803.0,851.5,-5.69,24.7,385.2,1,0
Madhya Pradesh,Pulses,Rabi,Black,4,23.58,89.49,3.795,966.3,1118.7,-13.63,26.8,293.2,1,0
West Bengal,Pulses,Kharif,Red,3,0.67,1.55,2.325,954.9,928.7,2.82,28.8,163.6,1,0
Punjab,Jowar,Rabi,Red,3,20.39,59.58,2.922,821.1,907.4,-9.51,31.8,284.5,1,0
Tamil Nadu,Groundnut,Rabi,Black,4,5.73,6.23,1.087,888.1,973.3,-8.75,32.3,346.0,1,0
Haryana,Wheat,Kharif,Red,3,1.7,4.96,2.914,829.6,682.2,21.61,24.6,354.8,0,0
Punjab,Rice,Kharif,Alluvial,5,41.31,208.38,5.044,1062.3,1002.6,5.95,22.5,57.2,0,0
Maharashtra,Maize,Rabi,Laterite,2,45.85,170.29,3.714,660.9,895.4,-26.19,21.3,336.4,1,1
West Bengal,Sugarcane,Rabi,Sandy,1,10.78,11.31,1.049,689.3,757.4,-9.0,24.1,348.6,1,1
Tamil Nadu,Pulses,Rabi,Black,4,27.2,91.08,3.349,972.4,835.6,16.37,20.1,258.4,0,0
Haryana,Rice,Zaid,Alluvial,5,14.26,35.04,2.457,1193.1,930.0,28.29,28.8,218.0,1,0
Punjab,Maize,Rabi,Sandy,1,24.93,84.46,3.388,641.4,862.9,-25.67,32.1,88.8,1,1
Andhra Pradesh,Maize,Kharif,Sandy,1,22.11,66.86,3.023,860.3,1012.9,-15.07,16.9,133.9,0,0
Karnataka,Sugarcane,Kharif,Sandy,1,13.82,78.21,5.66,705.4,737.3,-4.32,26.1,221.7,1,0
Maharashtra,Maize,Kharif,Red,3,35.17,42.41,1.206,938.7,681.2,37.79,35.3,352.8,0,1
Andhra Pradesh,Bajra,Rabi,Red,3,6.76,29.87,4.418,389.7,735.7,-47.03,17.1,331.1,0,1
Madhya Pradesh,Rice,Rabi,Red,3,3.13,16.43,5.255,713.6,788.5,-9.51,34.9,223.6,1,0
Madhya Pradesh,Cotton,Zaid,Red,3,38.5,223.15,5.796,656.4,870.1,-24.56,20.8,325.0,1,1
Punjab,Pulses,Zaid,Alluvial,5,33.46,63.19,1.888,714.4,800.3,-10.73,22.4,318.0,1,0
Madhya Pradesh,Pulses,Kharif,Red,3,25.18,92.06,3.657,165.3,671.9,-75.4,29.7,252.7,1,1
Maharashtra,Cotton,Zaid,Black,4,23.66,28.81,1.218,1306.1,647.0,101.86,29.0,127.1,1,0
Haryana,Rice,Zaid,Sandy,1,25.12,87.82,3.496,176.5,658.2,-73.19,25.4,171.8,1,1
Rajasthan,Wheat,Kharif,Alluvial,5,22.13,36.02,1.627,919.1,806.7,13.92,21.4,107.4,1,0
Uttar Pradesh,Rice,Rabi,Red,3,19.95,103.52,5.189,476.5,728.3,-34.57,18.5,52.5,0,1
West Bengal,Soybean,Zaid,Sandy,1,25.23,39.6,1.569,488.8,792.4,-38.31,25.5,78.2,0,1
Haryana,Maize,Rabi,Alluvial,5,26.66,95.09,3.566,834.5,1049.1,-20.46,24.7,315.9,1,1
Rajasthan,Groundnut,Kharif,Sandy,1,34.75,125.29,3.605,972.8,674.5,44.22,21.2,61.7,1,0
Tamil Nadu,Sugarcane,Kharif,Alluvial,5,35.7,209.17,5.858,531.1,894.9,-40.65,24.5,189.9,1,1
Maharashtra,Bajra,Zaid,Laterite,2,19.19,82.05,4.275,523.0,672.3,-22.21,27.5,395.0,1,1
Andhra Pradesh,Groundnut,Kharif,Alluvial,5,20.97,51.15,2.439,476.3,649.8,-26.7,32.4,328.3,0,1
Rajasthan,Cotton,Kharif,Red,3,19.0,41.87,2.204,853.7,905.7,-5.74,27.2,312.7,0,0
Maharashtra,Sugarcane,Kharif,Sandy,1,27.06,44.41,1.641,538.2,951.2,-43.42,24.9,146.1,1,1
Karnataka,Sugarcane,Zaid,Sandy,1,22.94,109.72,4.783,1122.2,968.4,15.89,21.1,274.6,0,0
Andhra Pradesh,Sugarcane,Zaid,Sandy,1,44.54,198.35,4.454,511.6,1016.6,-49.68,21.5,224.5,1,1
Madhya Pradesh,Pulses,Zaid,Black,4,34.97,141.61,4.049,935.5,823.4,13.61,27.3,268.3,1,0
Madhya Pradesh,Bajra,Kharif,Black,4,44.98,54.17,1.204,1186.2,891.2,33.09,27.6,202.5,0,1
Andhra Pradesh,Pulses,Rabi,Red,3,35.6,171.39,4.814,817.2,792.2,3.16,24.7,235.8,1,0
Tamil Nadu,Maize,Kharif,Laterite,2,48.56,204.43,4.209,352.4,1043.9,-66.24,31.4,395.9,1,1
Tamil Nadu,Soybean,Zaid,Black,4,31.97,186.04,5.819,900.0,713.3,26.18,26.4,165.3,1,0
Tamil Nadu,Jowar,Rabi,Alluvial,5,48.2,189.7,3.936,738.4,925.1,-20.18,23.1,125.8,1,1
Rajasthan,Bajra,Rabi,Red,3,8.33,20.99,2.52,789.6,690.2,14.4,22.1,207.0,1,0
West Bengal,Groundnut,Zaid,Laterite,2,3.1,9.01,2.908,1196.5,866.5,38.09,21.7,233.5,1,0
Rajasthan,Maize,Rabi,Alluvial,5,29.17,54.81,1.879,812.9,609.0,33.47,28.9,80.0,1,0
Punjab,Rice,Rabi,Sandy,1,49.18,226.96,4.615,928.4,884.0,5.02,22.3,332.1,0,0
Uttar Pradesh,Cotton,Zaid,Black,4,21.17,96.09,4.539,634.5,1146.1,-44.64,26.6,197.7,0,1
Andhra Pradesh,Soybean,Rabi,Alluvial,5,11.0,22.03,2.003,729.8,766.2,-4.74,20.9,194.6,1,0
Haryana,Maize,Rabi,Laterite,2,26.32,47.17,1.792,1080.8,813.6,32.83,25.0,280.6,1,1
Uttar Pradesh,Rice,Zaid,Red,3,32.62,45.17,1.385,834.1,980.0,-14.89,25.7,320.6,1,0
Karnataka,Soybean,Rabi,Alluvial,5,16.1,89.52,5.56,871.4,856.7,1.71,40.2,395.1,1,0
Rajasthan,Rice,Rabi,Red,3,35.88,77.7,2.165,1050.3,1033.3,1.64,18.2,110.7,1,0
Rajasthan,Bajra,Rabi,Sandy,1,48.77,132.69,2.721,1207.5,909.0,32.84,30.9,170.9,1,0
Maharashtra,Rice,Rabi,Laterite,2,44.9,107.87,2.403,511.0,981.3,-47.92,21.4,108.9,1,1
Uttar Pradesh,Soybean,Zaid,Laterite,2,14.93,45.82,3.068,677.1,553.3,22.37,34.1,358.3,0,0
Maharashtra,Rice,Kharif,Black,4,16.67,76.2,4.57,1164.5,863.8,34.81,21.8,242.0,0,0
Haryana,Groundnut,Kharif,Laterite,2,18.89,101.12,5.353,1298.1,683.8,89.83,32.2,348.4,1,0
Maharashtra,Maize,Rabi,Alluvial,5,20.03,38.32,1.913,734.5,790.8,-7.11,27.3,394.8,1,0
Uttar Pradesh,Soybean,Zaid,Alluvial,5,5.47,24.22,4.432,867.8,914.8,-5.14,18.0,242.6,1,0
Andhra Pradesh,Groundnut,Zaid,Alluvial,5,38.22,105.59,2.763,887.8,815.6,8.86,27.2,91.4,0,0
Karnataka,Rice,Rabi,Sandy,1,18.58,109.7,5.903,858.6,732.4,17.23,29.1,176.4,0,0
Rajasthan,Rice,Kharif,Laterite,2,44.05,109.89,2.495,861.9,1038.1,-16.98,29.5,62.7,1,0
Haryana,Sugarcane,Rabi,Laterite,2,46.38,48.05,1.036,1141.2,1001.1,14.0,24.6,347.3,1,1
Rajasthan,Soybean,Zaid,Alluvial,5,1.71,6.12,3.578,349.8,644.2,-45.7,41.6,56.3,1,1
Punjab,Bajra,Zaid,Black,4,49.43,86.68,1.754,636.2,964.4,-34.03,37.7,257.3,1,1
Karnataka,Rice,Kharif,Black,4,35.65,43.58,1.222,959.7,875.5,9.61,28.0,87.1,1,0
West Bengal,Cotton,Zaid,Laterite,2,26.26,117.94,4.491,675.9,885.4,-23.65,18.1,52.6,0,1
Maharashtra,Pulses,Zaid,Laterite,2,19.78,92.21,4.661,871.6,1083.3,-19.54,20.0,139.7,1,0
Madhya Pradesh,Jowar,Zaid,Red,3,26.17,86.44,3.303,1071.6,873.2,22.72,24.4,243.1,1,0
Uttar Pradesh,Pulses,Kharif,Laterite,2,16.57,72.65,4.384,1200.0,957.1,25.38,25.4,76.3,1,0
Rajasthan,Bajra,Zaid,Alluvial,5,31.32,115.62,3.691,869.4,882.1,-1.44,21.0,265.2,0,0
Maharashtra,Maize,Rabi,Sandy,1,5.1,21.17,4.149,1172.4,882.9,32.78,22.7,285.2,1,0
Haryana,Wheat,Kharif,Laterite,2,31.25,124.47,3.984,835.5,711.2,17.47,14.1,389.4,1,0
Rajasthan,Cotton,Rabi,Laterite,2,14.13,61.17,4.329,724.1,1218.1,-40.55,13.0,364.8,0,1
West Bengal,Wheat,Rabi,Alluvial,5,1.37,2.74,1.998,414.2,400.0,3.56,26.1,248.4,0,1
Karnataka,Rice,Kharif,Red,3,27.86,65.29,2.344,549.2,741.2,-25.9,35.6,327.7,0,1
Karnataka,Maize,Rabi,Laterite,2,29.13,93.22,3.2,801.2,776.7,3.15,16.7,177.3,1,0
Rajasthan,Groundnut,Kharif,Black,4,21.62,69.83,3.231,806.4,986.3,-18.24,24.7,255.0,0,0
Haryana,Rice,Rabi,Black,4,4.08,19.87,4.872,857.4,638.4,34.31,25.9,191.2,1,0
Karnataka,Wheat,Kharif,Black,4,44.72,126.87,2.837,1259.1,823.7,52.87,28.2,168.0,1,0
Karnataka,Rice,Zaid,Sandy,1,30.77,55.76,1.813,987.8,968.0,2.04,22.9,304.7,1,1
West Bengal,Jowar,Zaid,Sandy,1,6.23,14.06,2.257,1001.1,667.3,50.02,19.4,153.8,0,0
Uttar Pradesh,Sugarcane,Rabi,Laterite,2,25.79,53.48,2.074,1257.0,829.5,51.54,29.9,183.2,0,0
Haryana,Jowar,Zaid,Laterite,2,25.11,116.99,4.658,710.9,824.8,-13.81,14.3,178.5,0,0
Haryana,Maize,Kharif,Laterite,2,3.49,11.7,3.352,672.8,760.3,-11.51,28.3,354.6,0,0
Andhra Pradesh,Groundnut,Rabi,Sandy,1,30.54,138.75,4.543,1105.6,855.5,29.23,21.2,109.6,1,0
Andhra Pradesh,Jowar,Zaid,Laterite,2,40.51,124.82,3.081,921.5,786.2,17.21,27.5,183.5,1,0
Karnataka,Soybean,Zaid,Alluvial,5,37.58,204.74,5.449,788.9,995.1,-20.72,33.0,360.8,1,1
Madhya Pradesh,Groundnut,Rabi,Red,3,10.55,62.41,5.918,784.9,929.4,-15.55,21.9,55.4,0,0
Andhra Pradesh,Wheat,Zaid,Black,4,43.18,187.81,4.349,757.0,822.3,-7.95,23.8,381.8,1,0
Karnataka,Jowar,Zaid,Black,4,17.46,92.85,5.319,774.8,859.9,-9.9,23.5,364.6,1,0
Tamil Nadu,Sugarcane,Rabi,Alluvial,5,47.35,167.61,3.54,799.3,791.6,0.97,39.7,196.2,1,0
Punjab,Groundnut,Zaid,Laterite,2,4.05,22.98,5.673,725.6,1050.5,-30.93,25.2,278.6,1,1
Punjab,Rice,Zaid,Sandy,1,24.57,126.72,5.158,938.9,917.8,2.29,25.0,396.9,0,0
Haryana,Sugarcane,Zaid,Laterite,2,30.06,179.11,5.959,986.6,829.0,19.01,25.5,244.2,0,0
Madhya Pradesh,Rice,Zaid,Laterite,2,12.76,52.51,4.115,658.8,915.8,-28.06,34.1,83.9,1,1
West Bengal,Jowar,Rabi,Black,4,38.68,189.39,4.896,1025.7,1133.3,-9.5,22.2,348.8,1,0
Uttar Pradesh,Cotton,Kharif,Black,4,31.53,117.12,3.714,482.2,747.2,-35.47,30.8,97.0,0,1
Andhra Pradesh,Cotton,Kharif,Sandy,1,1.4,3.21,2.296,925.9,982.7,-5.77,21.4,140.0,0,0
Tamil Nadu,Wheat,Zaid,Black,4,30.61,84.92,2.774,938.4,912.1,2.88,21.0,355.7,1,0
Karnataka,Sugarcane,Zaid,Laterite,2,24.83,135.81,5.47,779.1,817.6,-4.71,28.2,139.6,1,0
Madhya Pradesh,Rice,Kharif,Alluvial,5,10.2,13.06,1.28,814.3,740.6,9.96,33.3,310.8,1,0
Haryana,Bajra,Zaid,Sandy,1,49.79,197.04,3.957,741.6,978.9,-24.24,23.7,206.7,0,1
Andhra Pradesh,Sugarcane,Kharif,Alluvial,5,44.91,128.55,2.862,673.1,893.6,-24.68,23.7,315.9,1,1
Madhya Pradesh,Soybean,Rabi,Laterite,2,14.98,43.94,2.933,800.1,1066.6,-24.98,29.8,131.3,1,1
Andhra Pradesh,Wheat,Rabi,Sandy,1,27.28,147.95,5.423,663.4,1025.2,-35.29,25.9,196.8,1,1
Uttar Pradesh,Pulses,Rabi,Alluvial,5,16.17,85.18,5.269,1084.9,895.1,21.21,30.1,161.4,1,0
Uttar Pradesh,Pulses,Rabi,Sandy,1,38.89,155.32,3.994,274.4,741.7,-63.01,16.2,137.2,1,1
West Bengal,Rice,Rabi,Laterite,2,46.55,110.08,2.365,766.4,1158.1,-33.83,19.8,160.1,0,1
Punjab,Cotton,Rabi,Sandy,1,18.26,61.68,3.377,324.8,757.1,-57.1,25.6,163.0,1,1
Maharashtra,Groundnut,Kharif,Laterite,2,40.38,122.8,3.041,534.0,974.6,-45.2,28.7,384.4,0,1
Maharashtra,Soybean,Zaid,Sandy,1,25.17,69.68,2.768,655.8,584.2,12.25,25.2,236.6,0,0
Andhra Pradesh,Pulses,Kharif,Sandy,1,20.13,30.48,1.514,1134.9,1085.6,4.54,26.5,211.7,0,1
West Bengal,Rice,Rabi,Black,4,46.95,174.45,3.716,1088.4,544.9,99.74,29.6,226.2,0,0
Maharashtra,Rice,Zaid,Laterite,2,25.77,64.65,2.509,818.2,803.0,1.89,18.5,398.6,1,0
Haryana,Jowar,Zaid,Red,3,23.64,101.73,4.304,816.0,690.7,18.14,29.6,278.8,0,0
Maharashtra,Cotton,Rabi,Sandy,1,33.79,87.71,2.596,1059.4,1059.3,0.0,32.3,296.2,1,0
Rajasthan,Sugarcane,Rabi,Alluvial,5,13.43,42.39,3.156,1082.8,738.7,46.59,23.9,159.8,1,0
Karnataka,Groundnut,Rabi,Black,4,16.58,20.92,1.262,656.3,929.3,-29.38,20.8,215.0,0,1
West Bengal,Jowar,Rabi,Black,4,46.64,278.08,5.963,968.2,890.0,8.78,31.3,114.4,0,0
Haryana,Pulses,Rabi,Sandy,1,34.09,120.6,3.538,560.9,633.2,-11.43,36.3,289.8,1,0
Madhya Pradesh,Groundnut,Rabi,Red,3,41.42,46.44,1.121,702.6,1004.3,-30.04,26.9,170.6,0,1
Haryana,Wheat,Zaid,Black,4,13.92,51.59,3.706,948.6,847.6,11.91,20.7,311.9,1,0
Punjab,Cotton,Rabi,Laterite,2,27.42,146.73,5.352,635.6,1076.1,-40.94,26.0,124.6,0,1
Madhya Pradesh,Pulses,Rabi,Sandy,1,48.58,236.25,4.863,711.3,942.0,-24.5,21.0,191.2,0,1
Tamil Nadu,Rice,Zaid,Sandy,1,16.28,73.32,4.505,385.3,736.0,-47.65,30.3,214.9,1,1
Karnataka,Pulses,Kharif,Red,3,8.44,14.33,1.697,912.7,819.8,11.33,25.7,108.3,0,1
Karnataka,Bajra,Rabi,Laterite,2,25.79,110.6,4.289,579.4,815.6,-28.96,20.4,74.4,0,1
Karnataka,Maize,Zaid,Laterite,2,19.7,95.17,4.831,594.7,966.7,-38.48,27.2,161.0,0,1
Karnataka,Maize,Zaid,Red,3,8.4,32.44,3.862,1138.8,961.8,18.41,22.1,240.7,0,0
Andhra Pradesh,Pulses,Kharif,Alluvial,5,44.48,243.05,5.464,628.2,749.0,-16.13,18.1,278.4,0,0
Karnataka,Bajra,Rabi,Laterite,2,49.54,118.15,2.385,988.1,992.1,-0.4,30.6,198.8,0,0
Karnataka,Pulses,Rabi,Alluvial,5,28.64,63.33,2.211,1074.8,911.0,17.98,27.8,225.1,1,0
Karnataka,Maize,Rabi,Alluvial,5,38.85,207.75,5.348,1029.3,950.4,8.3,23.2,240.1,1,0
West Bengal,Jowar,Zaid,Sandy,1,43.02,177.55,4.127,737.7,927.7,-20.48,33.6,229.2,1,1
Andhra Pradesh,Wheat,Rabi,Sandy,1,35.2,35.45,1.007,693.2,974.4,-28.86,21.5,81.6,1,1
Uttar Pradesh,Maize,Rabi,Black,4,2.69,7.43,2.766,571.7,710.1,-19.49,23.4,191.8,1,0
Haryana,Wheat,Rabi,Sandy,1,8.3,43.92,5.289,359.6,878.5,-59.06,28.3,121.5,1,1
Haryana,Rice,Rabi,Laterite,2,4.01,4.56,1.137,993.1,1001.1,-0.8,31.3,236.8,1,1
Madhya Pradesh,Wheat,Kharif,Laterite,2,0.99,1.01,1.016,969.3,1017.4,-4.72,28.3,315.3,1,1
West Bengal,Jowar,Kharif,Alluvial,5,15.65,37.65,2.406,919.2,1017.1,-9.62,22.6,252.8,1,0
Rajasthan,Bajra,Kharif,Laterite,2,19.92,110.96,5.57,100.0,717.1,-86.06,24.6,127.6,1,1
Haryana,Wheat,Rabi,Sandy,1,12.43,68.46,5.507,755.7,1161.7,-34.95,22.1,122.7,1,1
Maharashtra,Groundnut,Rabi,Sandy,1,3.7,13.29,3.594,957.4,1114.8,-14.12,24.0,62.9,1,0
Rajasthan,Sugarcane,Zaid,Sandy,1,26.73,100.66,3.766,1121.6,720.2,55.75,24.5,199.2,1,0
Karnataka,Maize,Zaid,Red,3,14.03,37.32,2.66,874.7,805.1,8.64,28.5,201.5,1,0
Karnataka,Bajra,Zaid,Laterite,2,39.9,88.53,2.219,848.5,952.8,-10.95,21.9,132.8,1,0
Andhra Pradesh,Soybean,Rabi,Black,4,0.9,4.56,5.076,630.3,741.8,-15.03,31.7,317.5,1,0
Rajasthan,Rice,Kharif,Laterite,2,42.21,64.64,1.531,894.6,937.3,-4.55,25.9,185.3,1,1
Maharashtra,Sugarcane,Kharif,Laterite,2,47.76,164.14,3.437,740.8,881.8,-15.99,20.9,284.3,0,0
Andhra Pradesh,Groundnut,Kharif,Red,3,35.95,149.98,4.172,617.7,1043.3,-40.8,28.3,274.0,1,1
Madhya Pradesh,Cotton,Rabi,Laterite,2,36.82,55.9,1.518,510.6,914.5,-44.16,25.3,261.7,0,1
Rajasthan,Jowar,Kharif,Alluvial,5,46.71,168.07,3.598,563.6,545.4,3.33,23.2,367.8,0,0
West Bengal,Pulses,Zaid,Sandy,1,10.85,42.18,3.888,881.2,979.4,-10.02,34.5,55.6,1,0
Karnataka,Sugarcane,Zaid,Sandy,1,49.73,234.36,4.712,453.0,1034.4,-56.21,24.1,73.8,1,1
Karnataka,Bajra,Kharif,Red,3,38.79,84.33,2.174,726.5,840.5,-13.57,23.3,302.7,0,0
Punjab,Bajra,Zaid,Sandy,1,36.47,89.95,2.467,1127.0,872.2,29.21,31.8,173.7,1,0
Andhra Pradesh,Bajra,Kharif,Alluvial,5,18.37,70.7,3.848,441.5,872.7,-49.41,29.0,395.3,1,1
Uttar Pradesh,Rice,Kharif,Red,3,27.52,162.77,5.916,912.3,762.2,19.69,30.5,125.7,0,0
Uttar Pradesh,Wheat,Zaid,Black,4,32.87,68.61,2.087,936.8,1220.4,-23.24,22.6,114.2,0,1
Andhra Pradesh,Maize,Zaid,Sandy,1,31.21,185.04,5.93,727.2,732.6,-0.75,27.3,255.9,1,0
West Bengal,Cotton,Zaid,Laterite,2,35.4,161.82,4.572,955.5,989.2,-3.4,17.7,147.8,0,0
Tamil Nadu,Pulses,Zaid,Alluvial,5,4.58,23.49,5.13,753.0,988.5,-23.83,14.5,169.2,0,1
Andhra Pradesh,Bajra,Kharif,Alluvial,5,18.1,26.22,1.448,998.8,781.3,27.84,22.5,372.4,0,1
West Bengal,Pulses,Zaid,Sandy,1,21.98,55.0,2.502,533.0,709.5,-24.88,26.3,59.2,1,1
Madhya Pradesh,Soybean,Zaid,Black,4,13.4,17.27,1.289,1272.3,834.0,52.54,40.4,235.9,0,1
Karnataka,Rice,Rabi,Laterite,2,9.05,25.85,2.858,1159.3,954.6,21.45,33.5,167.2,1,0
Maharashtra,Bajra,Zaid,Black,4,7.38,43.57,5.906,242.6,896.0,-72.93,19.4,171.1,1,1
Tamil Nadu,Soybean,Zaid,Black,4,18.64,28.45,1.526,1093.1,1122.4,-2.61,31.3,136.7,0,1
Rajasthan,Cotton,Kharif,Sandy,1,24.93,95.01,3.812,655.7,761.9,-13.93,17.9,97.2,1,0
Tamil Nadu,Cotton,Kharif,Laterite,2,3.62,3.73,1.03,1158.1,765.5,51.29,35.2,62.1,1,1
Maharashtra,Maize,Rabi,Sandy,1,47.35,216.08,4.563,1052.2,982.3,7.12,23.0,395.7,1,0
Punjab,Groundnut,Zaid,Sandy,1,38.38,76.22,1.986,528.2,599.8,-11.93,22.6,281.1,1,1
Karnataka,Maize,Zaid,Alluvial,5,36.68,60.44,1.648,943.8,765.5,23.28,32.1,322.0,0,1
Uttar Pradesh,Wheat,Zaid,Sandy,1,9.06,24.32,2.685,624.8,830.4,-24.76,22.6,72.8,1,1
West Bengal,Pulses,Zaid,Red,3,30.39,147.54,4.855,934.5,847.9,10.22,36.5,55.2,0,0
Andhra Pradesh,Jowar,Zaid,Laterite,2,26.72,40.97,1.533,811.5,773.8,4.87,22.6,260.1,0,1
Andhra Pradesh,Cotton,Zaid,Alluvial,5,49.13,105.59,2.149,617.6,576.4,7.16,31.3,303.3,0,0
Uttar Pradesh,Jowar,Rabi,Laterite,2,37.51,39.1,1.042,465.8,1062.2,-56.15,26.7,188.2,1,1
Tamil Nadu,Rice,Zaid,Alluvial,5,29.0,169.42,5.842,857.5,1054.3,-18.66,30.1,185.7,0,0
Karnataka,Sugarcane,Zaid,Red,3,42.62,168.79,3.961,916.0,600.3,52.59,20.0,184.6,1,0
Haryana,Bajra,Zaid,Sandy,1,8.18,37.61,4.599,760.5,951.1,-20.03,15.0,103.5,1,1
West Bengal,Rice,Rabi,Alluvial,5,1.25,5.33,4.257,606.5,829.7,-26.91,20.4,313.9,1,1
Madhya Pradesh,Cotton,Zaid,Alluvial,5,34.67,59.69,1.722,679.2,933.9,-27.27,23.6,125.3,1,1
Maharashtra,Soybean,Rabi,Alluvial,5,5.37,21.33,3.975,525.9,892.1,-41.04,24.8,163.5,0,1
Tamil Nadu,Pulses,Kharif,Red,3,6.21,10.3,1.657,984.0,631.4,55.85,23.1,284.9,1,0
Rajasthan,Jowar,Zaid,Laterite,2,37.36,112.32,3.006,260.2,970.3,-73.19,13.2,50.0,1,1
Punjab,Maize,Rabi,Red,3,13.89,53.41,3.845,1037.9,767.2,35.29,22.2,318.2,0,0
Andhra Pradesh,Sugarcane,Kharif,Alluvial,5,31.62,119.97,3.794,781.0,460.5,69.59,26.2,364.7,1,0
Tamil Nadu,Groundnut,Rabi,Alluvial,5,45.91,73.25,1.595,930.4,879.9,5.74,24.5,68.1,0,1
Punjab,Rice,Rabi,Sandy,1,16.17,18.95,1.172,954.9,615.5,55.14,23.8,257.1,1,1
Maharashtra,Groundnut,Kharif,Red,3,11.25,56.14,4.991,829.3,1021.7,-18.83,23.2,193.0,1,0
Andhra Pradesh,Jowar,Zaid,Red,3,5.77,26.74,4.63,702.5,806.3,-12.88,26.3,77.5,1,0
Andhra Pradesh,Jowar,Zaid,Black,4,6.96,9.8,1.409,1076.5,861.8,24.91,19.7,288.8,1,0
Haryana,Bajra,Rabi,Laterite,2,3.58,5.86,1.637,371.2,928.0,-60.0,24.5,264.3,1,1
Tamil Nadu,Soybean,Kharif,Black,4,4.84,26.43,5.463,1125.4,865.7,30.0,23.6,274.9,0,0
Karnataka,Soybean,Zaid,Black,4,21.88,106.04,4.846,519.2,761.3,-31.81,18.5,334.7,1,1
Uttar Pradesh,Wheat,Rabi,Laterite,2,16.38,97.98,5.981,718.6,1019.4,-29.51,24.9,150.4,1,1
Uttar Pradesh,Maize,Kharif,Sandy,1,35.47,80.53,2.27,1157.8,833.7,38.88,14.1,287.0,1,0
Madhya Pradesh,Cotton,Rabi,Sandy,1,43.58,149.86,3.439,1357.4,681.4,99.21,21.9,310.2,1,0
Rajasthan,Cotton,Kharif,Laterite,2,39.35,85.87,2.182,845.5,903.2,-6.39,28.0,109.1,1,0
Punjab,Jowar,Zaid,Laterite,2,26.77,110.12,4.114,461.3,837.9,-44.94,28.5,385.0,0,1
Tamil Nadu,Rice,Zaid,Red,3,5.57,8.79,1.577,1013.5,846.6,19.72,26.1,169.0,0,1
West Bengal,Pulses,Rabi,Red,3,35.63,58.3,1.636,790.2,868.9,-9.05,27.3,299.8,1,0
Rajasthan,Cotton,Zaid,Red,3,18.46,25.1,1.359,534.5,858.4,-37.73,29.7,313.9,1,1
Haryana,Cotton,Zaid,Red,3,4.74,21.18,4.468,854.8,1068.6,-20.01,26.6,226.4,1,1
Andhra Pradesh,Rice,Kharif,Alluvial,5,42.2,146.46,3.47,472.6,729.8,-35.25,33.1,95.1,0,1
Karnataka,Maize,Zaid,Alluvial,5,17.24,70.5,4.089,848.8,537.9,57.8,13.3,146.5,0,0
Tamil Nadu,Sugarcane,Kharif,Sandy,1,11.3,61.0,5.397,569.9,850.1,-32.96,30.9,132.0,0,1
Rajasthan,Soybean,Kharif,Alluvial,5,43.64,205.16,4.702,308.0,974.8,-68.4,13.0,231.5,0,1
Rajasthan,Bajra,Rabi,Alluvial,5,45.16,149.4,3.309,384.6,615.4,-37.51,22.2,141.4,1,1
Karnataka,Bajra,Kharif,Red,3,17.28,102.32,5.922,648.1,904.7,-28.36,30.4,241.4,1,1
Madhya Pradesh,Bajra,Zaid,Red,3,18.06,59.27,3.281,925.5,639.0,44.83,29.7,150.9,1,0
Punjab,Rice,Kharif,Laterite,2,29.19,45.6,1.562,1113.5,976.6,14.02,20.2,50.3,0,1
Punjab,Bajra,Kharif,Red,3,36.81,219.48,5.963,1156.9,851.6,35.85,25.7,177.1,0,0
Rajasthan,Jowar,Rabi,Laterite,2,3.63,4.04,1.114,422.0,718.0,-41.23,22.4,262.4,1,1
Maharashtra,Wheat,Zaid,Laterite,2,29.87,112.0,3.749,743.9,609.5,22.05,31.1,320.8,0,0
Rajasthan,Rice,Zaid,Alluvial,5,47.66,121.33,2.545,647.4,1177.2,-45.0,25.5,59.9,1,1
Rajasthan,Rice,Zaid,Red,3,13.47,47.4,3.518,773.4,1195.8,-35.32,22.1,140.4,1,1
Karnataka,Soybean,Kharif,Alluvial,5,45.49,172.56,3.794,1152.6,688.1,67.5,28.3,394.9,1,0
Andhra Pradesh,Bajra,Zaid,Red,3,47.53,104.6,2.2,840.3,684.6,22.74,29.5,141.6,0,0
Karnataka,Groundnut,Zaid,Alluvial,5,13.82,52.31,3.784,1016.9,861.9,17.99,24.8,322.0,0,0
Tamil Nadu,Sugarcane,Kharif,Alluvial,5,37.83,180.85,4.78,1352.9,792.2,70.78,29.9,228.3,0,0
Rajasthan,Wheat,Rabi,Alluvial,5,12.32,28.74,2.333,408.8,801.1,-48.97,35.4,92.8,0,1
Punjab,Rice,Rabi,Sandy,1,37.01,107.97,2.917,681.3,892.6,-23.67,13.5,275.2,1,1
West Bengal,Wheat,Kharif,Alluvial,5,39.97,93.58,2.341,942.8,1137.7,-17.13,33.2,388.2,1,0
Punjab,Rice,Rabi,Black,4,12.74,64.99,5.103,866.6,1054.3,-17.8,34.6,360.4,0,0
Uttar Pradesh,Maize,Rabi,Black,4,35.94,166.2,4.625,1062.2,802.0,32.45,28.7,291.6,0,0
Madhya Pradesh,Soybean,Rabi,Black,4,40.7,217.98,5.356,704.0,958.3,-26.53,24.1,229.3,0,1
Haryana,Jowar,Zaid,Laterite,2,18.25,33.77,1.85,851.5,572.9,48.62,16.6,161.8,1,1
Tamil Nadu,Maize,Rabi,Alluvial,5,8.8,12.04,1.368,610.9,870.4,-29.81,26.3,174.9,1,1
Tamil Nadu,Pulses,Zaid,Black,4,5.05,8.07,1.597,1066.0,814.5,30.87,23.6,171.2,1,0
Madhya Pradesh,Bajra,Rabi,Laterite,2,28.98,52.31,1.805,810.5,994.5,-18.5,17.7,372.7,1,1
West Bengal,Pulses,Zaid,Black,4,48.92,179.3,3.665,1150.9,943.3,22.01,22.1,124.0,1,0
Haryana,Sugarcane,Kharif,Red,3,41.24,241.42,5.855,1152.8,896.3,28.61,25.8,182.3,1,0
Andhra Pradesh,Groundnut,Kharif,Sandy,1,22.07,61.5,2.786,479.6,919.0,-47.82,27.6,201.2,1,1
Rajasthan,Jowar,Rabi,Alluvial,5,27.06,156.76,5.793,1191.2,785.0,51.76,19.9,193.1,0,0
Haryana,Maize,Zaid,Sandy,1,14.34,17.07,1.191,1032.8,995.1,3.78,11.7,51.5,0,1
West Bengal,Wheat,Kharif,Sandy,1,8.57,48.3,5.634,760.9,919.0,-17.21,24.5,144.8,0,0
Maharashtra,Wheat,Kharif,Red,3,24.36,46.43,1.906,1010.3,825.7,22.36,20.5,224.5,0,1
Uttar Pradesh,Sugarcane,Kharif,Red,3,23.44,130.4,5.562,673.0,864.8,-22.18,23.4,316.2,0,1
Haryana,Rice,Kharif,Red,3,26.34,33.74,1.281,1140.3,976.6,16.76,13.7,249.3,0,1
Haryana,Wheat,Rabi,Laterite,2,47.66,273.64,5.741,824.8,990.8,-16.75,24.1,184.7,0,0
Uttar Pradesh,Bajra,Zaid,Black,4,30.39,60.91,2.004,1022.0,798.7,27.96,28.2,282.8,1,0
Rajasthan,Groundnut,Kharif,Alluvial,5,30.49,76.63,2.514,642.3,715.9,-10.29,23.3,283.1,1,0
Haryana,Soybean,Rabi,Red,3,6.84,23.62,3.455,870.4,781.7,11.36,26.6,136.8,0,0
Uttar Pradesh,Bajra,Kharif,Alluvial,5,49.83,144.68,2.904,1021.5,789.4,29.4,24.2,86.3,1,0
Uttar Pradesh,Groundnut,Kharif,Alluvial,5,38.76,168.11,4.338,876.9,868.5,0.97,14.2,331.1,1,0
Uttar Pradesh,Sugarcane,Kharif,Alluvial,5,43.92,258.0,5.874,940.3,1029.6,-8.67,26.5,235.4,0,0
Karnataka,Bajra,Kharif,Red,3,21.01,84.71,4.032,610.1,779.4,-21.73,21.3,111.8,1,1
West Bengal,Soybean,Rabi,Red,3,25.36,116.82,4.607,876.1,908.2,-3.53,18.1,141.7,0,0
Karnataka,Soybean,Zaid,Black,4,26.34,37.93,1.44,611.4,822.4,-25.66,30.1,318.2,1,1
Maharashtra,Cotton,Rabi,Red,3,10.11,41.84,4.139,795.4,852.9,-6.74,27.6,278.6,1,0
Andhra Pradesh,Rice,Rabi,Red,3,34.63,113.21,3.269,676.8,895.4,-24.42,22.3,380.8,1,1
Karnataka,Sugarcane,Rabi,Alluvial,5,45.2,245.37,5.429,748.8,1030.2,-27.31,25.1,212.7,1,1
Karnataka,Bajra,Kharif,Black,4,8.6,25.3,2.941,362.1,887.1,-59.18,27.0,68.3,1,1
West Bengal,Jowar,Zaid,Sandy,1,4.77,20.99,4.397,806.6,462.8,74.3,15.8,295.1,0,0
Andhra Pradesh,Jowar,Kharif,Red,3,37.04,79.3,2.141,773.1,820.1,-5.73,19.2,139.2,0,0
Madhya Pradesh,Sugarcane,Rabi,Red,3,14.02,32.21,2.297,421.2,1085.4,-61.2,19.4,163.3,1,1
Uttar Pradesh,Bajra,Kharif,Sandy,1,31.38,90.4,2.881,885.3,1021.3,-13.32,29.0,118.8,1,0
Tamil Nadu,Maize,Zaid,Alluvial,5,34.94,88.06,2.52,1006.5,968.6,3.91,35.4,158.1,1,0
Andhra Pradesh,Maize,Zaid,Black,4,16.43,37.3,2.269,878.8,1026.9,-14.42,29.5,340.3,1,0
Maharashtra,Rice,Kharif,Alluvial,5,40.85,50.99,1.248,996.4,973.6,2.34,26.7,251.8,0,1
Rajasthan,Bajra,Rabi,Laterite,2,27.72,143.72,5.184,668.3,1024.0,-34.74,19.8,88.2,1,1
Maharashtra,Soybean,Kharif,Red,3,43.52,57.51,1.322,746.8,682.4,9.44,30.4,255.3,1,0
Uttar Pradesh,Wheat,Rabi,Laterite,2,38.28,208.14,5.437,818.5,841.0,-2.67,23.8,271.7,1,0
Andhra Pradesh,Jowar,Zaid,Red,3,43.49,70.78,1.627,836.5,872.1,-4.09,19.9,359.7,1,0
Maharashtra,Bajra,Kharif,Laterite,2,1.5,1.99,1.326,212.6,858.1,-75.23,30.3,350.9,0,1
Maharashtra,Bajra,Zaid,Sandy,1,12.55,47.89,3.815,569.8,763.4,-25.37,34.0,72.0,1,1
Madhya Pradesh,Wheat,Rabi,Red,3,4.96,17.4,3.512,1050.6,871.9,20.49,30.4,353.3,1,0
Madhya Pradesh,Wheat,Rabi,Red,3,22.38,77.36,3.456,604.4,595.0,1.59,40.3,67.8,0,0
Andhra Pradesh,Groundnut,Kharif,Laterite,2,44.55,172.53,3.873,738.3,918.0,-19.58,21.4,103.9,1,0
Uttar Pradesh,Cotton,Kharif,Black,4,23.64,57.58,2.435,787.0,748.9,5.08,23.2,89.0,1,0
Karnataka,Rice,Kharif,Laterite,2,42.56,183.64,4.315,464.9,523.6,-11.21,20.7,113.6,0,0
Punjab,Jowar,Zaid,Red,3,16.7,58.63,3.512,1195.0,852.5,40.18,20.7,331.1,0,0
Haryana,Wheat,Rabi,Red,3,17.31,46.28,2.674,792.2,1082.2,-26.8,34.4,290.1,0,1
Tamil Nadu,Maize,Rabi,Black,4,44.83,230.09,5.133,585.9,564.9,3.72,19.4,290.4,1,0
Haryana,Sugarcane,Zaid,Alluvial,5,21.58,100.09,4.639,962.1,813.5,18.26,22.7,372.7,1,0
West Bengal,Maize,Kharif,Black,4,39.59,117.52,2.968,725.8,606.7,19.64,33.6,187.1,1,0
Madhya Pradesh,Groundnut,Kharif,Alluvial,5,12.21,63.98,5.238,814.7,888.6,-8.31,28.3,51.2,0,0
Andhra Pradesh,Groundnut,Zaid,Red,3,47.47,265.87,5.601,1152.2,980.7,17.49,19.9,273.9,1,0
Haryana,Wheat,Rabi,Sandy,1,28.94,106.63,3.684,664.7,728.6,-8.77,25.5,353.8,0,0
Uttar Pradesh,Groundnut,Rabi,Sandy,1,38.09,79.02,2.075,1085.7,786.5,38.05,15.8,391.7,1,0
Tamil Nadu,Soybean,Rabi,Laterite,2,4.93,27.51,5.579,714.5,827.7,-13.68,24.8,177.4,1,0
Haryana,Pulses,Rabi,Black,4,24.89,48.46,1.947,817.1,1035.9,-21.13,26.5,337.8,0,1
Tamil Nadu,Bajra,Zaid,Black,4,45.1,56.02,1.242,875.8,640.3,36.78,26.8,347.2,0,1
Rajasthan,Bajra,Rabi,Sandy,1,43.91,115.82,2.637,713.8,781.9,-8.71,37.3,100.6,1,0
Uttar Pradesh,Wheat,Zaid,Alluvial,5,2.82,13.06,4.635,545.8,1085.6,-49.72,30.5,271.0,0,1
Punjab,Groundnut,Kharif,Black,4,15.53,87.24,5.616,913.3,740.9,23.27,19.0,110.6,1,0
Maharashtra,Sugarcane,Zaid,Alluvial,5,22.44,93.96,4.186,1080.4,790.8,36.61,26.7,206.3,0,0
Tamil Nadu,Soybean,Rabi,Alluvial,5,9.03,51.99,5.759,956.7,877.0,9.09,25.6,357.7,0,0
Uttar Pradesh,Rice,Kharif,Alluvial,5,36.63,53.55,1.462,949.5,1199.1,-20.82,37.2,326.3,1,1
Tamil Nadu,Groundnut,Zaid,Alluvial,5,9.63,12.56,1.304,685.6,682.4,0.47,23.4,249.6,1,0
Tamil Nadu,Soybean,Zaid,Laterite,2,17.66,71.0,4.021,972.1,963.3,0.91,26.8,333.0,1,0
Karnataka,Cotton,Zaid,Laterite,2,33.33,194.35,5.831,889.5,671.8,32.4,27.6,103.5,0,0
Karnataka,Rice,Kharif,Sandy,1,24.36,85.6,3.514,1015.7,698.9,45.34,19.6,118.2,0,0
Uttar Pradesh,Bajra,Zaid,Laterite,2,37.06,46.6,1.258,824.7,773.0,6.69,16.9,123.1,1,1
Karnataka,Cotton,Rabi,Black,4,48.08,101.26,2.106,949.2,919.7,3.2,24.6,321.6,1,0
West Bengal,Wheat,Kharif,Laterite,2,6.27,13.94,2.224,679.2,767.5,-11.51,30.0,361.8,0,0
Punjab,Jowar,Kharif,Black,4,35.62,95.8,2.689,973.8,869.9,11.94,18.1,247.0,1,0
Andhra Pradesh,Wheat,Zaid,Black,4,11.9,14.5,1.218,485.1,742.4,-34.66,25.4,385.3,1,1
Uttar Pradesh,Sugarcane,Rabi,Alluvial,5,21.02,116.11,5.524,716.3,862.2,-16.92,22.0,304.8,0,0
Uttar Pradesh,Soybean,Kharif,Sandy,1,2.13,7.61,3.578,625.7,655.3,-4.53,14.4,247.3,1,0
West Bengal,Jowar,Zaid,Alluvial,5,7.23,31.47,4.355,1676.5,659.1,154.37,27.4,264.1,1,0
Madhya Pradesh,Rice,Rabi,Alluvial,5,16.33,21.81,1.336,963.0,773.0,24.59,28.5,347.3,0,1
Madhya Pradesh,Rice,Zaid,Laterite,2,17.43,22.14,1.271,529.0,941.7,-43.82,30.0,81.6,0,1
Karnataka,Cotton,Zaid,Laterite,2,45.03,177.07,3.932,458.1,879.1,-47.89,30.7,108.8,0,1
Andhra Pradesh,Sugarcane,Kharif,Black,4,37.22,202.34,5.436,363.6,733.8,-50.46,25.4,143.2,1,1
Karnataka,Bajra,Kharif,Laterite,2,48.62,177.11,3.642,515.1,680.3,-24.28,28.4,363.2,1,1
Rajasthan,Groundnut,Zaid,Laterite,2,30.15,162.5,5.389,587.8,1005.1,-41.52,27.1,380.7,0,1
Rajasthan,Groundnut,Kharif,Red,3,12.46,63.01,5.055,556.2,1054.5,-47.26,10.6,174.7,1,1
Maharashtra,Jowar,Kharif,Black,4,16.72,23.06,1.379,683.2,926.2,-26.23,17.0,373.4,1,1
Rajasthan,Sugarcane,Rabi,Black,4,16.33,32.82,2.01,1008.6,903.3,11.66,21.6,241.4,1,0
Madhya Pradesh,Sugarcane,Rabi,Red,3,16.66,71.45,4.289,750.2,529.3,41.73,26.3,215.6,1,0
Punjab,Rice,Zaid,Black,4,33.81,108.79,3.218,978.2,939.0,4.17,27.6,341.5,1,0
Rajasthan,Bajra,Zaid,Sandy,1,26.77,65.69,2.453,533.7,1088.3,-50.96,29.9,241.1,0,1
Karnataka,Soybean,Zaid,Sandy,1,19.58,60.56,3.093,704.4,1010.8,-30.32,30.0,209.1,0,1
Tamil Nadu,Bajra,Zaid,Red,3,7.88,25.42,3.226,565.5,1002.7,-43.6,27.1,55.6,1,1
Uttar Pradesh,Maize,Rabi,Laterite,2,1.6,8.86,5.553,910.7,601.7,51.35,29.0,54.5,1,0
Punjab,Sugarcane,Kharif,Sandy,1,11.33,17.19,1.517,754.7,744.4,1.39,35.2,269.7,1,1
Punjab,Wheat,Rabi,Red,3,5.82,13.96,2.399,1243.3,828.3,50.1,28.5,75.7,1,0
Karnataka,Pulses,Zaid,Sandy,1,39.38,145.22,3.688,632.4,743.3,-14.92,25.8,307.9,1,0
Uttar Pradesh,Sugarcane,Zaid,Alluvial,5,6.07,27.26,4.491,540.1,676.0,-20.11,28.7,267.8,1,1
Madhya Pradesh,Jowar,Rabi,Red,3,36.35,150.97,4.153,874.2,912.9,-4.24,30.9,210.2,1,0
Punjab,Wheat,Rabi,Black,4,19.59,111.82,5.708,755.9,999.5,-24.37,35.3,298.4,0,1
Maharashtra,Jowar,Zaid,Sandy,1,4.13,20.57,4.978,925.6,640.5,44.51,19.4,397.6,1,0
Karnataka,Cotton,Kharif,Black,4,40.73,154.18,3.785,784.6,1005.7,-21.99,16.2,136.2,0,1
Punjab,Pulses,Zaid,Red,3,29.19,60.53,2.073,764.8,883.5,-13.43,27.2,245.0,1,0
Andhra Pradesh,Pulses,Rabi,Sandy,1,12.17,39.61,3.254,633.0,1093.5,-42.11,17.3,345.0,1,1
Uttar Pradesh,Rice,Zaid,Black,4,44.79,200.06,4.467,732.6,969.2,-24.41,24.5,55.9,0,1
Rajasthan,Sugarcane,Zaid,Laterite,2,2.74,14.22,5.19,417.6,869.5,-51.97,36.9,121.2,1,1
Punjab,Rice,Kharif,Laterite,2,10.49,60.83,5.799,1099.4,870.7,26.27,26.0,232.3,0,0
Karnataka,Groundnut,Zaid,Alluvial,5,37.73,151.93,4.027,1117.4,850.3,31.41,26.1,243.3,1,0
Rajasthan,Jowar,Zaid,Red,3,35.61,129.44,3.635,1034.4,1122.8,-7.87,23.6,80.2,1,0
Maharashtra,Maize,Zaid,Black,4,14.82,16.13,1.088,685.5,941.8,-27.21,35.0,192.6,0,1
Rajasthan,Maize,Rabi,Alluvial,5,3.57,4.86,1.36,642.9,794.8,-19.11,28.5,231.9,1,0
Andhra Pradesh,Groundnut,Rabi,Red,3,42.97,76.52,1.781,924.8,935.4,-1.14,23.2,198.0,1,0
Madhya Pradesh,Cotton,Kharif,Laterite,2,16.03,20.42,1.274,562.1,919.9,-38.9,34.9,295.2,1,1
Punjab,Maize,Zaid,Black,4,10.19,30.61,3.004,1084.2,786.6,37.83,27.1,320.0,1,0
Haryana,Jowar,Rabi,Sandy,1,26.05,69.92,2.684,204.7,727.0,-71.84,23.5,211.1,1,1
Haryana,Maize,Kharif,Laterite,2,45.56,190.73,4.187,687.0,1027.3,-33.12,13.5,199.0,0,1
Rajasthan,Groundnut,Zaid,Sandy,1,2.66,9.77,3.678,533.9,810.6,-34.14,26.8,296.9,1,1
West Bengal,Wheat,Kharif,Sandy,1,38.41,152.86,3.98,1111.7,802.2,38.58,23.3,244.4,0,0
Uttar Pradesh,Rice,Kharif,Black,4,28.84,96.89,3.36,1068.4,937.3,13.99,24.1,354.7,1,0
Haryana,Soybean,Kharif,Black,4,21.56,51.5,2.389,941.1,772.3,21.85,23.8,218.4,0,0
West Bengal,Jowar,Kharif,Sandy,1,37.33,215.19,5.764,1278.9,884.3,44.62,15.0,251.0,0,0
Haryana,Rice,Kharif,Alluvial,5,48.31,69.18,1.432,802.5,793.0,1.2,41.4,95.1,0,1
West Bengal,Pulses,Kharif,Sandy,1,11.85,67.45,5.694,957.8,463.1,106.82,21.8,342.6,1,0
Uttar Pradesh,Bajra,Kharif,Sandy,1,7.61,19.45,2.556,400.6,908.0,-55.88,30.0,197.8,1,1
Tamil Nadu,Maize,Zaid,Black,4,45.69,162.8,3.563,720.0,889.3,-19.04,24.7,301.7,1,0
Haryana,Maize,Zaid,Red,3,33.61,51.91,1.544,827.5,903.1,-8.37,10.0,200.3,1,0
Andhra Pradesh,Cotton,Kharif,Laterite,2,22.18,30.05,1.355,570.8,538.7,5.97,25.1,50.4,1,1
Punjab,Rice,Zaid,Black,4,28.88,90.89,3.148,863.9,647.4,33.44,26.7,190.1,0,0
West Bengal,Bajra,Kharif,Alluvial,5,37.41,176.13,4.708,307.8,1024.4,-69.95,22.7,101.6,1,1
Punjab,Maize,Zaid,Laterite,2,38.77,90.97,2.347,925.0,861.1,7.43,34.7,189.5,1,0
Karnataka,Pulses,Rabi,Black,4,46.03,175.47,3.812,691.3,566.0,22.15,36.8,162.5,0,0
Karnataka,Cotton,Kharif,Black,4,21.63,51.76,2.393,603.2,862.7,-30.08,27.7,120.9,1,1
Uttar Pradesh,Rice,Rabi,Red,3,15.02,44.22,2.943,985.8,614.5,60.42,28.5,93.3,1,0
West Bengal,Cotton,Kharif,Alluvial,5,32.16,177.94,5.532,1166.0,764.0,52.61,19.1,305.0,0,0
Maharashtra,Rice,Kharif,Alluvial,5,21.08,111.28,5.279,1023.0,888.0,15.19,19.1,314.2,1,0
Karnataka,Sugarcane,Rabi,Black,4,29.93,107.16,3.58,597.1,888.3,-32.77,22.1,142.7,0,1
Uttar Pradesh,Sugarcane,Rabi,Red,3,21.29,46.63,2.191,967.0,1001.0,-3.4,38.0,223.3,0,0
Karnataka,Groundnut,Rabi,Black,4,8.07,15.87,1.966,736.0,919.8,-19.98,22.7,212.4,1,0
Karnataka,Jowar,Kharif,Sandy,1,23.74,136.97,5.77,1082.4,929.2,16.48,33.9,174.3,1,0
Maharashtra,Cotton,Rabi,Sandy,1,34.7,69.87,2.014,855.3,792.8,7.88,21.7,147.2,0,0
Haryana,Groundnut,Rabi,Red,3,40.06,201.96,5.041,431.4,722.4,-40.29,20.2,115.1,0,1
Rajasthan,Cotton,Zaid,Black,4,24.92,70.89,2.845,739.5,857.3,-13.75,23.0,355.5,1,0
Tamil Nadu,Maize,Zaid,Red,3,8.68,51.45,5.928,593.7,1003.0,-40.81,22.8,341.7,0,1
Karnataka,Soybean,Rabi,Black,4,21.03,59.73,2.841,605.7,973.9,-37.81,21.6,196.0,1,1
Karnataka,Cotton,Rabi,Black,4,39.42,108.71,2.758,718.8,819.8,-12.33,35.4,302.4,0,0
Andhra Pradesh,Maize,Rabi,Sandy,1,20.94,87.67,4.187,868.6,841.1,3.27,25.7,224.4,1,0
Tamil Nadu,Bajra,Rabi,Laterite,2,34.98,203.14,5.808,1027.0,714.6,43.71,24.8,79.9,1,0
Maharashtra,Sugarcane,Zaid,Alluvial,5,25.61,150.6,5.881,668.6,1022.6,-34.61,26.2,337.8,1,1
Punjab,Groundnut,Kharif,Alluvial,5,12.44,56.43,4.536,1103.2,1092.3,1.0,31.5,126.7,1,0
West Bengal,Soybean,Rabi,Red,3,39.91,190.49,4.773,374.4,915.9,-59.12,26.2,297.4,1,1
Karnataka,Pulses,Rabi,Alluvial,5,4.67,17.82,3.817,590.5,604.6,-2.34,27.8,234.6,1,0
Rajasthan,Sugarcane,Zaid,Sandy,1,26.48,126.55,4.779,1312.1,951.0,37.97,32.1,291.7,1,0
West Bengal,Groundnut,Rabi,Laterite,2,10.84,57.44,5.299,514.3,1098.2,-53.16,19.6,214.9,1,1
Tamil Nadu,Soybean,Rabi,Black,4,3.82,13.1,3.43,1112.8,682.2,63.12,21.0,295.9,0,0
West Bengal,Pulses,Zaid,Black,4,25.4,104.1,4.099,793.5,976.9,-18.77,26.7,61.5,0,0
Haryana,Wheat,Rabi,Sandy,1,25.23,93.01,3.687,782.3,821.8,-4.81,21.8,64.3,1,0
Karnataka,Maize,Rabi,Alluvial,5,35.49,135.31,3.812,1033.8,1036.6,-0.27,24.6,363.7,1,0
West Bengal,Wheat,Zaid,Black,4,37.37,203.65,5.45,998.8,676.3,47.68,19.4,312.4,1,0
Punjab,Maize,Kharif,Alluvial,5,36.53,101.47,2.778,1133.4,784.9,44.4,20.8,340.0,0,0
Punjab,Rice,Rabi,Sandy,1,20.77,42.4,2.041,738.2,614.8,20.08,32.7,209.8,1,0
Karnataka,Jowar,Rabi,Black,4,31.77,104.25,3.281,835.7,900.9,-7.24,23.8,210.9,1,0
Madhya Pradesh,Soybean,Kharif,Red,3,29.06,59.29,2.04,737.5,933.0,-20.96,23.2,236.9,1,1
Punjab,Wheat,Zaid,Laterite,2,21.37,74.61,3.492,522.0,901.6,-42.1,21.0,135.3,0,1
West Bengal,Jowar,Kharif,Alluvial,5,30.06,165.87,5.518,842.7,772.6,9.06,20.7,306.7,1,0
Uttar Pradesh,Soybean,Rabi,Alluvial,5,47.39,193.69,4.087,758.8,784.1,-3.23,19.8,340.3,0,0
Punjab,Groundnut,Kharif,Alluvial,5,10.05,53.03,5.277,332.2,800.9,-58.53,18.3,367.5,1,1
Tamil Nadu,Rice,Zaid,Alluvial,5,45.34,83.01,1.831,1077.3,982.8,9.62,21.8,231.0,1,0
Madhya Pradesh,Groundnut,Rabi,Sandy,1,3.15,17.32,5.504,837.0,632.1,32.42,25.3,195.1,1,0
West Bengal,Maize,Zaid,Sandy,1,15.77,63.2,4.009,624.9,798.9,-21.78,29.8,340.8,1,1
Maharashtra,Jowar,Zaid,Sandy,1,14.76,17.11,1.159,883.1,629.2,40.36,25.5,313.4,1,1
Andhra Pradesh,Soybean,Kharif,Sandy,1,31.51,131.24,4.166,669.0,788.6,-15.17,20.0,353.5,0,0
Maharashtra,Cotton,Kharif,Black,4,7.0,40.27,5.757,850.4,847.9,0.3,22.8,279.5,1,0
Haryana,Jowar,Zaid,Sandy,1,44.18,61.66,1.396,1146.8,1165.1,-1.57,22.4,359.2,0,1
Andhra Pradesh,Bajra,Zaid,Black,4,41.51,162.41,3.912,899.7,749.8,19.98,22.0,81.2,1,0
Haryana,Pulses,Rabi,Red,3,32.78,182.81,5.577,678.2,1004.1,-32.45,23.7,287.8,1,1
Andhra Pradesh,Wheat,Zaid,Sandy,1,23.19,24.32,1.048,542.3,593.4,-8.63,31.3,81.1,1,1
Andhra Pradesh,Soybean,Zaid,Red,3,46.68,193.94,4.155,621.4,856.0,-27.4,30.0,312.1,1,1
Uttar Pradesh,Sugarcane,Kharif,Sandy,1,41.62,140.45,3.375,1003.0,855.6,17.22,35.6,270.0,1,0
Rajasthan,Sugarcane,Zaid,Red,3,25.22,68.96,2.735,785.9,961.8,-18.29,20.6,55.6,0,0
Tamil Nadu,Pulses,Zaid,Laterite,2,35.24,145.82,4.138,939.9,768.1,22.38,19.3,259.7,1,0
Maharashtra,Maize,Kharif,Red,3,28.56,36.09,1.264,730.1,732.3,-0.3,23.8,101.2,1,0
Punjab,Jowar,Rabi,Black,4,29.6,141.07,4.765,566.7,538.0,5.33,33.0,99.8,1,0
West Bengal,Jowar,Kharif,Alluvial,5,16.88,17.26,1.022,949.7,899.7,5.57,13.4,102.7,1,0
Madhya Pradesh,Sugarcane,Kharif,Red,3,23.37,59.24,2.535,597.8,753.7,-20.69,26.7,219.3,1,1
Tamil Nadu,Jowar,Zaid,Alluvial,5,4.37,15.37,3.52,698.0,1003.8,-30.46,24.0,90.4,0,1
Haryana,Pulses,Zaid,Laterite,2,18.19,52.48,2.885,494.0,926.8,-46.69,29.7,94.0,0,1
Uttar Pradesh,Jowar,Rabi,Laterite,2,34.94,88.66,2.537,566.2,1027.8,-44.91,28.5,139.7,0,1
Haryana,Maize,Zaid,Black,4,47.68,245.77,5.154,1023.9,719.0,42.42,29.7,50.3,1,0
Rajasthan,Wheat,Rabi,Black,4,48.17,273.33,5.674,1062.0,880.7,20.59,28.9,146.5,0,0
Madhya Pradesh,Bajra,Rabi,Red,3,28.01,150.36,5.369,1072.9,878.5,22.13,42.8,266.4,1,0
Uttar Pradesh,Wheat,Rabi,Sandy,1,30.53,110.27,3.612,1073.7,775.6,38.44,36.7,260.5,0,0
Haryana,Bajra,Rabi,Laterite,2,9.69,52.55,5.421,711.5,1034.6,-31.23,31.0,389.3,1,1
Rajasthan,Cotton,Zaid,Alluvial,5,34.92,195.69,5.604,966.3,967.2,-0.09,23.1,91.9,1,0
West Bengal,Wheat,Kharif,Sandy,1,4.0,12.18,3.046,1063.2,1154.6,-7.92,23.7,352.9,0,0
West Bengal,Pulses,Kharif,Laterite,2,14.59,35.27,2.417,581.9,954.2,-39.02,32.9,186.9,0,1
Haryana,Rice,Zaid,Red,3,33.58,50.08,1.491,848.4,1130.3,-24.94,33.1,185.5,1,1
Tamil Nadu,Cotton,Zaid,Laterite,2,15.86,53.85,3.395,768.1,1126.9,-31.84,20.9,172.1,1,1
Madhya Pradesh,Bajra,Rabi,Black,4,2.97,17.01,5.731,332.2,776.3,-57.21,14.0,93.7,1,1
Karnataka,Bajra,Zaid,Alluvial,5,41.68,158.56,3.805,881.4,629.6,40.0,15.0,217.5,0,0
Tamil Nadu,Cotton,Kharif,Alluvial,5,15.86,68.8,4.338,621.4,1103.0,-43.67,33.0,325.6,1,1
West Bengal,Bajra,Zaid,Black,4,3.62,5.67,1.564,1062.8,954.1,11.4,34.2,356.4,1,0
Madhya Pradesh,Soybean,Zaid,Sandy,1,4.2,7.22,1.718,609.4,928.2,-34.34,26.1,387.0,0,1
Rajasthan,Rice,Rabi,Black,4,12.96,43.06,3.322,882.3,782.7,12.72,27.9,324.9,1,0
Uttar Pradesh,Pulses,Rabi,Alluvial,5,9.31,53.6,5.756,828.0,909.6,-8.96,36.7,268.1,1,0
Andhra Pradesh,Soybean,Rabi,Red,3,38.83,108.87,2.804,369.3,1002.6,-63.17,38.1,224.1,0,1
Haryana,Bajra,Rabi,Sandy,1,16.42,88.48,5.387,719.9,948.8,-24.12,30.1,356.2,1,1
Maharashtra,Wheat,Kharif,Laterite,2,40.33,64.59,1.601,889.3,757.9,17.34,25.9,308.8,1,1
Madhya Pradesh,Soybean,Zaid,Red,3,9.11,37.2,4.085,1055.9,1081.4,-2.36,23.4,106.4,0,0
Punjab,Wheat,Zaid,Sandy,1,24.9,99.67,4.003,804.6,868.7,-7.38,24.3,288.9,1,0
Rajasthan,Cotton,Rabi,Alluvial,5,34.56,183.13,5.299,1026.5,951.9,7.84,21.4,200.9,1,0
Karnataka,Jowar,Kharif,Alluvial,5,32.77,33.32,1.017,934.3,976.1,-4.28,29.9,258.5,1,0
Andhra Pradesh,Groundnut,Kharif,Red,3,30.26,58.99,1.95,942.7,1169.8,-19.41,25.2,364.4,1,0
Punjab,Bajra,Zaid,Sandy,1,46.28,97.11,2.098,953.9,912.2,4.57,21.1,278.4,1,0
Karnataka,Groundnut,Rabi,Laterite,2,11.81,67.92,5.75,731.4,842.2,-13.16,32.8,378.6,1,0
Maharashtra,Rice,Zaid,Laterite,2,24.94,44.1,1.768,552.7,1137.1,-51.39,29.3,353.2,0,1
West Bengal,Wheat,Zaid,Black,4,44.26,52.44,1.185,1192.4,1016.2,17.34,27.5,95.1,1,0
Tamil Nadu,Soybean,Kharif,Red,3,4.36,16.0,3.672,992.1,895.9,10.73,25.0,54.1,1,0
Haryana,Groundnut,Kharif,Sandy,1,3.27,11.9,3.643,782.9,886.5,-11.68,28.7,184.5,1,0
Uttar Pradesh,Maize,Zaid,Red,3,12.05,62.9,5.22,954.3,556.0,71.64,23.9,352.9,1,0
Karnataka,Bajra,Rabi,Laterite,2,31.83,182.87,5.744,899.3,836.9,7.46,42.6,130.5,1,0
Andhra Pradesh,Groundnut,Rabi,Sandy,1,13.36,49.35,3.693,586.5,639.6,-8.31,39.7,292.0,1,0
Madhya Pradesh,Soybean,Zaid,Alluvial,5,9.92,56.03,5.65,715.5,449.5,59.17,21.1,216.6,1,0
West Bengal,Soybean,Zaid,Alluvial,5,23.21,107.37,4.626,1131.6,760.6,48.78,24.4,311.1,0,0
Madhya Pradesh,Rice,Rabi,Sandy,1,30.87,71.71,2.323,798.7,642.8,24.25,20.6,107.7,0,0
Andhra Pradesh,Sugarcane,Rabi,Red,3,12.8,72.24,5.642,893.8,796.7,12.18,14.7,133.7,1,0
Madhya Pradesh,Pulses,Rabi,Red,3,15.38,66.72,4.337,1114.9,896.2,24.4,36.2,134.9,0,0
Karnataka,Maize,Zaid,Alluvial,5,30.87,94.79,3.07,797.9,926.4,-13.87,25.1,242.0,0,0
Rajasthan,Groundnut,Kharif,Alluvial,5,47.31,208.24,4.401,567.2,833.6,-31.96,19.4,151.4,0,1
Madhya Pradesh,Pulses,Rabi,Laterite,2,33.9,101.92,3.007,828.3,656.7,26.14,15.6,334.1,0,0
Tamil Nadu,Maize,Rabi,Sandy,1,39.25,61.66,1.571,660.4,831.8,-20.61,27.3,171.4,0,1
Maharashtra,Sugarcane,Rabi,Red,3,18.66,85.73,4.595,452.1,690.1,-34.49,28.1,281.3,0,1
Uttar Pradesh,Groundnut,Zaid,Laterite,2,13.98,71.57,5.12,1000.8,1060.5,-5.63,28.5,382.0,0,0
Karnataka,Maize,Kharif,Red,3,22.99,106.75,4.644,735.9,827.9,-11.11,32.4,262.4,0,0
Punjab,Pulses,Kharif,Alluvial,5,40.45,86.8,2.146,100.0,679.1,-85.28,31.4,134.8,0,1
Andhra Pradesh,Wheat,Rabi,Sandy,1,23.09,133.52,5.783,863.4,692.3,24.7,18.3,340.7,0,0
West Bengal,Soybean,Zaid,Black,4,42.41,47.77,1.126,866.5,851.0,1.81,19.5,54.4,1,0
Karnataka,Jowar,Kharif,Sandy,1,49.44,131.69,2.663,1287.7,858.7,49.95,31.8,139.8,0,0
Rajasthan,Cotton,Zaid,Black,4,4.07,9.35,2.3,799.0,821.0,-2.68,22.3,185.6,1,0
West Bengal,Bajra,Kharif,Laterite,2,2.75,3.41,1.241,1066.9,999.1,6.79,17.2,118.6,0,1
Tamil Nadu,Jowar,Rabi,Black,4,7.9,23.94,3.029,961.6,705.8,36.26,17.8,261.4,0,0
Andhra Pradesh,Groundnut,Zaid,Black,4,19.53,80.36,4.116,652.6,1000.5,-34.77,31.6,245.3,1,1
West Bengal,Groundnut,Rabi,Laterite,2,6.99,37.82,5.413,887.1,835.9,6.12,31.5,192.3,1,0
Madhya Pradesh,Maize,Kharif,Sandy,1,43.6,259.34,5.948,758.9,979.4,-22.51,26.8,153.0,0,1
Karnataka,Soybean,Kharif,Laterite,2,1.65,8.3,5.04,628.1,756.2,-16.94,20.3,201.9,0,0
Maharashtra,Sugarcane,Rabi,Alluvial,5,16.13,53.93,3.343,670.9,966.7,-30.6,25.6,151.9,0,1
Andhra Pradesh,Rice,Kharif,Alluvial,5,9.64,44.53,4.619,636.9,729.0,-12.62,25.0,127.4,1,0
Haryana,Maize,Rabi,Black,4,46.61,243.22,5.218,797.6,1097.1,-27.3,23.4,172.9,0,1
Tamil Nadu,Rice,Rabi,Laterite,2,33.64,111.9,3.327,798.8,838.0,-4.68,30.1,260.8,0,0
Uttar Pradesh,Cotton,Rabi,Laterite,2,45.65,224.82,4.925,662.6,785.4,-15.64,23.1,276.9,1,0
Andhra Pradesh,Pulses,Kharif,Laterite,2,48.63,165.99,3.413,748.0,673.9,10.98,29.2,154.1,0,0
Rajasthan,Maize,Zaid,Sandy,1,25.11,73.62,2.932,331.0,875.3,-62.18,28.0,381.6,0,1
Karnataka,Cotton,Rabi,Red,3,12.1,43.92,3.63,547.9,827.7,-33.81,17.4,141.7,0,1
Madhya Pradesh,Bajra,Zaid,Red,3,10.09,44.19,4.379,726.9,649.4,11.93,38.0,299.2,0,0
Uttar Pradesh,Maize,Kharif,Red,3,11.53,53.46,4.634,1217.9,739.5,64.68,29.5,78.5,0,0
Uttar Pradesh,Soybean,Kharif,Sandy,1,35.58,99.03,2.784,958.3,556.9,72.09,16.4,282.7,1,0
Tamil Nadu,Soybean,Zaid,Laterite,2,2.5,9.65,3.857,555.7,680.5,-18.35,17.4,211.0,1,0
West Bengal,Groundnut,Rabi,Red,3,3.04,16.88,5.549,1203.7,831.6,44.75,35.5,249.2,1,0
Rajasthan,Bajra,Kharif,Laterite,2,30.6,179.99,5.882,799.6,903.0,-11.45,27.1,114.4,1,0
West Bengal,Groundnut,Rabi,Black,4,32.28,68.96,2.136,516.3,801.4,-35.57,29.4,201.7,1,1
Madhya Pradesh,Rice,Rabi,Red,3,33.43,65.66,1.964,780.3,920.7,-15.26,28.3,318.2,1,0
Uttar Pradesh,Jowar,Zaid,Black,4,18.91,82.88,4.383,1046.3,706.2,48.15,32.5,318.5,1,0
Rajasthan,Sugarcane,Kharif,Sandy,1,40.39,124.15,3.073,516.6,916.6,-43.64,32.8,133.1,1,1
Rajasthan,Bajra,Zaid,Alluvial,5,26.91,30.17,1.121,541.0,838.4,-35.48,20.7,173.4,0,1
Punjab,Pulses,Kharif,Sandy,1,5.72,15.64,2.734,1251.6,819.1,52.8,29.0,51.3,0,0
Karnataka,Sugarcane,Zaid,Sandy,1,39.96,201.13,5.034,874.1,849.5,2.9,17.6,81.5,1,0
Uttar Pradesh,Sugarcane,Kharif,Sandy,1,47.68,237.77,4.987,682.1,760.1,-10.27,19.5,94.4,0,0
Uttar Pradesh,Wheat,Kharif,Red,3,3.47,12.06,3.473,773.4,619.8,24.78,24.2,152.8,1,0
Rajasthan,Maize,Kharif,Black,4,19.87,66.83,3.363,871.4,693.2,25.7,15.8,315.7,1,0
West Bengal,Pulses,Rabi,Red,3,24.63,96.0,3.898,751.6,638.2,17.77,21.3,228.6,1,0
Uttar Pradesh,Bajra,Rabi,Alluvial,5,7.75,16.25,2.097,1137.5,815.8,39.42,13.0,327.4,0,0
Rajasthan,Groundnut,Zaid,Sandy,1,43.45,157.74,3.63,824.7,952.4,-13.41,25.9,314.2,0,0
Uttar Pradesh,Rice,Zaid,Laterite,2,14.57,15.37,1.055,965.9,1072.5,-9.94,35.9,255.5,1,1
Rajasthan,Maize,Kharif,Alluvial,5,39.26,132.61,3.378,820.8,780.8,5.12,26.2,225.0,1,0
Punjab,Wheat,Kharif,Black,4,33.71,90.36,2.68,790.7,825.9,-4.26,26.2,376.0,1,0
Karnataka,Rice,Rabi,Alluvial,5,30.1,131.68,4.374,1023.2,1132.4,-9.64,23.8,249.2,1,0
Rajasthan,Bajra,Rabi,Red,3,10.01,41.96,4.192,1028.5,789.6,30.25,31.9,219.0,0,0
Uttar Pradesh,Jowar,Rabi,Laterite,2,11.42,33.18,2.904,391.6,756.0,-48.2,25.7,354.2,1,1
Madhya Pradesh,Sugarcane,Zaid,Red,3,2.84,2.95,1.036,795.2,830.4,-4.25,19.4,75.0,1,0
Karnataka,Wheat,Rabi,Sandy,1,12.42,28.08,2.261,1312.4,786.3,66.91,27.0,279.6,1,0
Punjab,Rice,Zaid,Sandy,1,17.6,73.33,4.167,688.5,748.2,-7.99,35.3,89.6,1,0
Rajasthan,Groundnut,Rabi,Alluvial,5,41.74,56.85,1.362,913.5,638.8,43.0,17.4,336.9,0,1
Madhya Pradesh,Wheat,Rabi,Sandy,1,18.64,28.67,1.538,1111.8,1088.9,2.11,20.4,327.4,0,1
Rajasthan,Rice,Kharif,Sandy,1,37.85,160.32,4.235,523.0,932.6,-43.92,25.4,226.3,1,1
West Bengal,Wheat,Zaid,Black,4,22.25,106.34,4.779,706.7,1092.5,-35.31,23.9,281.4,1,1
Uttar Pradesh,Groundnut,Rabi,Black,4,39.35,102.62,2.608,407.0,993.2,-59.02,28.5,320.4,1,1
Andhra Pradesh,Groundnut,Kharif,Red,3,48.83,168.37,3.448,826.1,852.3,-3.08,20.1,219.2,1,0
Tamil Nadu,Pulses,Zaid,Red,3,12.37,70.87,5.729,896.2,599.5,49.5,22.8,367.1,1,0
Maharashtra,Soybean,Zaid,Black,4,43.19,247.36,5.728,960.9,713.6,34.64,26.3,203.0,0,0
West Bengal,Sugarcane,Rabi,Alluvial,5,31.28,79.37,2.538,1193.4,797.7,49.61,26.5,362.2,1,0
Madhya Pradesh,Maize,Zaid,Black,4,40.96,206.83,5.05,815.9,705.4,15.66,41.6,254.0,0,0
West Bengal,Maize,Kharif,Red,3,32.75,130.02,3.97,511.8,577.1,-11.3,30.7,199.2,0,0
Haryana,Bajra,Kharif,Laterite,2,21.49,126.28,5.877,579.8,716.4,-19.07,16.8,51.4,1,0
Rajasthan,Cotton,Zaid,Sandy,1,11.79,39.94,3.388,609.4,820.9,-25.76,19.9,153.4,1,1
Rajasthan,Bajra,Kharif,Laterite,2,3.97,19.33,4.874,851.9,1088.5,-21.73,17.8,353.8,1,1
Maharashtra,Cotton,Zaid,Laterite,2,27.01,130.74,4.841,1387.5,749.0,85.24,35.7,200.0,1,0
Maharashtra,Wheat,Kharif,Sandy,1,49.52,172.69,3.487,782.0,948.3,-17.54,19.6,197.5,1,0
Haryana,Cotton,Zaid,Black,4,37.03,184.36,4.978,1143.5,703.5,62.55,29.5,221.3,1,0
Uttar Pradesh,Soybean,Zaid,Alluvial,5,16.7,38.51,2.305,771.5,816.3,-5.49,28.9,150.2,1,0
Tamil Nadu,Soybean,Zaid,Laterite,2,41.45,66.78,1.611,509.6,844.8,-39.68,17.2,222.0,0,1
Andhra Pradesh,Sugarcane,Kharif,Alluvial,5,38.56,120.55,3.126,595.9,1090.0,-45.33,23.5,181.5,0,1
Andhra Pradesh,Rice,Zaid,Red,3,14.44,82.58,5.718,617.7,449.5,37.44,24.4,368.3,1,0
Punjab,Maize,Zaid,Laterite,2,1.21,4.23,3.504,769.4,728.3,5.65,16.5,247.4,1,0
Punjab,Sugarcane,Rabi,Red,3,6.35,26.52,4.176,901.4,887.0,1.62,36.7,342.0,0,0
Uttar Pradesh,Soybean,Rabi,Black,4,43.93,181.01,4.121,635.4,912.7,-30.39,27.0,290.4,1,1
Punjab,Rice,Zaid,Laterite,2,41.91,69.69,1.663,997.7,673.4,48.14,35.6,124.4,1,1
Punjab,Bajra,Rabi,Red,3,15.11,44.61,2.951,1061.8,844.2,25.77,39.2,353.7,1,0
Haryana,Maize,Zaid,Red,3,14.62,66.28,4.535,734.2,851.9,-13.82,27.0,80.5,1,0
Haryana,Pulses,Rabi,Black,4,39.75,232.91,5.86,1029.5,1070.7,-3.85,28.2,207.0,1,0
Punjab,Maize,Kharif,Alluvial,5,46.92,86.33,1.84,314.4,881.3,-64.32,21.3,133.7,1,1
West Bengal,Wheat,Kharif,Alluvial,5,39.07,119.24,3.052,210.4,828.7,-74.61,34.0,238.1,0,1
Karnataka,Jowar,Zaid,Laterite,2,30.48,44.97,1.475,1008.2,744.4,35.43,25.7,155.0,0,1
Karnataka,Maize,Zaid,Black,4,12.51,27.68,2.212,694.5,941.1,-26.2,23.5,303.0,1,1
Uttar Pradesh,Soybean,Kharif,Laterite,2,26.52,76.49,2.884,1350.9,811.8,66.41,21.4,377.9,1,0
Andhra Pradesh,Wheat,Kharif,Alluvial,5,12.06,44.66,3.703,776.8,765.0,1.54,26.4,298.2,0,0
Maharashtra,Groundnut,Rabi,Black,4,40.5,87.18,2.153,549.9,703.0,-21.77,29.7,174.4,1,1
Uttar Pradesh,Cotton,Zaid,Sandy,1,19.65,42.02,2.138,1221.7,805.5,51.67,27.2,260.0,1,0
Punjab,Bajra,Kharif,Black,4,41.77,204.21,4.889,963.9,954.8,0.96,28.8,361.0,0,0
Haryana,Pulses,Kharif,Black,4,19.39,112.72,5.813,1187.2,773.0,53.57,24.7,144.5,1,0
Rajasthan,Bajra,Zaid,Sandy,1,41.3,108.11,2.618,653.4,855.2,-23.6,29.0,91.4,0,1
West Bengal,Groundnut,Rabi,Red,3,17.0,75.48,4.44,891.1,766.5,16.26,28.8,95.8,0,0
Madhya Pradesh,Jowar,Rabi,Red,3,22.29,51.05,2.29,581.1,875.6,-33.63,33.3,223.2,0,1
Haryana,Maize,Rabi,Red,3,30.97,174.64,5.64,363.5,862.5,-57.85,30.8,306.2,0,1
Karnataka,Sugarcane,Rabi,Alluvial,5,3.98,17.37,4.365,985.6,731.9,34.66,26.9,280.0,1,0
Haryana,Wheat,Kharif,Black,4,47.44,237.82,5.013,685.8,974.8,-29.65,28.5,208.9,1,1
West Bengal,Pulses,Zaid,Sandy,1,28.89,36.02,1.247,551.1,631.6,-12.75,19.1,305.3,1,1
Maharashtra,Groundnut,Zaid,Alluvial,5,25.64,102.36,3.993,453.0,1020.3,-55.6,33.7,271.9,1,1
Punjab,Jowar,Kharif,Sandy,1,42.05,152.98,3.638,845.7,899.4,-5.97,24.5,269.9,1,0
Rajasthan,Bajra,Kharif,Alluvial,5,43.36,106.87,2.465,816.0,938.2,-13.02,25.3,120.8,1,0
Karnataka,Groundnut,Kharif,Alluvial,5,26.35,60.93,2.312,679.1,602.4,12.74,23.1,159.4,1,0
Karnataka,Pulses,Zaid,Alluvial,5,46.4,180.96,3.9,631.5,842.3,-25.04,20.7,170.5,1,1
Tamil Nadu,Pulses,Zaid,Sandy,1,3.7,16.79,4.532,991.5,1080.1,-8.2,21.1,332.9,1,0
Andhra Pradesh,Jowar,Zaid,Laterite,2,6.1,7.12,1.166,179.4,828.2,-78.33,19.5,321.3,1,1
Maharashtra,Bajra,Rabi,Alluvial,5,30.04,115.27,3.837,957.7,869.5,10.14,24.6,138.4,0,0
Karnataka,Soybean,Kharif,Red,3,18.03,33.39,1.852,916.3,678.4,35.07,31.0,69.3,1,0
Andhra Pradesh,Pulses,Kharif,Black,4,23.48,39.96,1.702,492.4,634.1,-22.35,25.9,318.7,1,1
Karnataka,Wheat,Kharif,Laterite,2,16.74,68.89,4.116,316.4,884.6,-64.23,30.0,193.5,1,1
Punjab,Wheat,Zaid,Laterite,2,20.53,52.45,2.554,947.1,748.3,26.57,28.9,126.9,0,0
Andhra Pradesh,Cotton,Kharif,Sandy,1,41.22,132.09,3.204,506.5,766.9,-33.95,23.3,91.0,0,1
West Bengal,Bajra,Kharif,Laterite,2,29.88,83.66,2.8,1193.3,859.5,38.85,33.4,54.5,1,0
Tamil Nadu,Groundnut,Rabi,Sandy,1,49.87,211.53,4.242,1329.5,953.0,39.52,32.0,199.7,0,0
Punjab,Wheat,Zaid,Sandy,1,39.45,132.18,3.351,906.7,928.9,-2.39,30.9,168.9,0,0
West Bengal,Jowar,Kharif,Red,3,14.05,81.71,5.817,774.6,864.9,-10.44,28.5,293.8,0,0
Rajasthan,Groundnut,Zaid,Alluvial,5,13.59,37.52,2.762,745.2,983.1,-24.19,24.0,391.8,0,1
Maharashtra,Bajra,Zaid,Laterite,2,17.13,80.52,4.701,373.5,1006.6,-62.89,23.9,122.4,0,1
Maharashtra,Jowar,Zaid,Alluvial,5,42.24,96.58,2.286,728.6,830.3,-12.25,25.8,135.1,1,0
Madhya Pradesh,Maize,Rabi,Alluvial,5,1.85,6.56,3.544,685.3,1100.2,-37.71,34.3,168.1,0,1
Madhya Pradesh,Rice,Zaid,Alluvial,5,11.89,44.76,3.763,641.0,686.9,-6.69,32.7,213.1,1,0
Andhra Pradesh,Wheat,Zaid,Sandy,1,45.29,119.83,2.646,897.9,620.0,44.82,17.3,294.2,1,0
Maharashtra,Wheat,Zaid,Alluvial,5,32.17,108.07,3.359,832.8,1057.5,-21.25,27.6,173.2,1,1
Andhra Pradesh,Cotton,Kharif,Laterite,2,11.73,28.11,2.396,996.5,745.0,33.77,11.1,86.5,0,0
Madhya Pradesh,Soybean,Rabi,Sandy,1,11.35,11.69,1.03,689.1,449.1,53.43,23.4,305.6,0,1
Rajasthan,Cotton,Kharif,Laterite,2,43.2,89.78,2.078,950.7,801.1,18.67,21.9,328.1,1,0
Karnataka,Bajra,Rabi,Sandy,1,44.74,201.35,4.5,802.0,1034.3,-22.46,29.3,136.7,1,1
West Bengal,Cotton,Rabi,Black,4,13.18,63.98,4.855,949.1,803.9,18.07,19.5,97.9,1,0
Haryana,Soybean,Zaid,Black,4,21.32,51.18,2.401,780.6,583.7,33.72,16.8,234.7,0,0
Andhra Pradesh,Soybean,Zaid,Black,4,41.81,127.12,3.04,1244.5,806.6,54.3,23.0,122.9,0,0
Rajasthan,Pulses,Kharif,Black,4,38.66,45.89,1.187,189.6,822.1,-76.94,26.0,181.0,0,1
West Bengal,Pulses,Rabi,Sandy,1,40.79,89.14,2.185,956.4,799.6,19.61,15.6,322.1,0,0
Maharashtra,Rice,Zaid,Alluvial,5,26.16,128.09,4.896,1014.1,742.1,36.65,32.8,126.9,0,0
Karnataka,Jowar,Zaid,Red,3,45.62,183.85,4.03,483.3,749.2,-35.49,24.8,332.2,0,1
West Bengal,Maize,Zaid,Red,3,16.63,33.75,2.029,1256.2,959.2,30.97,26.2,285.9,0,0
Tamil Nadu,Soybean,Zaid,Black,4,8.26,18.88,2.287,805.6,763.0,5.58,32.6,126.9,1,0
Madhya Pradesh,Maize,Kharif,Alluvial,5,35.58,180.9,5.084,768.8,874.2,-12.05,21.6,234.2,1,0
West Bengal,Wheat,Kharif,Laterite,2,27.2,55.63,2.045,892.8,873.7,2.19,34.9,264.9,0,0
Haryana,Sugarcane,Zaid,Alluvial,5,42.8,114.32,2.671,1021.9,757.6,34.89,26.0,120.1,1,0
Rajasthan,Rice,Zaid,Laterite,2,4.52,19.52,4.322,833.1,737.1,13.01,30.8,100.7,1,0
Karnataka,Bajra,Zaid,Red,3,42.26,160.83,3.806,825.2,860.5,-4.1,28.7,235.9,0,0
Punjab,Groundnut,Zaid,Alluvial,5,15.02,49.63,3.304,1009.5,602.2,67.64,30.1,292.8,0,0
West Bengal,Maize,Zaid,Alluvial,5,32.92,180.99,5.499,1042.2,1149.1,-9.3,26.5,212.8,0,0
Uttar Pradesh,Cotton,Rabi,Red,3,2.49,5.22,2.099,884.1,764.1,15.71,23.2,74.5,1,0
Haryana,Soybean,Rabi,Alluvial,5,30.67,144.39,4.707,413.1,791.4,-47.8,37.6,373.8,0,1
Haryana,Maize,Rabi,Laterite,2,36.0,64.64,1.795,545.4,960.5,-43.22,25.9,293.2,0,1
Uttar Pradesh,Groundnut,Rabi,Alluvial,5,18.75,76.49,4.079,1071.2,824.5,29.91,19.4,267.4,1,0
Tamil Nadu,Soybean,Zaid,Laterite,2,11.16,59.76,5.353,730.5,787.4,-7.22,34.8,275.3,1,0
Punjab,Bajra,Rabi,Black,4,27.11,89.19,3.29,650.3,649.4,0.15,24.1,189.5,0,0
Madhya Pradesh,Sugarcane,Rabi,Alluvial,5,41.74,192.91,4.621,910.0,865.3,5.17,15.7,394.5,1,0
Rajasthan,Cotton,Kharif,Laterite,2,16.52,84.26,5.102,879.0,768.0,14.46,21.1,96.4,0,0
Karnataka,Maize,Rabi,Red,3,13.0,21.84,1.68,745.5,1162.2,-35.86,14.3,308.7,1,1
Rajasthan,Pulses,Rabi,Black,4,14.31,64.8,4.529,985.9,819.2,20.35,21.3,197.3,0,0
Punjab,Rice,Zaid,Alluvial,5,47.48,265.86,5.599,483.0,510.0,-5.29,36.5,358.4,1,0
Rajasthan,Maize,Rabi,Laterite,2,18.28,70.98,3.882,366.9,992.5,-63.03,28.8,301.0,1,1
Uttar Pradesh,Maize,Rabi,Alluvial,5,0.68,1.31,1.931,1175.6,700.0,67.95,26.0,246.8,0,1
Haryana,Groundnut,Zaid,Laterite,2,39.19,64.07,1.635,519.3,865.9,-40.03,22.5,378.2,0,1
Rajasthan,Groundnut,Rabi,Alluvial,5,35.11,80.72,2.299,431.1,1060.7,-59.36,25.2,369.4,0,1
Andhra Pradesh,Rice,Zaid,Black,4,6.86,10.42,1.518,718.5,803.7,-10.6,32.7,68.3,0,1
West Bengal,Maize,Rabi,Black,4,49.25,175.68,3.567,792.6,819.3,-3.26,15.0,117.4,0,0
Punjab,Jowar,Kharif,Alluvial,5,30.6,41.26,1.349,680.4,990.2,-31.29,43.6,286.6,0,1
Tamil Nadu,Bajra,Kharif,Alluvial,5,25.29,53.54,2.117,742.9,1063.8,-30.17,20.7,372.6,0,1
Andhra Pradesh,Groundnut,Rabi,Sandy,1,19.42,62.13,3.2,444.7,829.4,-46.39,24.5,200.6,0,1
Uttar Pradesh,Groundnut,Kharif,Alluvial,5,44.98,151.58,3.37,978.4,1153.4,-15.17,25.0,63.4,1,0
Maharashtra,Jowar,Zaid,Alluvial,5,12.58,48.13,3.827,417.6,589.2,-29.13,24.9,275.2,1,1
Uttar Pradesh,Soybean,Rabi,Black,4,14.65,66.32,4.528,805.6,714.6,12.74,22.0,118.1,0,0
Tamil Nadu,Maize,Zaid,Alluvial,5,6.56,8.11,1.236,858.5,778.4,10.29,31.2,243.3,1,0
Tamil Nadu,Rice,Kharif,Red,3,38.08,53.43,1.403,962.2,1008.5,-4.59,32.8,184.6,1,0
Andhra Pradesh,Groundnut,Zaid,Alluvial,5,29.98,39.1,1.304,856.8,884.6,-3.14,31.7,245.3,1,0
West Bengal,Rice,Kharif,Sandy,1,30.65,95.49,3.116,527.9,748.7,-29.49,26.5,376.4,1,1
Punjab,Rice,Kharif,Laterite,2,11.31,13.68,1.209,697.2,681.1,2.36,22.5,220.0,1,1
Madhya Pradesh,Bajra,Kharif,Black,4,32.73,154.84,4.73,624.0,626.0,-0.31,24.9,62.1,1,0
Haryana,Pulses,Zaid,Red,3,38.39,81.2,2.115,406.7,927.4,-56.14,25.5,253.3,0,1
Andhra Pradesh,Groundnut,Kharif,Laterite,2,18.22,103.76,5.696,908.9,791.6,14.82,20.1,164.0,0,0
Tamil Nadu,Cotton,Rabi,Red,3,40.17,137.85,3.432,610.8,1002.2,-39.05,27.1,322.3,0,1
Maharashtra,Soybean,Kharif,Black,4,17.77,57.41,3.232,837.2,635.0,31.85,36.8,214.5,1,0
Karnataka,Rice,Rabi,Sandy,1,38.03,186.44,4.903,772.2,914.1,-15.52,25.0,309.5,1,0
Tamil Nadu,Groundnut,Rabi,Black,4,2.17,9.91,4.566,516.0,843.6,-38.83,29.0,368.1,0,1
West Bengal,Soybean,Rabi,Red,3,27.78,112.15,4.037,499.3,758.0,-34.12,22.1,176.8,0,1
West Bengal,Cotton,Rabi,Red,3,48.49,275.23,5.676,716.2,768.9,-6.84,31.3,396.3,1,0
Tamil Nadu,Groundnut,Zaid,Black,4,49.07,152.68,3.111,471.6,865.4,-45.5,22.1,102.4,0,1
West Bengal,Maize,Rabi,Alluvial,5,14.45,72.85,5.043,1047.2,845.3,23.89,23.5,275.4,1,0
Andhra Pradesh,Rice,Kharif,Black,4,22.35,64.82,2.9,1136.2,716.3,58.64,29.1,62.2,1,0
Tamil Nadu,Cotton,Rabi,Sandy,1,3.62,18.78,5.192,995.8,927.3,7.38,20.1,124.6,1,0
Tamil Nadu,Maize,Kharif,Black,4,43.73,100.47,2.297,887.3,1030.8,-13.92,28.6,271.8,0,0
Punjab,Rice,Zaid,Laterite,2,28.64,70.07,2.446,815.3,813.4,0.23,32.3,66.2,1,0
Haryana,Wheat,Rabi,Alluvial,5,19.56,85.87,4.389,538.0,937.3,-42.59,27.0,85.6,0,1
Maharashtra,Sugarcane,Kharif,Laterite,2,6.08,12.55,2.064,1006.9,826.1,21.89,31.2,151.9,1,0
West Bengal,Jowar,Zaid,Black,4,47.36,101.63,2.146,1142.7,1211.5,-5.68,18.3,251.5,1,0
Punjab,Rice,Zaid,Alluvial,5,26.75,67.57,2.526,715.1,852.1,-16.07,28.7,55.6,1,0
Madhya Pradesh,Cotton,Kharif,Laterite,2,14.5,63.74,4.395,790.9,955.2,-17.2,23.3,218.8,1,0
Madhya Pradesh,Cotton,Rabi,Laterite,2,17.84,97.15,5.447,598.0,1025.1,-41.66,28.3,269.0,0,1
Rajasthan,Sugarcane,Zaid,Alluvial,5,13.9,60.78,4.373,717.2,753.9,-4.87,35.5,190.9,1,0
Andhra Pradesh,Groundnut,Kharif,Alluvial,5,30.29,155.66,5.139,485.6,955.9,-49.2,10.0,73.7,0,1
Andhra Pradesh,Jowar,Rabi,Red,3,46.53,173.0,3.718,727.7,979.4,-25.7,22.3,263.8,1,1
Uttar Pradesh,Soybean,Zaid,Alluvial,5,42.91,57.69,1.345,908.2,914.5,-0.69,12.3,262.0,0,1
Maharashtra,Rice,Kharif,Black,4,23.29,34.99,1.502,881.3,964.5,-8.63,18.6,227.1,1,0
Tamil Nadu,Groundnut,Zaid,Sandy,1,41.41,156.2,3.772,862.7,752.8,14.6,23.1,292.6,1,0
West Bengal,Maize,Zaid,Red,3,21.44,56.59,2.639,189.7,1172.1,-83.82,31.2,122.7,1,1
Maharashtra,Soybean,Kharif,Alluvial,5,12.99,27.31,2.103,812.0,490.2,65.64,30.8,287.5,1,0
Rajasthan,Jowar,Zaid,Sandy,1,49.18,163.83,3.331,953.3,723.8,31.7,30.7,106.5,0,0
Uttar Pradesh,Groundnut,Kharif,Red,3,15.54,67.34,4.332,797.8,649.3,22.86,29.4,187.4,1,0
Punjab,Pulses,Rabi,Black,4,16.52,48.33,2.925,1083.9,1108.4,-2.22,18.0,73.6,1,0
Maharashtra,Soybean,Kharif,Sandy,1,49.49,248.08,5.013,775.1,830.4,-6.66,30.8,336.7,1,0
Punjab,Bajra,Rabi,Alluvial,5,7.13,33.46,4.693,899.3,708.3,26.96,21.9,238.4,1,0
Madhya Pradesh,Bajra,Zaid,Alluvial,5,38.15,178.32,4.675,549.3,759.2,-27.64,28.7,389.9,1,1
West Bengal,Rice,Kharif,Black,4,46.82,277.47,5.926,946.6,621.3,52.36,20.5,379.8,0,0
Rajasthan,Rice,Kharif,Red,3,25.83,63.97,2.476,996.7,944.1,5.57,24.9,399.5,1,0
Tamil Nadu,Rice,Kharif,Sandy,1,0.62,2.64,4.224,621.6,959.2,-35.2,25.6,85.4,1,1
West Bengal,Jowar,Kharif,Black,4,19.07,100.62,5.277,442.6,895.5,-50.57,28.1,262.3,0,1
Haryana,Pulses,Rabi,Red,3,6.02,23.47,3.898,687.3,742.6,-7.45,21.0,192.7,1,0
Andhra Pradesh,Groundnut,Rabi,Laterite,2,21.1,104.4,4.948,550.5,1078.9,-48.98,30.0,236.4,1,1
Rajasthan,Maize,Zaid,Laterite,2,39.61,121.68,3.072,949.7,967.3,-1.82,18.1,158.1,1,0
Maharashtra,Wheat,Zaid,Red,3,22.22,87.81,3.952,677.8,588.3,15.21,36.2,66.8,1,0
West Bengal,Cotton,Zaid,Alluvial,5,21.88,27.97,1.278,979.6,820.9,19.33,21.5,297.7,1,0
Karnataka,Maize,Zaid,Alluvial,5,28.06,166.37,5.929,409.0,676.5,-39.53,14.3,388.0,1,1
Andhra Pradesh,Groundnut,Kharif,Laterite,2,29.29,146.47,5.0,592.9,1070.8,-44.63,25.6,236.3,1,1
Andhra Pradesh,Pulses,Rabi,Alluvial,5,42.89,229.19,5.344,609.0,782.7,-22.19,23.5,165.4,0,1
Karnataka,Jowar,Rabi,Alluvial,5,15.76,70.49,4.471,868.9,643.1,35.11,20.5,378.4,1,0
Uttar Pradesh,Soybean,Rabi,Red,3,41.17,79.47,1.93,280.9,828.1,-66.08,34.1,177.6,1,1
Uttar Pradesh,Maize,Rabi,Red,3,28.51,32.94,1.155,731.3,1088.5,-32.81,30.5,370.1,1,1
Karnataka,Soybean,Zaid,Alluvial,5,15.38,81.85,5.323,708.9,979.7,-27.64,28.8,349.5,1,1
Haryana,Wheat,Kharif,Red,3,15.11,45.05,2.982,890.4,771.8,15.37,20.3,235.0,1,0
Madhya Pradesh,Groundnut,Rabi,Sandy,1,18.38,42.62,2.319,812.6,823.9,-1.37,22.8,286.9,0,0
Karnataka,Pulses,Kharif,Laterite,2,31.32,119.29,3.808,561.4,999.2,-43.82,22.3,295.1,0,1
Madhya Pradesh,Groundnut,Kharif,Sandy,1,11.93,37.02,3.104,235.3,1059.2,-77.78,15.0,274.4,0,1
West Bengal,Cotton,Kharif,Sandy,1,46.06,196.12,4.258,607.3,617.4,-1.63,27.6,106.3,1,0
Haryana,Jowar,Kharif,Alluvial,5,28.96,99.01,3.419,483.3,873.0,-44.64,28.1,292.5,0,1
Rajasthan,Cotton,Rabi,Alluvial,5,46.04,206.55,4.486,497.9,796.8,-37.51,26.7,51.1,1,1
Madhya Pradesh,Groundnut,Rabi,Sandy,1,2.8,14.73,5.267,616.3,776.9,-20.67,27.4,298.5,0,1
Andhra Pradesh,Cotton,Rabi,Sandy,1,17.46,34.53,1.978,1004.4,1051.3,-4.46,19.2,244.2,0,1
West Bengal,Sugarcane,Zaid,Black,4,1.63,4.31,2.647,482.7,646.8,-25.37,20.6,140.9,1,1
Andhra Pradesh,Groundnut,Rabi,Black,4,13.98,44.5,3.184,336.3,970.8,-65.36,24.1,331.3,1,1
Haryana,Pulses,Zaid,Laterite,2,43.17,250.83,5.81,655.1,507.7,29.04,34.3,191.8,0,0
Madhya Pradesh,Maize,Zaid,Sandy,1,2.31,6.54,2.827,730.4,741.2,-1.46,33.0,220.0,1,0
Punjab,Pulses,Zaid,Red,3,22.09,64.18,2.905,713.7,855.1,-16.53,29.1,59.7,1,0
Haryana,Sugarcane,Rabi,Black,4,6.32,26.97,4.267,635.1,653.3,-2.79,38.1,190.5,1,0
